delivery_id,route_id,distance_km,num_turns,intersections,road_type_encoded,time_of_day,traffic_density,weather_volatility,past_delay_t_1,past_delay_t_7,actual_delay_min,is_delayed_30m
DEL_1000,202,18.355400690893276,9,16,2,2,0.5722545278693496,0.4954426718080301,6.753665395515826,2.359459422974811,47.50295982364505,1
DEL_1001,448,29.361632457077093,12,46,0,16,0.9437116041161981,0.40689542065546164,11.826751587556169,4.866449432380469,60.36674607828314,1
DEL_1002,370,20.535347915148762,8,28,1,23,0.5500045320295557,0.3143744596426778,1.408751284566868,19.525715568450845,48.44074963118613,1
DEL_1003,206,23.639041650732363,11,26,1,1,0.36251945108618433,0.16939031730160514,5.8890971924073,0.3710351882307722,39.596047624725266,1
DEL_1004,171,37.95862391657008,26,38,2,5,0.18311551250752175,0.2799691851808399,2.2911642180662954,30.38244910910742,66.40369607200226,1
DEL_1005,288,44.67481170497207,12,55,0,7,0.7073508303692884,0.05170737052262525,12.367889213428883,6.0612268782914605,75.09283478251416,1
DEL_1006,120,10.467292598949443,7,14,0,16,0.8592422124832854,0.2592953894553676,9.236865378280433,45.79068269557156,63.965153201067146,1
DEL_1007,202,33.55876654193212,15,35,0,23,0.1232347387094718,0.18357547921485237,4.60963513626075,14.502193672097686,44.19367043980171,1
DEL_1008,221,31.196471341000933,19,42,1,5,0.1393239927263756,0.3440840288767141,118.257584925661,35.803894100421026,73.40751090927587,1
DEL_1009,314,10.328676762916935,3,11,1,11,0.31185799197388087,0.1236196931656875,2.495678838976925,0.8220475479296026,24.26929465131157,0
DEL_1010,430,14.53524486980491,5,17,1,20,0.5132417740170048,0.3631389002730837,26.18585766182013,15.362224347149445,48.60412855312783,1
DEL_1011,187,18.99511226297061,8,27,1,15,0.2555138845219693,0.22512096187266803,0.5462415003670863,24.997801090886277,51.2234704984098,1
DEL_1012,472,12.511898186787565,5,16,1,5,0.4830629316206101,0.07051358815984213,28.143835091223394,52.64660877010982,72.75122469582787,1
DEL_1013,199,15.96782671359538,4,27,0,1,0.12787198142425796,0.574893705202291,9.722404990650318,0.407695997121462,19.47110941650862,0
DEL_1014,459,17.04203594877684,13,22,1,2,0.2968662506423826,0.31745517097358944,26.42050328849628,1.0416438480438575,36.26491769745559,1
DEL_1015,251,20.105322486757682,17,30,2,8,0.958669120105397,0.6979496496337325,20.62671641080259,15.787090471236937,96.76665314561733,1
DEL_1016,230,38.722570376052154,15,49,2,18,0.9701415282511041,0.02437648584047455,12.751728481613188,0.4764447738744926,83.40996372084794,1
DEL_1017,249,30.73604917327703,15,29,2,9,0.7094549881388496,0.12975556867637694,6.967879259672381,0.1372069193390878,74.44097067650605,1
DEL_1018,408,49.381100237813065,21,45,2,22,0.2628078557362016,0.162421775487551,16.42732612173924,9.451383715510056,74.48492359342029,1
DEL_1019,357,23.663112213536195,13,37,0,12,0.5944313303917933,0.2813651401847574,26.805884238041585,9.046590870597477,47.205674082521,1
DEL_1020,443,38.923928322661624,24,48,1,19,0.8477326547079462,0.2783238203977999,10.496719254511705,11.407503696117185,76.87729902399045,1
DEL_1021,393,44.21607896194402,31,54,1,12,0.10061694971357396,0.023954835878311743,8.038765314334693,0.17019931063266236,63.82594095098845,1
DEL_1022,485,35.554032186711886,10,42,1,19,0.8637404985375148,0.1996355578702715,2.312906004430286,8.397148615791822,84.0771400577411,1
DEL_1023,291,23.53391331878732,5,26,2,14,0.5170503185287119,0.5383342962862965,33.98625175722306,4.053967091311458,63.276034693253315,1
DEL_1024,376,38.91175838355888,15,46,2,12,0.36693769060927006,0.3672298131554403,4.6653539484630535,16.929989081249193,62.523416281566355,1
DEL_1025,260,14.165021199770818,8,16,2,12,0.3749803877223399,0.35417210934761495,1.977637276491537,5.136316073241197,37.313164462790226,1
DEL_1026,413,19.739847433105957,9,24,2,5,0.32384981148655856,0.3084152642427117,1.0277391331346668,5.291779651196146,45.41877707174643,1
DEL_1027,121,29.600836479467993,9,36,0,17,0.7027033002060454,0.23334472257573222,20.841319842591297,12.743906930509004,66.57656053765734,1
DEL_1028,352,30.893422427876676,21,35,0,6,0.11369837891908383,0.4783903933263036,16.858769015975668,12.969226313299659,47.271088871187914,1
DEL_1029,335,5.996366396268326,6,5,1,2,0.4108665305863247,0.248728539032976,1.9253161487956825,0.7208360740676728,19.679004306561005,0
DEL_1030,444,47.53013849402039,31,62,1,0,0.4833631682262628,0.14368972136522346,11.329880669875674,11.802137119809979,82.89506472209472,1
DEL_1031,148,36.348227204782546,23,36,1,11,0.4950889215520963,0.33922756203753,2.4854281817876727,12.870152118584972,68.14017713595533,1
DEL_1032,158,27.306668760435098,16,34,1,22,0.41231806992240805,0.22555819502034166,7.257209358949657,7.33932934844251,56.89601549008486,1
DEL_1033,269,46.990725548373874,23,66,2,4,0.27063862482116796,0.14788260952327553,22.908773331416374,21.113729976395202,79.11504121087323,1
DEL_1034,287,24.759300436287283,12,27,0,10,0.1113048342409487,0.0697791983240485,3.8783726864784165,0.10970101380395642,39.385195777421025,1
DEL_1035,370,49.11960066216673,26,81,1,11,0.5478897736285645,0.06717831985696214,0.42159339664881146,41.44558884898336,94.84361642118844,1
DEL_1036,289,28.052814075956828,14,23,2,22,0.31452310918870263,0.3676387998042878,3.2227406344090017,5.65973855400422,44.69097385314172,1
DEL_1037,274,10.142859649909076,4,17,1,15,0.40058772433203826,0.13837250327660053,7.674762221652947,10.867128530127811,35.81488338381556,1
DEL_1038,150,39.41604376066748,21,33,1,0,0.19727803759051102,0.364314717885571,4.149793164153158,0.41913991012231877,49.35435454097355,1
DEL_1039,463,35.55039762850282,22,39,1,20,0.17097785896294612,0.21615676064965303,19.214029326491783,14.809074388028655,48.28217554661843,1
DEL_1040,154,39.7844024587514,22,47,1,17,0.9238813202363076,0.20110472522678288,23.351213606815133,9.415275383981914,82.70684003068793,1
DEL_1041,343,47.814891292655645,21,59,2,0,0.4993826026091942,0.2806043196762022,4.126486881197432,38.73655146485963,95.58161526616195,1
DEL_1042,419,39.942018619295816,15,44,1,21,0.42323035663623776,0.37697811388831776,4.692384037495062,6.589199988269838,58.98196814145421,1
DEL_1043,230,32.510147099749105,17,45,0,4,0.41057962947459203,0.36729290497023254,12.317183129989761,15.356135868215233,67.1811079015995,1
DEL_1044,406,43.57890060623784,18,51,0,3,0.5596988738436568,0.13002578766944903,20.94610784547565,0.9255247496296737,66.56902540001565,1
DEL_1045,234,35.29608977095392,16,50,2,0,0.17935611960975953,0.5783891063831423,48.04834956451269,0.8004880905178009,67.62512166377807,1
DEL_1046,120,23.36535755716654,10,30,1,14,0.18513467590580304,0.2722349484985625,5.361946343254551,35.71296478335026,52.488021335580854,1
DEL_1047,428,44.852889390879795,28,56,2,4,0.19473457476717013,0.3305404435108887,36.298772907301505,3.505175106757748,76.68234865793694,1
DEL_1048,266,14.98552073529678,1,6,2,6,0.31168471513264484,0.45644439458028135,3.0089919978822075,29.21900429035798,38.7923667700775,1
DEL_1049,373,37.15885737089259,19,50,1,16,0.9081042921692275,0.059194051441859616,0.6289010345060094,1.100428223509426,86.92384290824582,1
DEL_1050,487,44.670355472334066,29,55,0,19,0.8389626864168049,0.5176025309457885,23.588889235313943,12.184691251455602,85.5124365377275,1
DEL_1051,188,37.909243386648335,14,38,2,5,0.3952938682684536,0.21329789582740588,9.76897410018353,9.62440096372409,66.06524352695232,1
DEL_1052,415,36.37739385742356,17,38,2,12,0.42907144893172755,0.5596664045276337,1.199549727830503,40.63989579125207,81.85260064680854,1
DEL_1053,113,38.86872323323262,18,52,1,23,0.5488811718074064,0.6048903341289785,1.1064108087137174,6.210437089002374,90.46626286917072,1
DEL_1054,341,25.927486173528997,10,33,1,22,0.4121094777318487,0.5601637523679834,0.20568150042533684,0.5954099369793963,44.94473182480242,1
DEL_1055,364,44.33768069706617,11,49,2,14,0.21489983891766087,0.359032576154943,5.486277732736837,7.711243012950096,56.83171973785987,1
DEL_1056,445,14.154641381124105,6,15,0,6,0.45245703416576977,0.17559510780751955,19.940962159499847,20.85990862788085,47.425446116423075,1
DEL_1057,152,10.732388720015269,4,15,2,23,0.48494538705694934,0.3712127179023978,16.41843258725233,0.6467018164643964,51.560772121205304,1
DEL_1058,485,17.84789510533302,13,23,2,6,0.4176723116074137,0.3264812452782069,120.14610741292793,0.44239361776531083,66.86491686507776,1
DEL_1059,439,28.92098285487469,17,31,0,12,0.23678473172116196,0.2252082755229703,13.518502359201035,20.694904505875396,49.348133524271375,1
DEL_1060,191,27.975280793420215,17,35,2,3,0.29995892479677,0.20538966607589818,1.755968665013312,20.845562966035942,62.035007203134676,1
DEL_1061,466,41.9269440954464,14,62,2,21,0.33529620382337033,0.12532699919697962,57.595845769483454,2.6774068290524906,76.23892179499323,1
DEL_1062,363,23.20558953818078,6,31,1,17,0.8239375339927897,0.2723700089036049,17.7122215307595,12.856969345360266,67.050262569477,1
DEL_1063,134,26.79549918311789,6,23,0,7,0.7170111301552436,0.08076705586763125,7.0269313096226185,0.7971652248851474,55.9147343920226,1
DEL_1064,305,5.601545746672803,5,9,2,18,0.9843111713268421,0.12452868162668167,4.255247463375687,17.409252652917473,59.43280746752245,1
DEL_1065,180,23.438265639932258,11,24,0,15,0.3497258720364279,0.3130089782130964,3.7686455637027567,4.369517553365036,40.32733444769956,1
DEL_1066,149,34.1498404827654,11,41,2,19,0.7748961947768173,0.3200640696351682,46.93319129342098,3.1443584395853827,80.88715276976764,1
DEL_1067,459,5.697874878196648,1,9,1,17,0.8600608610306649,0.22954854612767295,8.155939475253158,13.58517236583172,50.931111968586315,1
DEL_1068,487,17.639688433380968,5,16,2,15,0.22317243213492852,0.48924323641607936,10.006540094914824,29.10498237426002,51.396353247856226,1
DEL_1069,101,14.358036168022547,7,15,2,15,0.33350715492880445,0.19348664573143873,27.191883430262024,0.5086905739687327,48.321966661504945,1
DEL_1070,489,6.88934430093147,7,8,1,1,0.11637608826617898,0.0721819324392588,49.807044425689796,1.8621276302532697,26.433110670581716,0
DEL_1071,153,26.566704046154186,13,38,1,13,0.1963607610998491,0.11937918845382639,0.06604546183521241,3.544204175136781,42.16774973269808,1
DEL_1072,205,13.177548195267043,4,22,1,21,0.4466224959167887,0.3192548503324303,69.44695272610342,31.539298354482753,66.28899548607373,1
DEL_1073,359,38.4386692834121,17,47,2,18,0.7209959530734578,0.3358591793231576,1.1769092058203785,25.162388710804215,80.38639421248125,1
DEL_1074,409,43.156754769350684,21,38,2,15,0.4140745804820556,0.46407877279220855,27.194897948088258,28.524140421513067,78.33576282032712,1
DEL_1075,290,29.55133322011165,17,35,2,21,0.10103444571716999,0.22324688955780359,45.03186372545468,5.704967441994635,61.71594669960393,1
DEL_1076,317,49.17683041345137,24,68,1,3,0.33250466289783176,0.2694992250047581,12.352720354858862,3.161817973491965,71.89744404001874,1
DEL_1077,143,25.27153571617679,13,26,1,12,0.4606718203616439,0.34681591663939,12.034841069782626,2.553285802919084,44.67771209575962,1
DEL_1078,261,28.101569460121198,8,43,0,7,0.8727460068623207,0.3489201471688022,16.5851832913908,25.640078872576915,75.73907401272572,1
DEL_1079,301,49.514798928098756,23,66,1,2,0.3464180880462069,0.3616191253965572,6.527228396016478,3.155444609248864,71.6990358389683,1
DEL_1080,369,15.419679618427196,7,29,1,23,0.5202662348693133,0.6403287247027455,2.7192926395012478,9.081712627440051,70.07950845486846,1
DEL_1081,450,47.414567285460734,30,55,0,2,0.5012956773608285,0.07951403171470056,1.0308500894696047,4.836922641578658,74.10329435588162,1
DEL_1082,403,6.927689980360096,4,7,2,4,0.24788538853375494,0.3539514109827639,31.942236672051184,8.292243846608038,39.34118247434837,1
DEL_1083,370,25.087410061843766,11,28,0,10,0.5373668119558394,0.46135803064496633,11.888797065462317,5.091500999347982,46.44156550122501,1
DEL_1084,314,8.15015804598796,4,12,2,12,0.4201414899046281,0.19605471360882232,17.766014591095523,4.1598249399338325,44.83947925492819,1
DEL_1085,351,37.81556343111394,15,44,1,1,0.15209232404317988,0.30365436882435787,6.053178415631114,6.689201079180397,60.38290026221628,1
DEL_1086,289,32.3784021146008,18,33,2,5,0.5695563982979402,0.4980991786209398,24.67664024217579,4.8582432023553555,66.78667894884558,1
DEL_1087,395,36.79854185604184,16,52,2,6,0.1883383707669287,0.28982645747754654,6.459926638653816,21.967847713774187,58.92594791708775,1
DEL_1088,312,21.851617998560762,11,24,2,23,0.33518047364814696,0.11171447030259855,0.45319497417619076,10.428781787951902,52.705913751870625,1
DEL_1089,307,21.626687031412114,10,19,1,3,0.33318269277254986,0.18662346153629514,6.162542232561733,2.3254496753319387,40.41484187888744,1
DEL_1090,336,7.0393675532402575,3,8,2,8,0.9863601187929015,0.40124958574063374,28.489425343868685,3.2293970229590094,58.83238068767086,1
DEL_1091,437,20.74752227883379,9,30,0,17,0.7288671812233902,0.5245050200500037,31.298620520595065,0.6604899778719294,51.81294026725131,1
DEL_1092,466,46.817978101792676,20,53,1,13,0.21645391481936846,0.10684964212518276,40.93573060485442,4.274762802054358,81.89687154186532,1
DEL_1093,152,22.065194173120204,7,19,2,23,0.27622124425881733,0.13873811591058421,10.381569788053014,13.286442741808237,37.94698135220687,1
DEL_1094,379,42.41154677998865,14,44,2,5,0.17229510231537618,0.5639581671885356,47.057104519332825,2.424782767152091,58.91719648171179,1
DEL_1095,316,42.90464771374703,26,52,0,19,0.7636716699051525,0.22748721540129968,10.372583254346665,1.2536956562991146,80.78947307358864,1
DEL_1096,351,21.795852037065522,11,23,1,1,0.512533677621878,0.5970283786397663,2.50703985329682,4.6458817387120686,43.670217073918444,1
DEL_1097,287,33.43949061782851,12,34,1,3,0.4753606701635422,0.2889588543914398,10.458441527617994,11.377161703013888,59.90287652962687,1
DEL_1098,479,9.291722102287638,2,9,2,14,0.3213417433144221,0.23906257107151,30.444261149161186,7.681649364814643,32.27054926898992,1
DEL_1099,140,9.665536133042442,4,14,2,2,0.14795464192146365,0.09560929274443437,23.10496493628111,4.84502362292717,30.704485526853183,1
DEL_1100,256,7.189594864777099,6,10,0,3,0.32496087168497656,0.03981266189752148,8.538827271131437,25.74202924578053,29.64931895685288,0
DEL_1101,114,31.145679201879926,15,45,2,3,0.24722784687240093,0.6425582642667175,3.5842044146610563,7.585927717074091,70.67185444508586,1
DEL_1102,400,24.173193993174365,11,34,1,14,0.48895961021375567,0.15626731568540655,13.052547884468618,7.28466146311712,54.900080813970376,1
DEL_1103,164,29.661456049890806,14,36,2,10,0.1483196672217086,0.2882577679141497,40.15380501213543,0.38602398541744215,50.143368133503316,1
DEL_1104,444,28.448293572877454,20,30,2,22,0.32568427687252854,0.4934198583012814,2.9309599980626726,12.237929326057355,60.72618963742925,1
DEL_1105,426,20.759134599082863,10,27,0,16,0.88343745168928,0.19104697332479753,26.320442124863042,7.379684374543733,59.018443520778234,1
DEL_1106,108,35.486303667056276,19,45,2,14,0.5928626266065277,0.08579871161606499,2.390645338481125,1.8809284192864566,73.46973758746317,1
DEL_1107,443,39.13258464123758,24,30,1,20,0.14480406559603634,0.0539697373149558,37.811280100638946,3.3524275794470855,60.404847348050914,1
DEL_1108,228,5.658271649495407,2,7,0,2,0.15698023608348302,0.6575955118721614,17.726135703696166,2.71323107620418,39.02956389916364,1
DEL_1109,235,14.325903489599524,12,19,2,22,0.5940245801082504,0.5233242671087495,1.734216625636245,1.5626467264880806,57.81835313695979,1
DEL_1110,162,37.095614063750155,19,50,0,22,0.3028125772314515,0.3547997744478073,3.392687550243506,6.862658146258678,45.39339937794935,1
DEL_1111,238,22.39790776852254,12,30,1,23,0.47185715359907243,0.31668395633009133,39.24336111082469,5.417236327778604,50.41806727921521,1
DEL_1112,180,34.81177761237237,19,54,2,9,0.8807639919040713,0.27078635855612737,10.625935964657945,5.357752548520514,78.89694594044799,1
DEL_1113,491,20.613319688055128,18,29,0,3,0.25727970460645677,0.5244316287528397,9.063062102962613,3.4766605008013656,40.38013261298843,1
DEL_1114,262,22.58398185483367,6,27,1,12,0.20715010347060028,0.3106483322258367,0.9005809732883117,6.881490944445383,30.402902472502618,1
DEL_1115,388,12.140549316035822,6,22,1,1,0.23804560002636152,0.25807254970219556,1.3167353348903619,9.51622026168619,28.93814633198561,0
DEL_1116,478,16.6203958849772,6,22,2,5,0.48219671251907403,0.11329333328216656,17.64772811274621,11.345600035154881,55.52573132533843,1
DEL_1117,360,32.243529087841424,8,40,2,18,0.9798662180150604,0.3622572180787794,22.504305387978107,2.9788546231605246,86.98441292070042,1
DEL_1118,330,24.492340009182488,12,28,1,23,0.44975246858564855,0.3636425085378578,30.261826493632537,15.616531521227913,45.98633230085546,1
DEL_1119,140,39.84362073250678,8,47,2,7,0.9212743388445814,0.2228907641888947,10.481741997207955,0.32881290211409864,82.65704978871888,1
DEL_1120,127,43.366322972225426,22,54,2,5,0.23128172837926106,0.28558588272436153,5.97526312061789,16.656682158992936,66.30100715121114,1
DEL_1121,234,29.374088819754192,10,36,2,19,0.9196223105726525,0.35031980120440753,14.733358533862628,3.9916110267949723,79.05937442635488,1
DEL_1122,300,39.12202814252266,18,44,1,13,0.5572633098146229,0.4914092844862235,14.469619368082174,5.544441941047927,69.63736981836121,1
DEL_1123,427,18.81070309375565,7,13,2,7,0.931764046753627,0.12177005044192907,0.5292230421745748,10.430347764691343,65.04063439282582,1
DEL_1124,367,23.67370469300352,10,20,2,5,0.26168810370967843,0.21627184689647905,41.904807893151116,11.313199559485456,61.49022559347458,1
DEL_1125,132,37.074995429757394,17,50,2,11,0.2639704080351881,0.19196616499937727,15.431827908628096,6.560639381230579,64.45622127831959,1
DEL_1126,147,22.37953967676638,17,30,1,8,0.8932912217260545,0.5918008474973468,0.09734373744361603,33.34790807804339,73.60055146406125,1
DEL_1127,161,31.482722082154496,15,33,0,6,0.31328702629226046,0.16363303576073393,48.14658710563524,23.450670797659978,57.43654978208552,1
DEL_1128,315,13.341775058713017,14,12,1,12,0.38636140424733045,0.25630652052915814,45.75312883901492,3.059273080512191,37.460248799907674,1
DEL_1129,392,31.98970917367241,18,46,2,15,0.31115887018178434,0.11942592771603353,43.759293815230784,10.667322986311566,59.867143699473,1
DEL_1130,198,43.768116825210214,27,49,2,7,0.8302490175196432,0.28821107689092257,32.9597046469262,15.317877140524969,97.14240117348197,1
DEL_1131,271,44.08878379205415,24,54,2,13,0.1944268844278638,0.5139149129735952,3.0618100146091667,2.934606390670643,65.7862556887827,1
DEL_1132,459,37.59549828482928,21,54,1,15,0.16977085971686492,0.2865388952259611,56.69709740676795,0.22347308350340167,68.96292285257367,1
DEL_1133,313,38.55890205842567,14,56,0,19,0.8815060073813262,0.28562890296794147,21.528012344903253,44.56029898379902,85.19057399928444,1
DEL_1134,134,30.106735031781533,12,51,0,5,0.2403082283519182,0.26212326259566193,15.356344569258063,38.140990313307945,57.99364273201528,1
DEL_1135,326,31.310064057462114,15,25,1,22,0.1857042951554839,0.24214060129459247,42.88412846973512,4.634087077735824,59.028549219786356,1
DEL_1136,200,11.01427616347331,4,19,1,3,0.22897521334775353,0.40998765375533014,7.196865096847401,3.279273873305196,34.3989026985883,1
DEL_1137,230,24.97366347895855,15,32,2,3,0.13790200474991834,0.512188466638257,40.185162579649294,2.0155531778949998,53.93311578693198,1
DEL_1138,356,25.28493277488637,14,28,0,2,0.27077968149653353,0.3416122255759749,13.959059030410494,13.944214238022015,36.102897435864804,1
DEL_1139,104,48.132402605048306,24,59,1,9,0.8233017289281104,0.2223260568146576,12.987435418384196,16.892259295519267,90.38416698101636,1
DEL_1140,317,24.398908818048024,14,25,0,5,0.5722857074705596,0.35699970844262197,15.574817028175042,6.545052658959316,56.36867483860905,1
DEL_1141,354,29.720419020624092,11,48,1,17,0.9061373171638705,0.3836649854514549,21.046136308592324,3.3376834954859667,79.34554323850374,1
DEL_1142,497,28.99631296755961,19,28,1,12,0.11551148958584942,0.19907253702475927,8.829648210346232,7.146231524534469,46.10971368318936,1
DEL_1143,458,33.654277266994725,13,45,2,10,0.28118219166773684,0.4833546807788575,59.140561389711934,8.716957332667238,72.30776366293048,1
DEL_1144,382,38.670477409935316,23,45,1,3,0.5086121437283501,0.1311410195096304,1.3902645483139078,9.407472315486563,66.42323667322982,1
DEL_1145,492,15.126884427689246,6,18,0,7,0.7683280922622256,0.4145461287259851,36.770458890796235,7.030199505630281,51.95005475839039,1
DEL_1146,306,28.792598859429607,19,32,1,2,0.24586533529487156,0.3056648830410051,16.068887027640372,0.04488883490750281,68.85986827068581,1
DEL_1147,114,42.166296829221366,24,48,2,11,0.5594975705560896,0.037569311693458535,36.10527327379211,7.658858645816042,85.80329317850439,1
DEL_1148,445,25.840162122688017,8,37,2,12,0.24861463909731554,0.1619782939681203,6.901037638293067,5.119135269639586,53.710908385512504,1
DEL_1149,141,17.530589586810784,7,25,0,23,0.5851308419602278,0.1482586473431541,26.491264754162625,9.758367342449464,48.666684396084435,1
DEL_1150,479,34.46190839103346,11,48,2,22,0.5163178702154161,0.15426185510090018,14.356226344999229,0.8628327354807463,67.50287316852165,1
DEL_1151,278,42.06953281096053,14,45,1,22,0.44212495948668784,0.46626050595071905,26.677512650851938,25.362361153477714,70.88344250392153,1
DEL_1152,162,7.841313181732609,5,9,2,10,0.3991631367064433,0.39688483769562294,5.896136088497975,24.995710812499063,43.480670931464495,1
DEL_1153,451,39.95557175332522,20,47,1,8,0.915477444652038,0.39173083707186096,37.38824600351799,9.964533897646373,84.45248415595613,1
DEL_1154,330,41.974156983279705,16,47,1,3,0.46519921838756995,0.11335906004602823,38.70294498946781,16.03267648076198,79.12446490916324,1
DEL_1155,340,25.768531741487305,13,37,1,10,0.2735690649606426,0.13347090010975357,9.66030728146229,6.912985964519198,63.451700327570904,1
DEL_1156,151,49.24875455683103,18,60,1,7,0.8029332916306678,0.2681213254952949,7.670258301905218,10.707956572513302,88.43859792407567,1
DEL_1157,195,40.40187533182891,24,34,1,17,0.9562008903916763,0.3885867362263774,12.841843450885476,11.537785251085129,79.07241420562198,1
DEL_1158,487,39.81481542030496,16,57,0,2,0.24807705497036295,0.3692243570292397,3.350611175476507,5.241399835487989,47.44867492752045,1
DEL_1159,321,38.65273584854323,14,39,1,3,0.3645597339555864,0.2954670477921157,10.283924485351818,38.891056617126175,75.22854757304424,1
DEL_1160,330,11.777364644822331,2,20,0,16,0.9594390932496303,0.6818356029524405,34.06931920924768,11.07385499885585,73.28209060159809,1
DEL_1161,336,14.775389890385487,6,29,2,15,0.27175657755079474,0.18360629359795558,6.816112232085539,55.91743790673435,57.261667794967714,1
DEL_1162,242,25.879555915899125,14,39,2,6,0.335964977578598,0.11441207557861954,19.979865402549645,6.795442010501706,63.20041174046468,1
DEL_1163,270,16.880195748175964,9,24,1,1,0.47246306705215146,0.393099587207962,14.637535545152508,0.3942554171510555,47.20770966730563,1
DEL_1164,128,23.68584375503182,14,30,1,4,0.3296627820923377,0.313013087389444,4.544781126921983,4.321949069650199,36.14231853413319,1
DEL_1165,135,44.98088494653143,19,59,0,0,0.3530782358622162,0.05757682689721483,11.381786796064803,12.624903893918756,61.31574396113722,1
DEL_1166,112,42.094710134567116,25,54,1,21,0.4505730406052215,0.14500401446817987,28.718180087072202,28.94123464109903,86.80111650282804,1
DEL_1167,259,33.3517945315992,14,37,0,12,0.520807401581523,0.3732426360096913,12.142481009523621,11.459263728314038,53.01352515633536,1
DEL_1168,426,43.61541774129966,15,59,0,11,0.36343188892867595,0.5316581820512291,17.90263654246905,7.6585379040097425,63.55827777432552,1
DEL_1169,286,40.26975750577621,22,54,0,18,0.8140793599721158,0.12315854609852615,22.400793097702113,1.0102750361771444,74.53529100167015,1
DEL_1170,342,24.30432193284007,12,29,2,21,0.2767237217456645,0.5948077363294657,0.7599228827016085,1.876427141950938,49.257843573015144,1
DEL_1171,185,14.04793184224753,7,16,2,7,0.7122351039868325,0.15844342575466064,0.7892188566077191,0.6594234926690268,53.27251568546208,1
DEL_1172,383,28.139046800420264,11,31,2,7,0.887483641640784,0.17137155071656227,1.8318362604504905,14.903518994758874,77.91560983459658,1
DEL_1173,165,38.13029971378476,15,38,2,11,0.1878748683195645,0.053565934492189285,2.668974133949401,21.34077041327026,55.1039037009037,1
DEL_1174,269,24.638881942831684,14,30,2,3,0.5499839262482564,0.46431286368236485,25.025295868848453,2.1558223835481067,58.26457627641365,1
DEL_1175,144,35.004735940275374,20,44,0,6,0.2932870914311583,0.48139045737881153,8.579509972428863,4.720642348889217,39.70276311784525,1
DEL_1176,161,9.244734183096963,3,13,1,15,0.44907432738661734,0.1089517565718041,3.073344112962004,7.826542723958597,31.149851195466525,1
DEL_1177,233,38.66021313671315,27,44,2,21,0.385091761244969,0.501122877532375,11.38296653104743,1.8488197449397932,67.71947240160712,1
DEL_1178,383,41.57211289518779,19,53,1,17,0.8365829129127123,0.213775634720935,21.616976176758467,6.458183030895387,87.98218886728588,1
DEL_1179,127,36.807703510124355,10,41,1,5,0.4545393536731489,0.26478003140563044,2.263454064669971,40.874075808364765,58.224255092246246,1
DEL_1180,207,48.52686143868645,23,50,1,17,0.8012041751292438,0.39894538136825913,6.333125039177674,15.239136864231806,96.8741424381605,1
DEL_1181,143,42.19934258572882,20,52,1,3,0.5912362153981031,0.19526832181180753,3.2419576612204977,2.19167707432419,67.8260062900854,1
DEL_1182,439,45.639217754444225,29,59,1,20,0.30806383321802644,0.29851438884011094,15.592769937778664,1.2485308224308793,67.73396772784628,1
DEL_1183,385,47.01069875559416,25,54,2,8,0.9594069962443619,0.18546012433414535,2.2072400113527464,7.068708835753883,100.32353219224824,1
DEL_1184,430,41.06065963432138,21,53,0,12,0.5374336683182448,0.40676680129138526,22.78680719872407,53.02541027334346,81.87647148067717,1
DEL_1185,227,35.341647890292464,13,35,0,18,0.9948397477962752,0.5873647645863039,3.4945564918464185,18.916830030164746,80.13424165326573,1
DEL_1186,447,5.257336161235518,0,3,2,11,0.19457131636326877,0.19513716554546745,0.9058390522520834,4.162790229455973,18.774193564181733,0
DEL_1187,330,25.962158895040613,11,26,1,15,0.16645513654298563,0.12391237160932035,36.264657255900644,0.31958662327368526,39.15986412065006,1
DEL_1188,289,30.702303438006247,10,36,2,4,0.589126106591862,0.19334869031613933,6.079254001955929,6.357836916615726,62.594628933468165,1
DEL_1189,324,18.681362260159982,4,29,2,1,0.23517961777128524,0.25113936081095917,10.479796822634082,2.0999189408217918,36.24822314089562,1
DEL_1190,484,19.314700110656243,11,22,1,2,0.4786972499142511,0.5449576061173799,1.5969529700299636,2.385522133284869,45.94756166066187,1
DEL_1191,476,48.252173706957436,25,59,2,12,0.32483357723941886,0.09792295097131508,9.793376093750387,2.1251164937260825,79.91133108698358,1
DEL_1192,382,45.12698893412357,20,53,0,20,0.22028768735229706,0.5997423345675762,3.7762861807197723,15.258785287431946,45.55894700505856,1
DEL_1193,220,43.21305524757669,20,58,2,6,0.5566668998034865,0.20848158184877794,27.524248393524616,0.4379938529475256,86.6804787370282,1
DEL_1194,215,23.27053107677498,7,30,2,12,0.3319037508715562,0.5874824378570325,18.763578717328436,9.981544050626711,52.68860293098877,1
DEL_1195,332,5.616434768401154,2,4,2,15,0.38297769690954886,0.43023127016434326,16.328711082538945,16.757148953972855,45.42654766657019,1
DEL_1196,358,8.610001090507133,5,7,2,21,0.2112467417620125,0.10853095035345782,22.79816535744037,2.0410518033121705,33.38836064596943,1
DEL_1197,458,19.048836569792165,12,26,1,13,0.26207615633243997,0.17039649927542388,5.216114315567313,26.811382817496,48.348235978155266,1
DEL_1198,297,5.708431084805464,2,6,2,17,0.9999277559473729,0.032117614069220646,9.067399105927986,0.9762704226945655,51.10401768498882,1
DEL_1199,236,5.771740186183915,5,10,1,12,0.271522386331993,0.12541206405988742,1.3582385851011334,13.775118140623686,33.927732288162325,1
DEL_1200,417,46.2471485739085,28,71,0,13,0.35297927500783965,0.3932178059996537,1.0528680787562354,2.2643904478064294,60.61187295777729,1
DEL_1201,264,36.77713259535743,14,44,2,8,0.7132620184493742,0.2556001687223781,5.986838389278201,19.680731967138307,78.87736312269202,1
DEL_1202,324,18.90301955306687,12,33,2,7,0.7827914724947473,0.39242805353135196,25.95250706579399,10.166712832464544,81.31177668993679,1
DEL_1203,406,10.969005992042892,10,13,0,4,0.4687908157036398,0.3823494865621703,13.657054874299439,10.675956262082787,41.01938711470794,1
DEL_1204,333,28.02360730527847,15,31,2,22,0.4803724269956835,0.27339526571818545,8.288006701467854,5.096188303386175,57.13311900678271,1
DEL_1205,271,5.2405772384464,4,7,2,6,0.18909259903102568,0.20441087088735965,51.164279255561816,3.9965512652111643,34.136100178635616,1
DEL_1206,251,47.22861847361648,26,54,0,15,0.34757807638199933,0.2121689515864692,8.755501678833097,7.468263098296163,68.20225121504635,1
DEL_1207,414,23.666680372502626,12,28,1,9,0.8552227906046821,0.059651492593812194,9.49148889462109,17.01162591251945,75.25121257320137,1
DEL_1208,473,23.105072985679975,10,26,2,21,0.257544538899103,0.14648072799971845,73.45225645092904,2.2102447781957055,51.89701055305276,1
DEL_1209,259,22.576712341180198,17,20,1,2,0.27400976038346303,0.05568672852605453,2.1124444969105562,20.33142122757149,50.26005925787334,1
DEL_1210,195,8.119774867449415,5,12,2,23,0.5568450867683746,0.1547487572458469,4.427931791187429,7.843377393096887,43.773763420927104,1
DEL_1211,332,33.72450079063219,14,48,2,16,0.7639174161760793,0.15106282242535907,9.058014890776715,7.222446219871372,72.61421569400561,1
DEL_1212,279,37.985162883275905,23,42,2,9,0.7194530288946844,0.06568774129041417,12.704692727293901,0.2008513269515868,84.089803329225,1
DEL_1213,212,35.42564289147306,18,43,0,10,0.35838437552666225,0.10916285953964841,2.4039832066394626,1.5913452871612974,47.09101540996906,1
DEL_1214,417,11.229597199822745,5,13,1,19,0.948267611801046,0.2545035319065962,5.98082639177801,6.787028913052193,51.39504389849633,1
DEL_1215,151,31.047807561601665,13,42,0,9,0.8761562090483593,0.46561575784080206,3.731994487869058,47.749782997414044,81.01769818944777,1
DEL_1216,367,30.626801787751422,16,36,1,17,0.8758223108012622,0.32233290751335486,28.446407877721782,3.4545803369632524,78.28034338291883,1
DEL_1217,394,44.07848545736219,22,59,2,20,0.43591292205681675,0.2686498108084793,26.99263495086474,0.12370089147479256,76.91963899844819,1
DEL_1218,485,22.060744626904114,12,34,0,22,0.4246428750967035,0.4132775940788101,4.113340176504612,6.869115156995413,37.351430079837044,1
DEL_1219,486,21.71686746467454,7,31,1,0,0.5045216945159168,0.17756865774683425,8.56198415025903,0.19299147519065085,55.91149965175744,1
DEL_1220,212,32.83371764231835,15,46,2,3,0.5640271007978861,0.3316584441820564,15.817888467589846,4.917681563713941,74.58556497989676,1
DEL_1221,200,33.488269407478086,19,42,2,2,0.2947650094516632,0.5521240015451917,0.7404249334713445,5.24450384155732,61.20738335454078,1
DEL_1222,212,26.117835229660567,13,36,0,19,0.9623019325376064,0.2527190859471912,32.26188754843002,0.02827066551404528,66.98965351602564,1
DEL_1223,180,24.93767130486895,10,30,1,5,0.587569495081917,0.5385735162808514,10.731618854468996,18.14598992072275,57.05995061453266,1
DEL_1224,286,27.23664517870472,11,31,2,5,0.43221242551825745,0.36462092790905337,3.853198572361853,29.281709790450137,54.96853788067558,1
DEL_1225,212,43.747038477649035,31,47,1,16,0.7146706532315312,0.17989916829118818,7.581478384237238,80.31612120306843,104.17114509610764,1
DEL_1226,101,25.75251055642595,10,27,2,18,0.7980187497737828,0.1987805431587087,34.791455870823384,8.530397223014642,68.25218556328426,1
DEL_1227,229,47.29693063864201,27,58,2,16,0.7656738069039554,0.046210586910147525,0.37643193773005906,4.394109745831626,87.32272799666592,1
DEL_1228,319,27.680169361834672,10,45,2,16,0.9746751951018866,0.25093491656566475,2.3110950344071233,15.167847640178504,93.90822882846939,1
DEL_1229,153,47.714031193140116,22,47,1,16,0.7533993719097548,0.3535296193636628,3.211620681097148,16.002731169553506,98.08073411187412,1
DEL_1230,442,42.477435584108406,18,56,0,2,0.5421235070452662,0.07370612529280757,0.9299222921272241,5.720730049141514,64.95939764150579,1
DEL_1231,323,21.30940951771231,6,35,2,13,0.35575509792959914,0.3067415495712705,3.828335064353184,10.0050676734406,46.310738515129984,1
DEL_1232,324,43.86386395834772,27,53,2,1,0.5768235531014027,0.5633108804844557,25.48682634011321,20.696201625469417,95.04173651055127,1
DEL_1233,484,9.952847789050185,6,15,2,3,0.2606612221075636,0.2926870912491919,11.23233190181309,2.516428397251114,33.13734308659543,1
DEL_1234,225,46.62712289043565,22,52,1,22,0.11862231513171614,0.16509014758821833,13.949488501954532,0.2482245704037339,63.563670365769994,1
DEL_1235,229,33.423958178730125,18,31,1,17,0.9477602781101813,0.03793445977076661,2.5419990101506147,9.31043095774683,79.60398679023206,1
DEL_1236,152,7.4475836835040035,2,9,1,1,0.20853521630741248,0.4258881438322326,4.892502361398205,13.101745863833317,31.836083211896696,1
DEL_1237,271,33.99155256428652,6,43,0,11,0.41998485039184197,0.37851171740932077,37.42221602077476,10.26723096603249,62.887443250739814,1
DEL_1238,317,48.84114443651403,26,54,2,14,0.19054394834721175,0.10356530948540378,3.5441922914133217,10.883343356073784,66.51230074140608,1
DEL_1239,259,8.141029457658302,5,14,0,12,0.2907492619775698,0.6941539961798397,35.58604161442346,5.992553891659493,49.213094799386695,1
DEL_1240,297,29.960946940103884,15,40,1,10,0.4976934120677573,0.17543937437741608,16.32460017831492,12.649223038303784,64.16381489356316,1
DEL_1241,346,38.65074573917176,13,44,2,6,0.16237950756402628,0.22205348904987204,10.480619858614638,0.5250550317642207,62.1333428114823,1
DEL_1242,423,41.46163640147891,19,47,2,8,0.7271400943359885,0.37908653645878526,2.8664872570928734,1.9669631800117562,88.544886703235,1
DEL_1243,302,23.622235939435814,15,30,2,14,0.36998511485569796,0.3940278257269065,16.794493005857106,7.0613030232448795,55.64284762260032,1
DEL_1244,283,14.187495162570935,5,24,2,2,0.44903450965692315,0.10046994975642255,32.625721551195355,34.373941968763305,58.42591695813356,1
DEL_1245,222,6.905402544757273,5,10,1,9,0.7522329107396181,0.29525869947469924,2.611387963495,12.41048870602934,50.570596198442594,1
DEL_1246,354,31.087677069375115,14,42,0,7,0.9201240624458655,0.523048154525885,0.09297631442756932,5.2672422055475785,70.80875300361187,1
DEL_1247,393,25.380998162042484,14,19,2,5,0.573089438889134,0.2826666201278829,20.2096320127358,7.348968511419088,65.21918272916626,1
DEL_1248,379,47.693497781736994,34,55,2,13,0.2222630214743365,0.3980981262241507,13.761649850124831,22.421179491823395,81.0246046512279,1
DEL_1249,424,7.7272208471709405,6,7,1,5,0.2709106341675863,0.6031307158785468,10.49011788717721,9.382945243237657,35.48317408689207,1
DEL_1250,471,35.84279045507026,22,53,1,18,0.951613744240953,0.38373005228610413,9.13335581678355,0.5886047653743387,85.6586775404306,1
DEL_1251,197,6.1234799954025725,3,6,1,8,0.7530426274697564,0.7524710273646809,10.325274386724669,6.4720547094193295,67.39363104731707,1
DEL_1252,297,12.714537951974423,4,16,2,8,0.801721897935346,0.12530289883410253,7.040054014001897,5.892860716493777,56.640385349129645,1
DEL_1253,494,25.411054996527536,9,31,2,19,0.7858761851731769,0.21262691401300007,1.2887896726591874,27.61780238556001,75.82848302507513,1
DEL_1254,339,25.46925992612907,16,29,1,15,0.10885569643357454,0.15798376263839153,22.423165063320447,4.373234985986423,34.98125040315527,1
DEL_1255,243,35.85652443201398,15,41,1,12,0.2402219787018995,0.6172915324251436,9.46199462668947,0.8025681508164628,71.97588123063201,1
DEL_1256,196,45.95958656904905,18,49,2,12,0.17916875276977537,0.08621610487126781,26.14062773930483,5.258734661313605,62.87378083705264,1
DEL_1257,300,33.756447151171436,13,43,2,11,0.12558740837439872,0.11265369169714773,60.445846186452556,0.5386831771205746,51.037790178170354,1
DEL_1258,223,47.9090794033179,21,61,1,21,0.48803985962213803,0.45637956826786996,2.826604554798161,21.42632277764807,81.66691148169316,1
DEL_1259,286,44.67270379450989,22,49,2,20,0.16565605137688097,0.3721615047670803,23.66064737287783,10.70523449397238,70.43979784733229,1
DEL_1260,425,31.30249079888556,16,33,1,19,0.8296722344821692,0.4888022112999677,56.925740071998234,7.604423949576232,73.4287661427736,1
DEL_1261,448,42.52063779134723,15,55,0,1,0.588728438732214,0.19011575605355774,19.334086104296873,5.352540078287344,61.416142102890724,1
DEL_1262,358,33.91599246456353,16,44,2,3,0.30457671268699293,0.20842921153800884,4.23482518010577,6.488342830828639,52.539310316986345,1
DEL_1263,247,8.535102391567722,6,7,2,6,0.17075319461029634,0.11249999290023431,34.02069278352327,18.60503278312136,29.94612315290989,0
DEL_1264,351,38.325412546677946,9,45,1,18,0.9799550255430302,0.423514261277744,23.641698410636227,2.381627119999296,79.31194045126571,1
DEL_1265,445,9.270879857030579,3,6,2,2,0.5049708539945209,0.4956021652961729,8.948732866543583,0.8894273693022272,42.739809429506785,1
DEL_1266,246,31.733725125637058,20,38,2,10,0.23957534853608328,0.08506092656772808,12.749389126167918,9.898904004919626,61.709023516747635,1
DEL_1267,247,36.6188092636203,19,40,2,18,0.8789610362258005,0.33318373814724667,19.197814289886352,23.499965543362535,89.37079284753473,1
DEL_1268,451,7.993742369488485,4,13,2,13,0.2357605393664252,0.1544596724223414,1.9947567638721495,9.912925642095509,22.80502413579339,0
DEL_1269,298,15.385759426693928,9,19,1,16,0.8514556168381491,0.6938827315786955,39.25613740871331,19.084746480938243,90.8569130404372,1
DEL_1270,407,46.20525045177424,21,49,2,4,0.1624018097717327,0.3160988720430847,65.66348368850956,26.79212972635367,83.90099754464131,1
DEL_1271,227,32.73415215048034,17,34,1,13,0.31391147438431566,0.058348214471759675,6.019089104509411,0.9600545564998157,47.41568455770904,1
DEL_1272,138,16.082870846473924,4,15,0,6,0.36024697258277805,0.14495104769029354,18.83346434190122,10.675206212814448,29.17640825326733,0
DEL_1273,437,36.0805897016603,15,46,0,11,0.4626417886745695,0.12670798460909247,8.204688530674822,21.45969711626524,61.40073057307043,1
DEL_1274,459,31.854938898276032,17,37,2,16,0.7928864916295509,0.28782646413465807,0.42190542912904994,12.378392643555664,72.7418588169525,1
DEL_1275,228,27.57090649630768,12,33,1,19,0.8206049009230546,0.1527016423104101,47.80952496982184,10.7442957207258,66.56618700883544,1
DEL_1276,366,48.928413874463764,30,59,1,21,0.19214553395579345,0.43472954006164694,2.3028932911775835,18.618312549568387,63.460974000276266,1
DEL_1277,250,35.7554199833379,18,46,2,20,0.43062327447079796,0.442730640133082,1.1685072259173572,14.741809608150287,63.89418830533573,1
DEL_1278,397,21.89484993505607,10,31,2,17,0.9296680787713936,0.4059144935217882,27.22749566380108,8.356776941646872,83.21666525844037,1
DEL_1279,198,41.00330444345906,14,44,1,0,0.33903996057896435,0.17126207843691502,0.5168145579700606,0.5403875265747482,50.88635800135596,1
DEL_1280,362,44.80624818145345,26,67,2,10,0.36227876520277824,0.24303936310009228,17.46585179658969,11.402424215219707,76.95582825039962,1
DEL_1281,351,10.634925178257415,3,5,2,3,0.11363171169326866,0.2411490537300214,39.90520663954247,2.876996430424291,32.172333385597966,1
DEL_1282,243,14.024884003036991,3,13,2,11,0.13517834800646936,0.07417434518723104,7.817852691086974,3.5177456155068363,30.188521434747713,1
DEL_1283,445,14.730215410750086,6,15,1,4,0.5196359054845783,0.7390048515623098,1.0619946270048484,13.656121716488897,58.586665267648485,1
DEL_1284,211,36.10453142239432,18,47,2,14,0.24339417904338748,0.18955916972057232,3.6941191657543957,7.2417619643566,57.57370807451398,1
DEL_1285,159,32.13677997739775,15,39,1,19,0.7465661513135718,0.661440970142511,44.44146042759145,15.138372674338443,106.464973549741,1
DEL_1286,468,32.85462041143647,22,22,2,2,0.42020311345422945,0.336806527655627,9.393155381048151,5.9819987357149955,64.12992410392776,1
DEL_1287,101,47.334798486027545,20,65,2,14,0.21035731325019716,0.16256120842132965,11.69234509843157,24.485573719020167,77.96892274204676,1
DEL_1288,484,39.916018976328765,24,65,2,7,0.8966933244975174,0.4287497885361906,2.5451277813066038,6.6838653917259006,96.33742320928368,1
DEL_1289,403,10.757161603030243,7,9,2,21,0.31077051473549255,0.16166333963804358,37.51863210444907,8.170436006678191,38.134339886394564,1
DEL_1290,353,20.637818709133146,12,24,2,10,0.12949834672268853,0.5041075771303288,10.920128341828722,1.6198082666998808,44.43901091534521,1
DEL_1291,239,24.592714077908102,9,35,2,11,0.5584851252027956,0.3641611234484015,11.289020269914209,8.403634077340238,57.18981704560538,1
DEL_1292,136,22.81827149364222,13,22,1,2,0.5700544457245142,0.37686775389497557,12.871998925842274,3.290089135983882,50.97950367384138,1
DEL_1293,259,35.118887412284565,18,44,2,5,0.32410008223600706,0.13716501489735508,21.8749183828358,17.27537069660741,65.84012594007554,1
DEL_1294,108,45.135189646545314,28,58,1,7,0.8381422866385747,0.16353358028893417,3.4026243226910733,15.0230320568536,98.40323496984487,1
DEL_1295,332,18.77231585852546,11,22,1,6,0.3352872973222011,0.4316304072045292,42.7951548027376,0.19164006612973528,54.018256160248626,1
DEL_1296,198,29.834471138953354,9,40,2,16,0.8230947263113884,0.6241928665849399,2.892944413420475,8.17016859710375,84.48443262953153,1
DEL_1297,246,40.523423986111354,24,48,2,15,0.2988986582420359,0.29048247980905473,3.298762714099924,0.557479086450853,66.82359092628228,1
DEL_1298,403,23.72981264804072,10,26,0,21,0.13683277434309513,0.19083272623536815,0.1872870267493902,10.107597035678618,18.59459556814906,0
DEL_1299,307,12.565315777968314,7,15,2,16,0.9099119283851611,0.19310565210710423,0.29820804080016844,27.829321818821448,71.78550734507186,1
DEL_1300,230,26.372793436868673,14,35,2,12,0.2378567750553641,0.25988855195387395,8.401331524745645,24.22412027865061,51.28238438974273,1
DEL_1301,251,7.485013433436281,5,16,2,3,0.36032974162014075,0.19969076578612524,3.0312240891728695,3.353632117024522,37.64727088912102,1
DEL_1302,153,47.40725543010246,29,53,0,9,0.7145575690236609,0.2234216060702227,3.57198865559969,1.8114629012470758,81.80949782671827,1
DEL_1303,219,8.366954233773786,5,6,2,15,0.36231823120099904,0.02655949351257395,66.25341788901683,18.788754842603723,45.04693584801041,1
DEL_1304,260,24.730552186276018,11,20,2,18,0.953885043641548,0.36510835508332196,39.742624250285346,9.480728397111921,85.40522152607197,1
DEL_1305,215,28.844656748983677,10,49,0,6,0.562596087603017,0.2614706985500079,5.8391561240355,6.61621376476281,51.24035640425676,1
DEL_1306,174,49.338672452927845,28,50,2,17,0.8521620802330341,0.4368840532282543,6.304672027141594,19.960247472399672,89.89732792736004,1
DEL_1307,212,12.470982063928735,8,19,0,12,0.1500332479089639,0.04203519234899698,5.1817520291606645,3.492436413000201,23.18174368402124,0
DEL_1308,203,10.149418337556135,6,10,1,3,0.27052739309260276,0.13403289636678986,32.08546217780721,3.052644148071061,34.91724213358604,1
DEL_1309,439,5.391776617814461,3,6,0,20,0.12303356671548324,0.5910674730181994,1.5518669749250364,11.358892985463253,18.814238435173955,0
DEL_1310,353,12.000714659118604,3,13,1,17,0.9759760655038122,0.26638537401632195,13.159152457662163,3.819100717116352,51.28116494001607,1
DEL_1311,326,14.327284058045043,8,24,1,15,0.16117160792622084,0.38205181957716516,3.092499429649858,6.678041796023445,18.81592984819393,0
DEL_1312,211,33.376142371239155,20,33,2,17,0.882098943249846,0.17212869344774678,21.291755302133073,7.279551329825262,82.3646404054242,1
DEL_1313,198,14.886805567613019,4,19,2,15,0.2527539418817274,0.2746522099522018,14.969010068385806,2.753316903951931,35.60719323680283,1
DEL_1314,252,5.923436662819634,4,7,1,21,0.480791701245067,0.3563840519321417,7.361512444282368,0.7640314293242001,26.948922500360112,0
DEL_1315,448,42.19782554761199,27,56,1,23,0.34112764136023355,0.09585770346175479,1.5489248936179527,17.46403039113765,65.51511208012602,1
DEL_1316,483,21.451806545178506,12,29,0,22,0.524092645427283,0.2067647748863516,21.877090943772412,18.366821801511726,51.44450864045626,1
DEL_1317,465,20.916350896133025,13,33,1,21,0.5706741894295447,0.13132080698891885,1.2024805092759772,10.946675508881542,44.62210220320128,1
DEL_1318,437,18.611556312556694,9,22,2,23,0.584762434128456,0.11101462760876588,4.797761733343381,1.930613423496697,49.119539075520336,1
DEL_1319,293,48.89179747158894,22,54,0,20,0.2300981762478235,0.1796694017528545,4.388313445557387,7.760047273041936,61.56541770196825,1
DEL_1320,409,12.655193778917667,2,13,1,8,0.8639149935256292,0.08592198508651601,12.9599202814683,2.3507095664148134,58.79248695922899,1
DEL_1321,262,45.42071287789558,24,44,2,1,0.3190554101473,0.2545209654630213,10.814963238986385,25.57118866528849,69.03880323953979,1
DEL_1322,307,39.95614994629496,23,52,2,5,0.31308657817033314,0.13395764919058634,4.922203294871364,14.339705706587438,69.41205707566732,1
DEL_1323,268,8.441597997469088,3,5,1,22,0.5341152071212918,0.8167107045961243,8.441659732343446,0.38255237686657884,67.53085600515958,1
DEL_1324,260,49.40280956753819,29,53,2,20,0.1728344516176157,0.5620659681205179,8.600269123062674,0.020007580739776123,71.99573196461498,1
DEL_1325,167,17.211468359255477,6,19,0,5,0.33890515397802945,0.6666080927245429,12.784236622469253,49.44401384811448,68.17001823911227,1
DEL_1326,388,9.436231716008555,4,13,2,5,0.3964416198569103,0.14844630410612084,34.27688533828968,0.48795033876742155,35.826963692594006,1
DEL_1327,497,42.31914053565917,29,51,1,13,0.13306171353871002,0.3576293485051724,2.2960877467695173,24.10643084830045,70.8177600962577,1
DEL_1328,376,36.800399015496495,15,54,2,10,0.5322571270973938,0.28623219280422135,12.236391441375217,37.432609422214895,78.55855520911427,1
DEL_1329,403,32.774846264505534,19,58,1,16,0.8968302899567049,0.5274075132727768,0.2782528978979039,4.41983040708574,76.34774860705203,1
DEL_1330,483,12.019138866451993,4,13,1,3,0.42840982369301983,0.0855471922745113,17.97088639585957,9.321908445343979,42.12082061333562,1
DEL_1331,491,26.532325231518286,25,35,2,3,0.5640400007977497,0.5394196606698055,15.341191206196536,12.509330035915518,70.67434808003142,1
DEL_1332,234,40.12502120992462,21,48,0,18,0.9980501972064393,0.38844115603393836,17.763321210400346,8.818305332899792,88.15657460729011,1
DEL_1333,294,18.66307721647281,7,22,1,23,0.543005267379723,0.2489389432313963,9.663720367308771,2.882014212952912,50.546387494470935,1
DEL_1334,227,19.026042283176864,12,25,1,21,0.13477234110531014,0.27617042005512993,3.1027504110740676,10.445331447002955,37.89179537728131,1
DEL_1335,132,5.141340772165496,3,4,1,22,0.34636733704036826,0.12705484983114643,8.915311340812057,3.5917265552666024,24.089446144818986,0
DEL_1336,275,12.84095307404208,5,11,2,15,0.38241606284250884,0.4296209247245084,0.35821382431535476,2.164203487972906,46.11678302012165,1
DEL_1337,470,44.39325313048254,20,52,1,7,0.8538727513132538,0.3826096386753955,7.205312757035583,8.45108141684373,103.68907173812121,1
DEL_1338,474,24.87859212369682,14,37,1,18,0.8573525445863919,0.20673104047539942,27.355731298084727,5.582558910909425,73.92936220317875,1
DEL_1339,121,49.29055246554953,17,70,1,19,0.9950403602588958,0.4154549822815654,6.200640378966407,0.3335086801624077,99.58919615127932,1
DEL_1340,337,22.806858360820666,11,27,2,0,0.17299677543471623,0.24223875039146636,13.438287612929765,35.871700884279996,55.27197912340156,1
DEL_1341,257,37.183390465110854,16,50,0,3,0.13380640360632998,0.2747433516534646,4.539196482138822,0.48432291854445236,41.94981922958434,1
DEL_1342,137,17.68635693071281,8,14,2,11,0.3346596039523564,0.322206068158682,2.1618262555249776,27.99106783380011,48.92884206094229,1
DEL_1343,329,21.371433851342008,7,23,1,20,0.4001876430108652,0.27852447216269005,11.038394222015413,2.524746523404495,39.86750031062636,1
DEL_1344,464,13.582669441590259,4,13,1,18,0.7959224894555272,0.31728216555363165,0.5462906699598745,1.8358887546241816,45.17439101266615,1
DEL_1345,150,20.617806582472774,8,29,2,1,0.4493127136923165,0.3484687349370493,35.22631409859467,0.8600654651737545,51.820170356709326,1
DEL_1346,363,29.62568841892894,11,29,2,5,0.39569538074267874,0.6308038359597229,22.52099746652426,6.655339332361546,78.89739093162812,1
DEL_1347,382,49.629779644066225,27,60,2,19,0.9314275863472369,0.33130525045253684,92.624084616754,10.607697030246843,123.24621136845133,1
DEL_1348,126,34.88907708823035,14,41,2,21,0.17602218340733264,0.43057154452263313,74.8289149869154,28.087753827337096,73.59367773683891,1
DEL_1349,325,13.966067948374132,9,16,1,2,0.4036366123848558,0.02341379918639017,19.583774471700348,18.375760124117917,44.90146131214387,1
DEL_1350,376,7.023264871619801,3,5,1,2,0.21147451967726658,0.17720636910032606,22.487978205575864,2.0868651825061577,28.373137912544582,0
DEL_1351,385,10.686041659152977,4,11,1,0,0.45330254610350884,0.24165279991902316,11.264553412713228,2.203120924604642,29.611055759453727,0
DEL_1352,196,30.31498405728713,8,39,0,8,0.8105869079150778,0.42365754098894887,3.6989361840349706,0.09832614168563315,55.59666670662785,1
DEL_1353,383,39.43221479675449,17,40,1,6,0.26981791170760083,0.1993147549922672,24.785807312678052,13.970162802956656,60.61865572408247,1
DEL_1354,466,47.318864328533614,18,57,1,8,0.9876523681824791,0.15458657841902343,4.714366894021794,0.21160599754389994,85.63409634887965,1
DEL_1355,416,5.712042739856937,4,9,2,0,0.5155185399447226,0.40187669764112816,15.746691598427168,1.7896374142662432,46.75051502756048,1
DEL_1356,403,28.52420637028414,17,33,1,7,0.8862244362954286,0.25864081758713175,19.688797649652752,12.079471019944023,71.3308819708577,1
DEL_1357,246,26.189031030042955,11,30,2,17,0.7614569300580842,0.2871540315810106,12.461721980055676,1.9540151506104597,65.16815536527638,1
DEL_1358,103,34.52247598890668,14,45,1,2,0.5790999305821214,0.1346319375895799,16.30296180339863,1.9957260934470584,63.02966083578592,1
DEL_1359,134,30.181048450940388,12,47,2,16,0.7433454705740079,0.32842975518834977,5.198988983509649,3.198926487221327,74.24187142204336,1
DEL_1360,291,35.91676177621163,23,51,1,6,0.5035296439088763,0.10740522436638351,21.439001318358795,5.838686233207088,68.56877577927612,1
DEL_1361,148,34.61371631371357,14,49,2,10,0.2113758249409712,0.696407155391258,43.115495549447246,0.09476638315472287,75.2506085144491,1
DEL_1362,116,10.265527618607578,2,12,1,4,0.31221932401791475,0.048544837266161746,9.924892271864682,16.44800073737948,36.04120766398041,1
DEL_1363,271,40.98730611284238,26,52,1,12,0.1341043656203242,0.3216827372711021,1.9341730219015567,17.837288290711662,60.14411707495792,1
DEL_1364,319,10.545465907234618,5,15,1,10,0.15469974410991424,0.402626801986784,14.502645482547702,5.482570535857177,23.93969703032093,0
DEL_1365,257,36.433878134411174,21,51,2,2,0.2104795218793887,0.49245523318000833,6.264877732173996,19.2012084485054,66.74798162945075,1
DEL_1366,145,23.726541543827302,9,40,2,12,0.251617315443906,0.3027585775387129,8.14779346574508,4.021840667814014,53.97093602724366,1
DEL_1367,472,28.123283055946906,23,31,1,19,0.9259037010323474,0.17490153758719856,2.4664907253941184,50.964457712124414,91.58172261189775,1
DEL_1368,105,45.648410646906974,20,52,1,5,0.3110442825880225,0.5990386895471217,14.74397736013814,6.084637783664946,64.0102422757889,1
DEL_1369,198,45.044767691306895,17,69,2,21,0.44893789146698004,0.1657448413764161,23.2145403146309,13.260993275543814,83.59461669041845,1
DEL_1370,479,41.80353375447633,12,52,2,14,0.5522235883663089,0.04844844492721538,21.814740611786938,4.671192314729831,67.80413023579102,1
DEL_1371,332,27.956677120534547,13,27,1,1,0.22302841589900493,0.23766419234796538,76.44710895804465,7.192185322551383,57.19299458240479,1
DEL_1372,136,38.13079145602249,21,42,2,22,0.17236109754189763,0.13253993948748496,3.5776052342104245,12.430501587583418,59.39670418825834,1
DEL_1373,379,28.080367498346423,11,23,0,1,0.2216290987474551,0.34177712940817795,36.82597874176816,5.123790001216122,38.75086148880093,1
DEL_1374,448,44.13227371136499,25,55,2,13,0.5412108435035244,0.23367040644950277,19.78619129468543,12.826043659802206,93.358226349165,1
DEL_1375,401,23.124912495480494,17,31,2,1,0.4328430171150205,0.10670072149414102,18.43861572734835,1.894096921622982,55.44194719783942,1
DEL_1376,280,48.66059049866946,14,49,0,4,0.3256675616202397,0.3203697491885546,17.268733211717127,7.9340289205681325,62.82923489232698,1
DEL_1377,194,46.95452412029949,31,54,0,15,0.5101413734166209,0.20384804863198513,11.59469673116997,3.8236206350502977,73.13451490314606,1
DEL_1378,198,38.372117875330346,23,50,2,7,0.9537538150322076,0.18101274687029464,7.137903494800489,30.313003563499723,93.17771957829497,1
DEL_1379,287,17.57371478792324,5,23,2,7,0.9574780742433212,0.21803300637234432,43.0618047952139,20.89533041839327,72.51075537285355,1
DEL_1380,215,10.924411495696628,8,10,2,10,0.38361004601114523,0.17966241032862135,2.4569769072894605,8.019571547121025,36.91139617516521,1
DEL_1381,290,43.461655254193886,30,49,1,12,0.4950313786262096,0.04072641454087423,2.9034453966570903,7.256143796684072,75.52372583611364,1
DEL_1382,352,12.438602876208257,10,8,2,14,0.22977925845757327,0.37429943635541263,0.2528385335248572,21.54842945034204,29.602483582579353,0
DEL_1383,260,43.44173550488011,24,54,2,3,0.2050171692554413,0.04311580030423923,20.170668605546894,14.071632552288095,64.47945636605627,1
DEL_1384,355,27.08442530205622,20,35,2,22,0.336987349669555,0.26592130585704277,33.66262972894374,13.798384572721002,61.84898956600165,1
DEL_1385,422,23.29505527136469,13,25,1,7,0.9513242272589466,0.28036427558849025,3.0877439127561463,9.535636310121875,68.97961759615215,1
DEL_1386,227,45.64358504754931,27,47,1,15,0.47390587378922033,0.08579590864056089,0.5253949294329063,23.7973228968251,77.20983983696568,1
DEL_1387,117,32.173294214312506,18,39,1,15,0.3886654611622202,0.07667518658870098,4.197771022326016,2.521241256442378,53.64755004451425,1
DEL_1388,380,30.9476303208373,15,35,1,23,0.3562706045444738,0.3223417067122504,32.26963609802545,23.75612034547963,60.02411726577728,1
DEL_1389,322,30.144467508097893,14,41,2,20,0.5361317067600464,0.4072916741995142,0.24473445721787734,8.826173012754818,58.46105046487241,1
DEL_1390,153,21.702628220878914,11,23,1,9,0.8347012178822526,0.24094516496603102,1.5996964773008804,11.653002536644095,64.6921542338953,1
DEL_1391,157,40.353939658810724,31,48,1,1,0.1746348959785393,0.4958034941618057,0.3795895243579571,39.37583070184788,70.14392977198509,1
DEL_1392,422,16.375929980709785,12,21,2,17,0.7209011700439673,0.19715855797486861,43.01009922329199,6.6302607965616955,74.54448313152388,1
DEL_1393,459,47.250273201857375,22,46,0,20,0.2606352775028603,0.4265797121954547,2.1841142801461366,13.232602458360873,59.128049698540515,1
DEL_1394,273,45.229334227113235,21,47,2,15,0.5010347190074691,0.1541857255520996,34.60164881163658,8.860999415381832,81.37132788503324,1
DEL_1395,379,20.18661465537042,10,21,0,3,0.4595183920856274,0.138830569054899,9.62081067957878,32.1896112187172,43.770499750585486,1
DEL_1396,213,37.82586964242487,21,51,1,19,0.7811399062686599,0.5240471495608034,7.53438547631471,8.024863176470017,79.3452922436752,1
DEL_1397,387,30.795043750231617,14,25,1,18,0.7605314025577976,0.2129228094365299,8.340277733782479,3.5506993576194628,62.17860733566677,1
DEL_1398,441,20.19421858996556,10,18,2,7,0.868065966118369,0.19778783505466732,8.136530326862852,7.91035467770682,65.7096570641215,1
DEL_1399,250,49.4834741597951,24,45,2,19,0.7602580219240473,0.7056901056718146,6.2721291386906275,29.831963348927037,118.48405408340595,1
DEL_1400,226,6.135680563171889,3,8,2,22,0.11603744746601466,0.3128305995636856,24.97420431568687,8.334928436486207,30.234799316078817,1
DEL_1401,254,16.3690713779579,5,22,1,7,0.9511678990235335,0.3237475496603936,10.639017688654093,1.895873215451886,59.06132351926362,1
DEL_1402,485,28.403332750001766,9,35,1,13,0.47798720392662997,0.02029006378989603,70.62586030957488,9.360355100621469,69.27668475746158,1
DEL_1403,372,28.487885156535373,12,35,1,15,0.1571946214065841,0.17650713986845573,10.940059317527723,5.884421297219623,37.227829192693406,1
DEL_1404,203,31.501988372550386,16,31,2,5,0.44188052028321034,0.19166947137632323,25.595371950613686,12.590120372841557,78.08793531215508,1
DEL_1405,492,38.82542774103137,18,46,2,17,0.8692257201080391,0.15312407564932112,20.503077959546278,3.3146088273815004,82.09610743766531,1
DEL_1406,398,33.05650237336834,12,42,2,7,0.93117685244881,0.19726392313439756,7.689975926198219,4.668487189358186,76.93395576610436,1
DEL_1407,345,32.012665723761664,16,47,1,18,0.7717796599358797,0.1282616641575652,23.312558176950485,8.72231314631894,61.3087306215551,1
DEL_1408,275,7.408150831086948,3,13,1,3,0.355808535060682,0.5217998060356445,2.525709698164158,1.5105878703913773,19.533281643489552,0
DEL_1409,138,21.943862950518422,11,31,1,3,0.5485185313617404,0.456403272645649,3.409946404146251,2.8363483612221767,49.58809188125621,1
DEL_1410,269,15.44250828655202,7,19,1,6,0.3847481138352373,0.3774309900964645,14.469596200073417,19.394005116465383,43.0341637299521,1
DEL_1411,346,16.941655022088895,8,15,1,7,0.932772384355752,0.4738430638238823,18.649228219360072,33.60582983859942,71.17418577021009,1
DEL_1412,125,29.94518634531552,19,30,0,8,0.7905339849527779,0.23551907534661953,15.485158349094597,41.89421533033847,79.89767178645394,1
DEL_1413,454,13.97773917183238,11,16,1,0,0.5560411087423086,0.1423097023158274,10.683231395363514,33.22538998820389,58.195226296756516,1
DEL_1414,405,18.22770954576039,10,23,1,16,0.7641980842489158,0.2697363358132007,2.2206685539042983,34.17173843381974,66.15926225432095,1
DEL_1415,112,15.668811883280304,6,24,2,6,0.4475177211856015,0.44085341680455453,6.996395266764188,20.650630929553657,48.63031392100041,1
DEL_1416,415,47.682632444818765,29,51,0,19,0.9101760324748995,0.4552304496333498,13.928907141885169,15.964167547876837,87.14608759322307,1
DEL_1417,490,47.509957947699284,28,51,1,9,0.9144096647207693,0.5292948336470669,3.8441103368193374,3.1650667158716743,90.56038566307592,1
DEL_1418,412,32.44737013682233,16,54,2,23,0.57687193881662,0.44177675432309577,15.234871327070932,6.994955158896733,68.96496717961367,1
DEL_1419,135,46.6035110929355,20,50,2,20,0.1648626897779147,0.21759301974289463,4.004096063276145,6.089290307119709,69.1875800029956,1
DEL_1420,272,40.361569046076795,23,52,0,0,0.44309662577368725,0.3915527833956581,1.5447572311691649,15.727276327063949,65.25623960496578,1
DEL_1421,119,31.547654726081394,16,37,2,17,0.9640313632717481,0.3009086204850661,5.880941428923467,7.741118482316928,80.82661190834914,1
DEL_1422,420,5.289584517355807,0,6,0,13,0.5185506833151248,0.17839330267881678,4.777350025855763,5.358701077645149,20.91812706674998,0
DEL_1423,363,39.76323287357318,19,44,0,18,0.962916707627227,0.5963485881643281,24.946210162302393,20.188940321532897,90.02289476846873,1
DEL_1424,499,36.611975371481094,25,45,0,17,0.8302176332176705,0.10341169624924743,9.913505966084916,16.631039810360974,81.17657433465736,1
DEL_1425,241,32.68641439770863,15,34,1,12,0.33390837206061286,0.10616571089994127,0.9927712538167436,5.5219173148116125,52.33591999949239,1
DEL_1426,470,39.21909402571123,13,40,2,6,0.11376614086273831,0.424813622022656,25.35703398293069,6.522680828675121,53.42353257288687,1
DEL_1427,242,28.081497414864458,16,27,2,1,0.3147617570320319,0.26681793127693176,4.693731661996748,26.840240759595552,50.37146953730013,1
DEL_1428,191,36.68374720946026,22,43,1,6,0.450107911129887,0.37604109732230256,12.585576492338804,15.831639818513775,70.99748657016028,1
DEL_1429,453,47.0827439026922,33,62,1,9,0.7658664089821701,0.2810651916598223,11.69772842225134,14.053521622514802,96.99826004710326,1
DEL_1430,421,21.911225713073883,7,26,1,16,0.8316952391845918,0.4743827064939259,53.4139543288373,14.925195723750615,69.79689768378807,1
DEL_1431,387,36.865482570528144,18,41,1,20,0.12658241309690318,0.12548695992738923,4.414262698757836,1.295069213922273,51.163421875975374,1
DEL_1432,314,26.405951810493143,12,31,1,4,0.11728318108009353,0.09499922852445433,2.353043629200114,9.9476444534973,41.77981122625253,1
DEL_1433,441,35.34798433162917,14,47,0,8,0.8463481923553641,0.14197428393290562,4.484654828296443,4.12681544773834,76.52681602817543,1
DEL_1434,150,39.33020009994639,22,54,0,3,0.24001343578009163,0.23376177611731241,12.886661961408183,1.063782721788721,56.67845914313671,1
DEL_1435,252,7.045362519610818,1,5,2,19,0.877573391890334,0.07040422082393133,3.679748968248993,15.759518968709305,55.74314939583886,1
DEL_1436,285,34.09701997768978,14,41,0,21,0.1537235061349225,0.2476204611975668,6.243431269392864,4.354651109385346,45.97772707959341,1
DEL_1437,162,15.203353298312505,9,20,2,14,0.598371797445453,0.19388535203605575,16.096574414923367,4.453779368273729,55.92799085979831,1
DEL_1438,289,35.1514642013405,14,35,0,13,0.5997805407500693,0.16942865367686644,1.8576195034918557,12.254997123929602,63.071516339987525,1
DEL_1439,224,26.074858367021605,5,26,2,17,0.7486191970538644,0.40853053157423563,43.58953681783535,13.16883063077461,65.97082037355685,1
DEL_1440,249,39.80987338391992,24,43,1,9,0.7872525340534169,0.20851772838157856,11.400601135671609,7.710924107048138,84.46275788152624,1
DEL_1441,413,10.55303668425184,8,14,0,15,0.5634041898379846,0.09581961211038592,9.913009268222257,9.755812626338987,39.13265624105507,1
DEL_1442,157,33.184505824528785,18,34,1,21,0.48489638965147475,0.20696284283776892,6.765832865924689,22.676749537178004,68.54157184807025,1
DEL_1443,441,17.531182801739853,10,23,2,22,0.18397383920434499,0.20698190512360826,4.228775811512596,1.3591030539381577,37.67905130847195,1
DEL_1444,404,43.384189789876615,20,62,2,19,0.7191366150767916,0.21666213491307118,9.907316965874418,0.811004055309671,85.91338919498651,1
DEL_1445,279,46.77725775363383,27,46,1,9,0.7475295422694354,0.20007274622637186,9.990931711675321,12.813908204424333,86.21766783039074,1
DEL_1446,269,49.837923215557495,22,54,0,8,0.8145123592510564,0.18721254603395981,0.8663750967173254,11.110362054974981,75.4479921989238,1
DEL_1447,425,40.82033310922775,17,44,0,15,0.3662541227797278,0.5546108409292974,28.1977661011201,2.4684101406340004,59.6961942628805,1
DEL_1448,370,38.918033169260205,15,47,2,4,0.458499649509281,0.4340936781572548,25.785656825763436,8.855194252983019,74.40283110712977,1
DEL_1449,153,14.697534149039797,11,18,2,18,0.9891189335792385,0.10900656117719615,8.907853857113125,16.429370594554655,72.28134921324244,1
DEL_1450,200,20.120317654554896,12,24,1,0,0.13808492739405,0.16037184907472932,6.159187666796133,15.78805734827112,40.47521680976113,1
DEL_1451,363,25.955714379302577,10,22,1,23,0.5330616649303428,0.1338876367095814,10.365202503497569,10.867861576962364,52.527372068662615,1
DEL_1452,152,39.802147150201236,21,51,2,0,0.5133962456435242,0.7339083092470815,3.7545310544577832,1.6773171577316306,89.90159858136215,1
DEL_1453,159,46.17346392850859,24,49,1,23,0.3616326709585139,0.12345286851613413,0.012640927919624385,4.348990475346412,64.34866059950124,1
DEL_1454,207,13.511259501034308,12,15,1,4,0.4311819019210781,0.548989898376785,6.561347402085551,6.246112048640777,45.86667090948228,1
DEL_1455,104,46.50653681015463,17,68,1,6,0.4596506597794243,0.38580948004185694,0.27253934872037916,18.62835294372601,71.3638226769594,1
DEL_1456,202,36.30310935593261,18,56,0,23,0.3382656785329523,0.17307191091786445,0.6233103250249192,9.418136081947965,58.017119171040626,1
DEL_1457,295,32.48468288082674,15,38,1,14,0.22861524279050469,0.18503848668750578,0.448696202667776,15.855069265027746,51.36332263056868,1
DEL_1458,361,13.992857207687278,5,14,2,10,0.34069620360227226,0.09882928995549585,31.811353245550364,30.847072054507738,50.342302279505056,1
DEL_1459,464,7.498626476411775,9,4,2,11,0.5753989954881368,0.06011369835102949,2.3253900872817916,11.735542296989232,50.157616584966206,1
DEL_1460,471,30.580920432857297,19,37,2,16,0.9177879700671461,0.33633188351262205,4.4022501669973835,3.2482803804481364,79.40370406252788,1
DEL_1461,449,34.31820574980016,19,36,2,16,0.7841002634021257,0.4436021412744702,10.107986657198127,1.8040275880847891,79.3908117877386,1
DEL_1462,146,14.48516522096097,3,20,1,22,0.21278951668637167,0.6105340311917512,11.303358362067929,0.0065141947760033354,53.114160302318,1
DEL_1463,454,30.040529262145537,14,33,0,16,0.9844261588990628,0.40130882023412656,1.952800081322024,2.3176054050873907,77.55159051345566,1
DEL_1464,410,43.54220312431581,29,44,0,3,0.4191205452921152,0.08683260028130328,36.03831783619817,3.7635740147266747,66.75559568428541,1
DEL_1465,407,42.5779675454759,22,43,2,21,0.3023699782152466,0.8598580415161661,3.9415636232310174,3.772903825281496,94.26657301862645,1
DEL_1466,243,46.73098312638337,24,62,1,1,0.15582877051449454,0.3740894431925996,42.862728254568076,13.198306416496816,78.29512256082765,1
DEL_1467,368,21.46486143005962,14,24,2,9,0.8303039523252319,0.1756406535403501,4.4533812141490365,1.9536056560964545,75.1145661514741,1
DEL_1468,469,19.31223076479134,8,18,1,4,0.2584861862662595,0.2702516031634671,0.03895935001208995,6.860862674187885,33.42350540629155,1
DEL_1469,223,38.72417026913639,17,58,1,9,0.98462879651531,0.10953081900126586,53.55917486341794,0.05904134390646634,91.5381091260868,1
DEL_1470,205,24.400058229365225,13,20,1,9,0.9280403814087677,0.4199652991140212,9.91648316664308,3.632112096336959,70.40963746569253,1
DEL_1471,257,8.939689881250128,8,15,2,10,0.4498115386171986,0.45851471905812397,31.648557096065545,0.5030529575375995,48.39487842004953,1
DEL_1472,246,17.726050880172487,11,13,0,9,0.8873921760864311,0.5042707507900392,19.883236180838225,14.83628732877794,55.46004382388399,1
DEL_1473,244,23.83620284891701,6,22,2,10,0.41520577664925773,0.232534421229031,2.9588247392646196,5.24916249327231,51.18487614169657,1
DEL_1474,219,18.16323914643134,14,22,1,5,0.14077120937292606,0.4751654306449645,27.99098169423477,7.849342527385739,43.3122308867834,1
DEL_1475,418,19.949250692629473,9,34,0,20,0.43263933633425733,0.35453549330990236,0.7864357357379536,17.198274406876937,45.69595419763798,1
DEL_1476,374,18.219915777847582,8,19,0,9,0.9103814774553497,0.21454113489394083,10.62568457080999,23.846553272433255,63.710123456127945,1
DEL_1477,191,6.867462523238575,3,11,2,7,0.7993509520975706,0.2619601919868367,4.397721571106581,8.724754499202078,49.22458378643869,1
DEL_1478,157,33.66926153709991,14,51,0,10,0.3562672613212272,0.49601794540158606,6.731529488000802,12.59003696419391,46.92559420207501,1
DEL_1479,445,31.87815891590612,12,35,1,19,0.9195319993229756,0.5004170791663669,21.2221563015339,15.980887235953212,80.51058445753917,1
DEL_1480,328,34.402257431540626,19,58,1,23,0.47121367152986293,0.26983363396886,17.25095972624062,4.03094219102797,67.43292539472219,1
DEL_1481,216,13.653945321513236,3,18,0,18,0.9190371231012071,0.35534586278124103,8.699514867287691,14.741692145149246,46.86563548487361,1
DEL_1482,417,18.304454372561835,12,27,1,6,0.14755272950803336,0.4460851708239734,0.7050907714019049,12.724684435961784,37.4681245234624,1
DEL_1483,378,32.8827167125215,18,34,2,20,0.2934519855955118,0.1281306306764546,0.6110132438985992,7.023668100586305,60.43830879023516,1
DEL_1484,226,31.983240580696464,15,39,2,11,0.24033253610868363,0.1901395654704889,18.170225884334986,4.999998522418846,57.66925255141006,1
DEL_1485,492,27.78486392094205,8,30,0,20,0.2992107621826239,0.17064069750153663,44.588900906718955,43.63972111516455,61.957834498490094,1
DEL_1486,495,20.768596250458884,6,25,2,5,0.4234365922229698,0.3778523973684244,28.1859789062745,51.50062698555297,66.66632793395752,1
DEL_1487,228,46.08189521486105,25,48,1,11,0.19646036312946188,0.4461612864127234,1.9547749602218014,14.253508343504292,61.37722772569725,1
DEL_1488,157,20.28966090344797,8,27,1,4,0.3510496842369093,0.20579153088171884,1.938427811344671,5.817249071726962,46.56902747825218,1
DEL_1489,221,25.502862039676323,15,31,2,12,0.54243578552529,0.25557447557039636,14.144465851274218,16.70946810365128,68.88398354505414,1
DEL_1490,100,35.51512239293939,17,36,1,16,0.8000162379300854,0.06945486089813763,16.077176057998752,13.644723634342196,73.0666551787023,1
DEL_1491,338,29.435964389004386,16,35,2,8,0.993538763596566,0.48325073486120934,14.375810377306994,9.449114484520432,79.81763953355481,1
DEL_1492,389,20.609868936397348,8,22,2,19,0.7362761122624367,0.12125524772613483,32.49365402320202,1.696507866402909,71.4160801388789,1
DEL_1493,195,24.60401557054294,22,18,0,20,0.29962249630370485,0.15388746373691198,3.9400555539098,35.15996946294389,46.85427593807232,1
DEL_1494,225,40.75163680340778,17,45,1,16,0.7211816157897781,0.07733398549982799,2.836468156868462,3.179569016767881,71.31071741749481,1
DEL_1495,217,17.51581199689756,10,22,1,18,0.9008203634588087,0.3159645860547117,36.830372393611825,5.995832423957255,67.23814716107918,1
DEL_1496,147,11.401485789956695,3,16,1,18,0.7835986458881637,0.6002612863427736,19.210087974634217,5.030203200351931,78.98492146119439,1
DEL_1497,188,19.09234408233997,10,27,1,7,0.7929926804372784,0.22545786315243477,18.657718896898057,2.0033602393007266,51.30506305126649,1
DEL_1498,336,43.22903969695556,27,49,1,7,0.8013407605885653,0.25789454144361784,6.1280721107970075,0.2977829336316464,84.99900684016869,1
DEL_1499,472,9.004537168535599,2,15,1,14,0.35926929182241796,0.5098850932941421,14.827760153141005,31.877193919171198,48.09182322595472,1
DEL_1500,484,49.62632330176033,24,57,2,6,0.19160123060121673,0.050762749807172956,19.457888777477933,16.14055420617064,78.69327060026879,1
DEL_1501,371,29.34513045174481,9,35,2,5,0.5877869381185864,0.30763351467882977,13.754701822492075,0.25117720697089807,64.19379565759674,1
DEL_1502,288,49.318058478519234,18,78,0,15,0.5255525655396605,0.27346571366566913,19.989644380545116,13.968065749403365,74.20318468549966,1
DEL_1503,291,47.25483899386899,25,52,1,7,0.7319336640240364,0.5197703880688854,13.37581504121561,1.6670727792677837,82.58505928100534,1
DEL_1504,168,25.376617139491255,15,37,2,2,0.5038815126773231,0.553224638627892,60.28738538721582,15.44786884200306,75.04669736457664,1
DEL_1505,377,13.93209835724071,10,18,0,9,0.8836677577935278,0.17068600057749636,10.159205247464193,8.442723018348968,54.60034598747802,1
DEL_1506,448,12.41981494543123,6,16,2,9,0.9911113004169483,0.4158679317615356,0.18821061427721175,45.72204439521174,79.92017461997847,1
DEL_1507,346,15.799521374148087,7,17,1,23,0.3489525389355158,0.11500962056143263,2.6751081551467353,6.795103934705461,45.91336992630391,1
DEL_1508,175,36.95596882540418,21,41,2,18,0.7981305285024507,0.3260353888618292,49.92966949032458,16.585079811268127,94.99924278608528,1
DEL_1509,253,17.282749762916954,6,12,2,1,0.41790303185638344,0.4118141980968097,9.509609290652003,0.5062519439458828,45.97949351168058,1
DEL_1510,243,20.364137132193424,14,23,1,8,0.7406291649698699,0.19612588393908378,1.9263916293096819,32.903399672016235,66.44728897826823,1
DEL_1511,185,25.195046179757664,15,28,2,0,0.34937108508428893,0.458419046486833,2.540845962636738,9.91904224852242,50.03601995812742,1
DEL_1512,284,46.095470618965535,22,56,2,9,0.9924030370358587,0.18775638292436767,0.4406530822884065,4.526347625569142,99.09813321928034,1
DEL_1513,384,13.522703804818073,6,20,2,17,0.9902957961849138,0.33052468898531057,3.8493325829709764,1.6283647866320088,58.2660013519355,1
DEL_1514,319,5.22619486744114,0,8,2,22,0.1314476099281985,0.3817659715099815,64.73822596009659,12.287150050482051,38.67660622248176,1
DEL_1515,168,7.7043384670176565,2,13,1,0,0.4605597259102455,0.27834484972429796,5.980662047956514,16.458921139746764,31.46859352077053,1
DEL_1516,146,45.71448537560531,23,63,2,11,0.3258034857260109,0.20788825160501836,4.320273258487953,1.0703573316704265,75.39123293334808,1
DEL_1517,193,34.138240917951336,10,45,2,4,0.5491171092751473,0.2534518408998716,16.52219636761724,2.1590014645322904,61.127965139581605,1
DEL_1518,337,17.286827869751306,17,25,1,10,0.5616251546330692,0.3141099255870749,16.821972387749994,5.841927535725663,58.09030119742242,1
DEL_1519,303,12.9736625455036,8,18,2,19,0.8939612721919221,0.2314837665133327,51.552472723158964,22.906860501386827,85.21615964478688,1
DEL_1520,499,18.242003148670143,13,16,2,13,0.5980554936590584,0.4324718315761017,19.617667971363584,48.84594822804418,69.30568847333878,1
DEL_1521,317,10.165861726307604,2,11,1,14,0.5849112572624202,0.19027767890283398,1.7474468494556887,16.39918371081259,39.123196449934625,1
DEL_1522,440,47.368980962799846,22,57,1,1,0.41356570662747516,0.17582883491411558,63.605854656300565,0.06713621891382526,79.7900065293653,1
DEL_1523,138,40.28927784643701,20,46,2,3,0.5127238362532087,0.18562902674054657,20.80865780273926,28.053269261543974,85.29414670367221,1
DEL_1524,199,25.807602961064333,15,36,1,18,0.9410847784026887,0.7360255944502877,4.500702726676942,0.32295525764405514,85.21646219910306,1
DEL_1525,388,43.92331723018409,16,53,0,12,0.5851927698453785,0.06748098499019524,4.540838585569984,27.291080858076068,71.03249551043484,1
DEL_1526,353,16.225619193195453,11,15,1,18,0.7065336759825552,0.11411043159495046,48.28210027201288,6.338042370263192,67.84242411469054,1
DEL_1527,321,37.27042558124871,15,48,2,12,0.554850111208226,0.4192331056897043,3.20971949808989,16.248682418938397,73.9225110114551,1
DEL_1528,456,43.525962455618455,22,51,1,22,0.2925624278593565,0.17266917509549298,3.873549310241323,1.093122417920297,57.81858026134037,1
DEL_1529,122,21.054592023047267,16,18,2,11,0.494088233870161,0.09625541418693155,6.669279404397636,2.162832816651144,51.80256890061084,1
DEL_1530,349,39.085900045282294,10,52,0,1,0.3089729287441968,0.02411312762782342,17.06675718604995,7.190809330718231,57.00473938161261,1
DEL_1531,109,18.278255716893923,8,18,2,4,0.2813533073026948,0.33368855243263396,8.424523334670525,0.47119967330498314,45.172514296191046,1
DEL_1532,345,18.448571086656386,15,22,0,17,0.7766302285944403,0.3710229856569038,5.593462296300542,5.926771340650463,57.71847111919514,1
DEL_1533,424,9.817573034938373,7,8,1,22,0.44955576694835087,0.1601630344448562,4.671922382226929,16.730276154322244,42.38965499920704,1
DEL_1534,199,24.802612092922942,11,34,1,22,0.5200405451994823,0.22166611265727387,2.0046157645992757,12.760546881415454,48.978186722862816,1
DEL_1535,389,37.837035792384,22,58,2,18,0.9725908085439458,0.4574370924590014,11.853318674727593,5.2022528558264804,93.00050026061865,1
DEL_1536,279,47.30993625070782,12,47,0,2,0.5591743725790967,0.23701661139024266,4.790936135310747,0.10660386739160917,65.65903224661389,1
DEL_1537,322,32.17086463680933,18,37,0,23,0.46998022844508835,0.13218567481523252,6.04040417543724,3.7712164782720157,55.464810498487665,1
DEL_1538,493,43.84109919810825,19,65,0,22,0.1360838253772125,0.4090918661935037,0.11740226360950977,17.965582943008865,55.600613329928514,1
DEL_1539,349,42.012259218060215,16,45,0,3,0.4834353820593812,0.563187951195266,11.364957404286528,4.995816397062176,55.09666678539026,1
DEL_1540,246,12.800437383887639,7,14,1,17,0.9465176415319937,0.030973831445561418,17.881815277028018,5.688079466089995,62.010144779743506,1
DEL_1541,195,26.861784301068415,12,28,2,11,0.5145344610299055,0.17241597287366744,39.36954668637009,0.9251428521702683,53.50658635266987,1
DEL_1542,356,10.261559098642616,5,16,1,2,0.2659330260990782,0.23218457572294599,3.293380996178353,11.0463140936276,30.039290925793274,1
DEL_1543,424,35.69689227027357,19,30,2,10,0.3991423719558753,0.06320117945744719,37.766867863834804,11.67116972547794,69.0845939846254,1
DEL_1544,103,47.74548507107342,21,50,1,13,0.4746885091754707,0.27856660628351565,6.720827610918735,6.7633152248647574,65.7550296616068,1
DEL_1545,115,11.169025613544044,9,15,2,2,0.418482480713525,0.26190873370608375,24.322110107106976,17.15397435980818,49.564332582885285,1
DEL_1546,379,38.02474088611436,15,43,0,4,0.436185115613307,0.24679503098506883,34.06659111590478,25.133777526706442,60.87182695330656,1
DEL_1547,435,33.45071678905374,17,43,2,6,0.5463328717332551,0.36682295106117996,48.80377111303965,16.661420440768634,78.71273184742189,1
DEL_1548,346,31.262226665364487,12,35,2,19,0.9487806981354991,0.13246861298550916,5.905505537626481,9.431231517856514,72.52740101663164,1
DEL_1549,357,22.555410560975265,14,23,1,16,0.8389387555020047,0.2985675632435034,4.525775162455283,32.928583261171624,79.64447468855803,1
DEL_1550,483,20.980924148921567,9,25,1,18,0.8761011266986354,0.1847017490517574,8.68561144047515,5.779170200566468,51.712709160215354,1
DEL_1551,259,7.036213505849954,5,5,2,2,0.33377154108572316,0.2047914315836461,12.133536186979564,12.760947531306627,38.76967249637113,1
DEL_1552,439,14.805891871340606,7,18,1,0,0.17501818541222477,0.4711551004639909,17.599173887714013,10.274776125261052,23.77855339503789,0
DEL_1553,251,5.68295970290721,3,10,1,7,0.9747347520838917,0.4879150770430042,17.65886865748777,22.10914695209174,60.19056828933072,1
DEL_1554,495,31.163769751190923,17,31,1,19,0.9547384176356105,0.20779531168114826,1.8604999457275313,8.308008582205243,79.14126486572135,1
DEL_1555,277,9.763395614505898,3,11,2,4,0.5295072402702969,0.6648730450522244,14.194197880451046,9.67542354767092,65.65538117094779,1
DEL_1556,262,44.28587273133722,28,59,2,2,0.27178881501100305,0.22170895245922329,2.756475689433616,7.257535976764783,70.70704357362709,1
DEL_1557,479,28.541435931372437,13,34,1,19,0.8775601007521225,0.1070084422340321,18.639051937395905,1.8171049686891125,66.73949777741204,1
DEL_1558,132,36.48604590764188,13,47,0,16,0.8320948225330198,0.4074477358829389,56.31285746328967,26.103665115837064,83.35512255020785,1
DEL_1559,278,23.48856913282234,12,27,2,12,0.1876643533928092,0.4613799667455597,22.10393896107061,23.750759882468007,54.61164618467466,1
DEL_1560,200,30.22609140504719,15,38,2,12,0.20190306395507154,0.37979265114877864,17.798631538516872,14.546423855297917,52.50726372638742,1
DEL_1561,367,47.419662963498375,23,55,1,3,0.49157303770610117,0.24408693413375823,1.209768614495838,5.128684517966566,80.52874930651771,1
DEL_1562,422,8.723031783065185,5,13,1,17,0.8952603160964341,0.30631104039493673,3.0617550060568326,5.263790597715101,54.916138460341244,1
DEL_1563,164,16.427199736566326,8,21,1,5,0.20317097205232468,0.34905405949897056,6.583170829175201,0.4399754305694805,42.55746192034796,1
DEL_1564,267,40.09947471097449,26,47,0,1,0.11576140361974482,0.08150805322297734,40.65325422944395,0.9699418397510242,49.67081017096985,1
DEL_1565,429,9.443174309719964,3,7,2,14,0.3332387288146754,0.025189186351642585,6.027140026308438,8.653565240223479,21.00095815423984,0
DEL_1566,142,8.404749675684988,4,9,2,1,0.4713150652016832,0.2653519699524337,25.21173158016078,0.6131928998431062,41.02489477178549,1
DEL_1567,143,21.269362943931736,8,29,0,19,0.8616101251095994,0.303487143191244,1.64306056040786,1.2539332818471902,49.94202093100154,1
DEL_1568,384,9.147558131259455,5,11,2,19,0.9925018179308196,0.22481060585329954,16.27073943512672,3.471485977854025,65.34804036780994,1
DEL_1569,496,31.32852989927914,14,36,2,15,0.29818978024433684,0.26642859354860593,22.6512791462681,5.61495449520648,59.332790663281806,1
DEL_1570,111,15.182386286746992,13,18,1,10,0.5795647723927703,0.3765993310488961,11.74351118762541,8.06477108573725,56.18989999549907,1
DEL_1571,194,45.30640834397175,19,64,2,16,0.7987793507127106,0.3567609002053731,21.84083639171615,4.708000938045733,94.83233544056064,1
DEL_1572,401,40.25750363803655,10,48,0,22,0.2298190437627979,0.16372251043541375,19.292132823273572,33.89867222011565,50.42986735618234,1
DEL_1573,485,36.48673427447643,19,37,0,0,0.38462126999708623,0.2891905550165324,9.722054663894582,36.16555904365162,63.52257552647434,1
DEL_1574,352,32.76248123230259,22,48,1,12,0.5053718708829679,0.25311258237911294,30.09499325084162,0.6920848347754747,73.18455645397638,1
DEL_1575,341,43.85595786536585,19,52,0,7,0.8584496701731449,0.13728634031564615,6.269807407434246,50.733304683311616,97.92310647970832,1
DEL_1576,134,15.03779276942406,5,20,2,2,0.3790508431145473,0.11908889472767942,8.311449518060945,2.278022985323181,41.47780625187426,1
DEL_1577,314,44.289897924390246,17,58,2,13,0.518156205611474,0.7149029875226411,11.643400434113401,4.8303809127643555,97.0231380750685,1
DEL_1578,436,40.527153429082354,22,54,0,23,0.20781187816460625,0.7427428635467799,2.1009816328549262,21.769203276434805,88.35851893638906,1
DEL_1579,189,38.66723718744585,22,45,0,23,0.5608414897507333,0.451518403501878,10.86392421571611,13.966204433103151,66.43052268493139,1
DEL_1580,363,30.256505513371582,15,43,1,13,0.3888478105086951,0.36696556033066585,5.876008509222697,0.7200884290064299,57.638792622270955,1
DEL_1581,192,16.080987243677004,9,16,2,20,0.35836321871107424,0.23548876623019085,4.449138080511947,17.878709738175175,52.80097368521599,1
DEL_1582,189,24.059656219635336,12,27,2,13,0.5818307587303623,0.08639184730978228,12.899896153964132,13.060715490922435,69.57838155311019,1
DEL_1583,214,40.71067945424607,22,62,2,18,0.8043990256071076,0.23773560038498665,5.998277628150401,36.0685424476968,103.16262690690104,1
DEL_1584,204,6.4300317960796,4,11,2,10,0.47007058308602534,0.41026783058915495,29.017935977899814,28.896537007912663,54.10713578673966,1
DEL_1585,490,40.192284616869124,24,55,0,11,0.5092856453616332,0.3711787470452552,7.913966139356818,44.376269266864185,77.81193263906242,1
DEL_1586,295,15.803183321940493,7,21,1,0,0.3442782586492692,0.1814532196757889,7.991918212012923,7.2811204732760135,42.014065331854056,1
DEL_1587,413,11.493914032472137,6,15,1,0,0.10323783856002663,0.5297697956040399,60.212592855797375,14.71082804013146,36.04771268852031,1
DEL_1588,213,10.206559318113598,6,15,2,13,0.3621682530696596,0.07092732992899219,6.267475600710534,39.21236387617812,53.80417892326442,1
DEL_1589,174,6.2262505377866795,3,4,2,17,0.7577161048910357,0.6992743454888195,2.1145727378275754,0.025460663728034703,60.73146520743085,1
DEL_1590,475,28.56139183496538,19,35,1,21,0.381285260845288,0.3283288239713616,31.382829191815805,18.666891755049697,62.79051718853103,1
DEL_1591,316,14.821694271217826,3,14,1,1,0.46930930928606907,0.2925893943691347,37.33342251719665,0.6655833517009644,39.681197217199205,1
DEL_1592,376,49.52442946008342,37,56,2,3,0.36553571491444203,0.32815501845435807,3.8514752270897907,81.92795297144824,95.7312184353534,1
DEL_1593,348,30.84965401424926,8,41,1,21,0.4154010052435543,0.21173605735152598,32.065857249279766,0.16774606009674614,51.672019003703504,1
DEL_1594,263,11.204837121020468,6,11,0,17,0.8812008397133545,0.061706703682758726,10.234795213332312,9.708171770295042,41.666970501206634,1
DEL_1595,493,35.99431433651144,18,31,0,3,0.14852286342456036,0.5670915514319105,0.6660454663188092,8.830573071401954,39.21194073839121,1
DEL_1596,456,45.39846049293764,16,63,0,22,0.5254703785527982,0.2850774847026936,11.938700418118477,4.361534995909582,68.90104460432367,1
DEL_1597,291,38.533077291632644,11,45,2,16,0.8684693292438145,0.33322485935254376,28.334603438666136,15.81679415126673,94.16271589359968,1
DEL_1598,326,8.439793746775145,1,9,0,15,0.24214998189650552,0.12976052301111643,7.5788536443226855,3.564674474877042,16.538160663317633,0
DEL_1599,276,45.31478815366968,24,66,2,15,0.568848289520528,0.36612513293679366,12.010987461814892,4.123166848273324,74.81504704631439,1
DEL_1600,198,40.72682236369842,29,45,0,8,0.7629554135180849,0.3544347780468036,2.273061797983118,2.386670511481455,74.2829017535058,1
DEL_1601,135,12.123675504752645,7,10,1,9,0.9858438427635856,0.5927536713729538,27.69611436310332,15.023971233915564,71.17020513678854,1
DEL_1602,195,7.330364992976759,2,16,2,6,0.2108451841274737,0.22029633243366206,1.6956870474151513,2.236474684665233,18.03423922731234,0
DEL_1603,251,30.078975889143884,14,45,0,8,0.8702811246775801,0.18192940221989162,1.4878444468638836,27.354948460447094,70.19307774673229,1
DEL_1604,250,12.02161151029896,5,9,1,22,0.35450027372694193,0.0723165087252018,40.671473553665386,4.073350893787801,37.84720904923155,1
DEL_1605,289,42.55659286678724,24,58,1,15,0.419050024141421,0.2579020063076629,31.009483798291104,8.773237600322979,66.99472361499402,1
DEL_1606,323,21.12505955022532,7,26,1,16,0.8907160842944428,0.07804541775595664,12.830574136742825,7.733751059048492,60.96297416032705,1
DEL_1607,136,46.08016001314589,19,61,2,22,0.3872099852628479,0.16849571477659936,1.683325102929256,14.542148529041786,81.76328446879944,1
DEL_1608,367,30.45596774634526,15,42,1,23,0.14798454897306593,0.13341135552743175,11.844412753754458,3.1994648196747972,48.792001377162386,1
DEL_1609,468,13.220257290785066,4,21,0,15,0.2834596612417859,0.08646175218601003,37.98802387304033,21.889359017404185,32.4799964632132,1
DEL_1610,282,11.281949031191004,4,15,2,15,0.22208379356388472,0.36201247702841327,14.21497556199353,16.068131814016073,41.09205209681555,1
DEL_1611,112,30.941259690098924,24,31,2,19,0.9201157644018472,0.4047619487381315,3.314154510848669,5.0338089505949215,83.93773000307179,1
DEL_1612,378,39.284762533809975,21,64,0,20,0.35269372470343463,0.04909690790039384,35.439922349524636,1.5379297734044377,73.39321859947361,1
DEL_1613,316,40.167754148398195,19,54,1,18,0.7406193554223328,0.4760198764171962,30.087989154384424,8.432674257107497,84.00544180041413,1
DEL_1614,454,17.409083199857655,6,22,0,9,0.8446841777408227,0.3071261130832941,11.864292033628912,47.26377347420426,61.946512924164395,1
DEL_1615,460,14.191104151047536,7,17,0,1,0.5840094804732229,0.525467930402544,28.6828219776761,0.2946407051949991,36.8404331789664,1
DEL_1616,385,5.7540337021572086,7,6,0,2,0.39197931307245437,0.24554383715597264,0.870191680765215,22.361223085193505,31.770770579134858,1
DEL_1617,372,35.563961804052624,17,51,2,6,0.23088941463181886,0.21916114173775247,9.275640257390661,14.43820987264316,61.432183602733886,1
DEL_1618,468,8.445571629509255,4,9,1,23,0.23793471283505438,0.15202266000209266,2.9418497297173083,2.42804791998486,26.043250880538412,0
DEL_1619,161,23.934254079466662,11,37,2,1,0.5055140566529606,0.5702551428361784,27.259943758533794,7.76479231190342,59.141529388843416,1
DEL_1620,183,32.07569738082333,14,45,1,12,0.5432379126110501,0.6577068776040099,53.206141547645856,11.856004904224665,96.01848171362286,1
DEL_1621,467,47.16990252138547,23,57,2,3,0.4395156026102559,0.40624851343045637,40.039508489579646,14.31577171382126,92.25769054899672,1
DEL_1622,316,19.03109616300959,12,19,0,14,0.31572341225741185,0.26171770497972485,10.497999142265705,30.515257480078102,44.222030971014775,1
DEL_1623,441,16.239747310093392,7,17,2,17,0.7097904058984197,0.1909240592471653,10.730806089759023,24.77006705396408,67.97032035643092,1
DEL_1624,496,34.437206942874425,20,40,1,6,0.5686909456839692,0.43206857068378046,35.82682838424096,4.777594378828735,73.05878202382495,1
DEL_1625,286,32.865756442411175,25,29,1,17,0.9920086158052562,0.3470883673322059,19.18835084456306,1.534476981698189,84.80431398725547,1
DEL_1626,118,19.944940248865606,5,24,2,6,0.5308528241582604,0.14763407487659158,1.1630220169819812,1.3213473141361378,46.60252375540507,1
DEL_1627,276,46.7645825979404,19,50,0,23,0.5244113091714822,0.1509233150113088,2.0603422646439,41.586320818933025,82.78539630987602,1
DEL_1628,199,43.01880473703348,9,48,2,8,0.7215066059502544,0.27194721667452265,45.46183400653507,37.433372517466196,91.83403118272098,1
DEL_1629,495,15.079214563928652,4,14,2,11,0.24589305469338577,0.688948726983987,6.832978628326603,20.54516538435046,61.50941900435537,1
DEL_1630,332,15.761414544553544,3,12,1,0,0.38265507303924373,0.2875486613258131,3.1119979489396514,47.22502390987572,42.05564991982505,1
DEL_1631,175,28.053515609918627,6,34,2,1,0.2361468894538992,0.16125527466619616,19.950686318704474,3.8452421851216547,52.61807714551645,1
DEL_1632,364,39.81074457788242,11,56,1,17,0.7729361577276767,0.23293917095261815,31.76504461098499,20.954286069772085,84.2002920451968,1
DEL_1633,383,6.981817072480897,3,5,1,13,0.5765394527918126,0.367941261452658,3.4705628927531675,8.371397152460801,39.83193841090842,1
DEL_1634,305,36.2000819180618,20,50,2,22,0.3456828950467131,0.13820835223811703,4.343979453567642,19.266611677498705,62.253002390238144,1
DEL_1635,322,34.17061538219436,20,44,2,5,0.33612804188011414,0.6560042866396335,34.52991478189129,11.32485371826943,84.55823831530593,1
DEL_1636,483,15.41660431608447,10,12,1,10,0.1630515724120387,0.08195465555350726,0.19888212264331373,22.464041957259994,29.57300413716836,0
DEL_1637,151,35.66088559586069,23,52,2,18,0.7853412681661153,0.4689044594096875,35.78138862325121,6.0769393742109035,91.39401389955934,1
DEL_1638,438,47.308243606343716,27,54,1,7,0.862297581446104,0.14242074496918397,0.6008071903108618,54.271776500142074,104.4830450068085,1
DEL_1639,466,7.105363023729583,2,13,2,20,0.22402315175132873,0.4335479750600525,1.5039876090715552,2.96970996432664,25.858929107417847,0
DEL_1640,243,19.384342488142813,10,23,0,4,0.284444328590592,0.14893783219406762,29.737483816233993,13.399221590597389,37.02551269297961,1
DEL_1641,472,24.717952249985988,15,28,1,20,0.18945764429196485,0.11897898449218042,4.283658868686339,19.468981763587543,38.180711275305754,1
DEL_1642,168,45.46671615161103,25,47,0,23,0.27753785654139373,0.1281339433062396,3.817480505779475,10.575523198640617,62.831609803081776,1
DEL_1643,198,48.30176509741205,30,68,1,6,0.5306407750002788,0.3246457813108409,27.880852818501225,4.114876286632455,80.69462476795543,1
DEL_1644,495,24.985186092334953,13,18,2,22,0.21853003538945068,0.03883583747742112,11.719635969866975,9.887249144601737,48.6870439131205,1
DEL_1645,124,38.7512785463986,22,54,1,3,0.11477079900849188,0.22175702295024188,6.476035292108883,8.43128011282898,47.064592089096315,1
DEL_1646,478,28.924746069401735,17,32,2,14,0.3681115946061537,0.18275117978357724,18.78863615376407,2.5304525961539692,58.90370786981692,1
DEL_1647,152,29.20023206336194,18,28,1,21,0.3897461273403219,0.344353296384956,24.89090496645419,17.286640378898145,66.16026885785472,1
DEL_1648,250,17.514478177986042,8,17,1,0,0.264455362104715,0.25518080069890076,29.791304675358667,3.7303934703750654,40.92296173299404,1
DEL_1649,243,14.763031063874578,7,11,1,21,0.42078437123985,0.09217904105881942,1.9064589275161283,21.413495336195293,42.13961841270004,1
DEL_1650,156,17.960240566581852,10,18,0,4,0.11895101356940449,0.14845244819708947,13.103677975138948,2.8944642136940884,30.970132517035573,1
DEL_1651,138,30.03476032656857,17,33,1,16,0.9821651740531274,0.1592434460010549,17.008260417948083,8.37349671401173,77.19141154073775,1
DEL_1652,208,6.311983370994005,4,6,1,12,0.1722859352070434,0.15578734556974172,1.857524823341857,14.257925602641034,19.38783372680003,0
DEL_1653,280,45.82620249603826,21,60,0,16,0.9949765319139997,0.08901770483475992,14.128962566850733,65.76023999543439,109.46033952268489,1
DEL_1654,141,12.03276692973993,4,15,1,18,0.8967811655129321,0.4089800922470186,0.4868935794758117,3.7928114783868105,51.07598418076135,1
DEL_1655,285,14.903990459212395,8,26,2,3,0.3467052914190678,0.4933915552756585,6.268472933242723,12.114370860635434,41.78261369592842,1
DEL_1656,497,28.322427940144085,12,37,1,16,0.9665130829174713,0.1410268624658305,2.8314215163346206,1.9977176388975044,65.74987600082522,1
DEL_1657,322,36.95516448517757,22,42,2,11,0.15065959098159495,0.09694788192844385,12.35589517879674,20.553612645671294,57.25082398434146,1
DEL_1658,221,9.307807463497879,5,8,1,22,0.437022428897167,0.22054707687621755,3.1810664742556845,23.717898538547516,43.24918293594828,1
DEL_1659,232,19.2962613896223,10,26,2,17,0.9374265266227818,0.14454532735499953,23.34869912487662,26.26646161264344,84.00928515458511,1
DEL_1660,262,48.59035725084607,19,39,1,10,0.18826097657735166,0.07208048335640307,1.9370489912329216,34.92219004207979,77.76529110384948,1
DEL_1661,314,16.805433505142556,7,18,1,3,0.21745853997676887,0.4449282081482563,21.27166857829681,5.274748044147212,40.464823849110246,1
DEL_1662,320,19.08725652784161,12,15,2,11,0.4600281240415467,0.5330487241395256,1.562230145074616,13.175385430451907,52.99503473543861,1
DEL_1663,334,42.642432077811506,21,55,0,8,0.7960331278468294,0.09470324646004039,8.76153907020005,4.5530690750520275,82.40685268583466,1
DEL_1664,430,7.259649426070487,3,5,1,23,0.3543715586852939,0.17088755687006194,17.98648364192838,19.543681418967086,29.42956097357999,0
DEL_1665,245,25.90759259640369,12,36,1,17,0.9201485644688483,0.4234788978407729,2.6415381501316504,6.445893489273049,73.12014651449851,1
DEL_1666,338,22.08275440032516,6,23,2,8,0.8719938593339954,0.1775898506070866,20.935720484026596,9.713720757053204,69.954900833013,1
DEL_1667,175,19.2464041958893,16,20,0,0,0.49505350971441664,0.08536982680587014,45.99592762100516,1.7124702612680915,62.425764490921395,1
DEL_1668,108,17.8564817320144,10,19,0,5,0.4446008159701734,0.29491525066908025,7.011734490202975,22.80500017725027,49.92106310161818,1
DEL_1669,173,9.111834718718413,6,12,1,18,0.7454060340430965,0.09753211409074919,0.0027047852606664033,7.915263113796922,51.65308118760293,1
DEL_1670,352,19.167162320824197,12,28,1,0,0.41561813484649035,0.44045769196384826,9.717720885260555,12.275715155794488,43.82483026023837,1
DEL_1671,329,6.937358122205086,4,5,2,7,0.7257286789502662,0.11923049291222512,34.909487145568235,13.277860943719036,73.30918510131949,1
DEL_1672,106,40.143373863999585,11,45,2,5,0.2660999357999202,0.352950316563839,16.404638513583727,3.8466106079146236,58.684741418789365,1
DEL_1673,273,22.920250728110524,13,26,0,3,0.5399874405068465,0.4115523071079229,18.224803610518812,19.01593513593262,51.059236186694754,1
DEL_1674,240,24.975672454396022,11,35,0,2,0.5924287657405714,0.1127087310477018,23.58696175188065,21.479290997290278,64.50589760942404,1
DEL_1675,267,45.21175639025592,31,52,2,12,0.2572199857228422,0.2052224110973893,35.82275005186381,8.701946727343955,71.2212680222549,1
DEL_1676,269,34.612474273754934,14,42,0,1,0.500613650535156,0.38539206182615043,1.9996109750710247,27.92382425899386,56.910401233937975,1
DEL_1677,492,5.362659650395391,0,4,1,12,0.3504541332462523,0.18545066732906804,13.3816396374153,2.105090801444604,21.958933798938304,0
DEL_1678,382,47.442867033257826,21,50,1,20,0.3318261984317731,0.49390680274291765,33.07263680011492,6.422064049672834,72.45533124177027,1
DEL_1679,221,15.671500968997005,6,20,1,14,0.29328145242110015,0.2177684704325183,22.43421083169633,0.5439849735244638,37.72419700439615,1
DEL_1680,293,9.842638314193648,9,14,1,7,0.7750854424809893,0.15022697992087067,4.294082844361963,6.101197161836101,47.863172086060025,1
DEL_1681,104,39.5657680271397,16,46,1,11,0.5597539310967432,0.1599778820951077,31.144459471589137,69.86238714480265,90.29807473902412,1
DEL_1682,128,27.52147921400232,10,31,2,7,0.8105483012932744,0.5428909021128882,5.224299402173226,7.465125107076281,55.431918750458266,1
DEL_1683,264,24.51967547081079,8,33,2,18,0.9256448228076766,0.8337444011797056,7.937042998137529,6.520405451430701,97.68789485180325,1
DEL_1684,438,16.22763858572338,11,16,1,8,0.8114762067813803,0.6060875634890545,3.0802960462518953,13.970165904003522,77.9447259525345,1
DEL_1685,235,29.63621704380434,13,29,2,9,0.7746585018017765,0.45039789388712154,32.47193961632583,0.5979309196901131,80.15309184279374,1
DEL_1686,464,17.347307234116435,5,22,2,20,0.23366875090622305,0.24915192429510188,1.4644330619695503,5.239149668483367,36.65437083208132,1
DEL_1687,420,45.57123523791804,26,54,1,22,0.18806615045598987,0.19549507682979908,77.01465519111122,9.13894651437379,80.72673500358431,1
DEL_1688,441,14.684201587993675,8,19,1,6,0.5181495956827117,0.2364120453040366,5.977651699389518,7.9413174020871065,43.19021282600047,1
DEL_1689,244,44.79598177050891,27,54,2,9,0.9148864857069883,0.24817603426870602,18.610006531988727,12.342660055213342,111.07100955892693,1
DEL_1690,426,30.173244157731062,17,28,2,2,0.5984313360333553,0.3289321484429237,2.066986580051417,1.7950551227722027,64.50990860936056,1
DEL_1691,316,42.28196602528585,22,55,1,1,0.10968164829740559,0.5521740767350811,10.037447784161916,6.182306469223661,56.706302508635154,1
DEL_1692,400,37.07806981374297,22,31,1,6,0.3701903433986806,0.17075610892328458,0.6143926664265152,12.048246645479392,54.72233417849252,1
DEL_1693,231,36.35128001465368,18,41,1,9,0.7588749954354002,0.2663495291447443,31.60521887960052,4.308423824879224,83.0251348291525,1
DEL_1694,391,19.595561346277506,11,22,2,7,0.9672255109301462,0.19328232450912974,8.870488391994526,11.388254970767498,75.68875234184569,1
DEL_1695,169,15.525361916249157,7,20,1,11,0.45522101340227883,0.8056726279782844,20.365839688042957,38.130480777663216,84.08344789120682,1
DEL_1696,351,14.489880245635465,5,26,1,19,0.9891736627518464,0.23243578745430826,33.73773436851885,31.977378530221323,73.58979043937529,1
DEL_1697,374,43.57362456768149,27,60,2,16,0.8707025549112062,0.26884665051483814,1.0659205137520262,15.51423942353943,97.93680359169022,1
DEL_1698,463,41.9192069116559,14,64,1,21,0.14651602709080272,0.12162848206529732,10.744430924979742,2.346764871358409,62.01626580408536,1
DEL_1699,281,24.82580876055383,12,31,0,8,0.9590737708687938,0.3997706865932388,3.1523200084749705,18.40326014096929,79.22244179922806,1
DEL_1700,266,10.958207607340457,2,10,2,19,0.7157773996279501,0.32874675432803685,1.0725532122420969,7.102357139919318,55.27435888140181,1
DEL_1701,190,22.201351338985628,6,33,0,2,0.5370015626803244,0.20812738818109713,14.594230225360997,36.37208338641657,59.47449225443503,1
DEL_1702,301,32.87045543616101,18,40,0,21,0.1417631372140489,0.3448052342290054,1.8172136977285571,11.343092243124723,37.30022465263838,1
DEL_1703,445,25.448141951597876,18,37,2,21,0.3213530734756401,0.3561468404354827,10.157192012585746,2.945024336925155,53.35306289544051,1
DEL_1704,118,40.108517081734774,19,37,1,3,0.5789112191035221,0.36291949141074353,3.2894851309070323,4.495093135692191,56.57240469960357,1
DEL_1705,138,49.89302700131235,25,47,1,6,0.3514518739559973,0.42040324132001583,3.3044897993391777,4.611344028481955,70.8751030286773,1
DEL_1706,225,13.600943980200357,8,22,2,17,0.7143540996225122,0.1681895812905081,11.103401774217591,3.8803073349135158,56.42461425937577,1
DEL_1707,272,25.68428688468076,10,29,0,16,0.7002294298967494,0.20512314359910735,12.158355913272098,17.73152662866546,62.73412799295541,1
DEL_1708,240,24.39427558643699,7,29,1,21,0.41339574211638597,0.18800119638660598,0.05228073060754367,4.927159759295237,43.33020006892558,1
DEL_1709,341,18.70216397370279,6,26,0,2,0.1059947392813658,0.043093947883440974,10.420303317609642,2.612247233035083,20.683217156948892,0
DEL_1710,319,13.914298252413031,7,22,1,2,0.5840501632096355,0.21036514378906385,16.618592059611533,10.87896831925783,47.47858401552376,1
DEL_1711,225,7.956145242034665,3,10,2,12,0.38348841469490325,0.48337345001950444,17.021915355370858,7.500896736840298,46.198071725864494,1
DEL_1712,157,44.92036927506643,17,60,2,16,0.7842122812975445,0.21360169836925091,28.444816960018112,0.26900556475178145,96.69455850553982,1
DEL_1713,247,23.893191395884294,12,31,1,17,0.72326392117275,0.20889375135604316,33.849901179295216,3.9273415153609763,65.88330950725623,1
DEL_1714,416,27.3602983325022,13,29,0,18,0.8615535039783826,0.48899558489231887,14.6271399824646,0.46729051926518844,71.31195639664021,1
DEL_1715,482,46.26239216904121,27,51,0,16,0.8097713169681321,0.6140873033047651,9.861836995201184,17.482702220445304,110.22555591945027,1
DEL_1716,460,39.93307148821765,24,48,1,23,0.4309918462019334,0.34128872569175983,3.424350546132401,36.19729960390223,73.01162952228343,1
DEL_1717,100,10.87255688527329,7,11,2,15,0.5304187817192427,0.5173586518609296,2.0331940666184884,8.321849218429906,41.98760878092227,1
DEL_1718,486,30.443898542348407,8,38,2,15,0.5307783285294567,0.3867308369791311,14.089539813897053,9.801851031090969,59.20886034678466,1
DEL_1719,447,24.901352443380162,10,24,0,21,0.11408567441089026,0.2318649821323555,43.944428938775424,22.378494259894914,41.26966826982436,1
DEL_1720,289,40.87449826604433,22,51,1,0,0.24165043867173577,0.16083481678285835,4.890417666068884,0.22977369192141361,61.28830632791232,1
DEL_1721,290,37.59046464253772,25,46,1,13,0.22315906620658096,0.6599882010580728,1.571299595397022,2.1254875420058132,72.56475294467275,1
DEL_1722,468,36.06825748599824,18,34,2,14,0.1033224482607045,0.31894066601007215,8.271108718665637,12.748208231490828,48.72107884940415,1
DEL_1723,411,20.32451759659536,17,21,1,3,0.538391275346149,0.059351135406561,0.007240487672361276,16.245461867595942,62.034592926585525,1
DEL_1724,216,41.22336786796645,16,46,1,19,0.8378205078181185,0.11363489509400808,12.097241718916516,11.808341757799372,84.9158134544411,1
DEL_1725,233,7.357608301768755,5,7,2,20,0.2734763680632737,0.3699283573987995,0.7611799276788728,33.61085128393505,38.50370191410674,1
DEL_1726,157,12.183120564447526,7,12,2,10,0.1498111974114674,0.19451960335597132,40.097255891235015,5.978227372782756,26.93600928803796,0
DEL_1727,143,20.103047284006028,9,22,1,17,0.96763364219133,0.2563950892031805,30.595582731463825,9.718394428399936,75.71743195864373,1
DEL_1728,272,8.456334848117658,4,15,0,16,0.8759992609132246,0.25405931657577574,1.8308478204794525,37.59338795188381,49.7442707593124,1
DEL_1729,259,15.574742489061123,4,15,0,8,0.7844212466961598,0.09203987308837569,2.383116636529576,27.587902614703744,53.875764933213524,1
DEL_1730,272,42.35679423490632,16,45,0,20,0.48596517784555227,0.14240098669121842,46.00761467368183,0.3754454338125589,70.97144824298894,1
DEL_1731,416,47.67131920055357,28,46,2,23,0.48855655036177326,0.14197397166424258,25.19409897584602,5.208966447718428,88.80694006414026,1
DEL_1732,402,18.707106009838572,7,14,1,13,0.4283656512740306,0.22503030777467384,42.716035840177696,16.118582660669805,46.42132625270324,1
DEL_1733,248,16.90321117949772,6,17,1,2,0.18700559280938037,0.2383196573735166,6.108281637474685,0.010528427490217741,33.9363956769045,1
DEL_1734,179,17.59516935108921,7,20,0,19,0.9261591574020399,0.36369840621771765,1.764149007187455,23.85219074790007,61.495944737579855,1
DEL_1735,473,17.497358930787975,7,22,2,19,0.9558158371392744,0.36825577546113003,14.332759526888271,8.368499746271938,72.37420917210198,1
DEL_1736,312,6.616858198368785,4,8,1,21,0.4620359537406449,0.10312899976341272,51.03530516318138,1.0869675586117422,35.050330997513285,1
DEL_1737,302,46.71123558489987,24,63,0,3,0.3717266069428945,0.10074631750549203,2.088303380973996,7.010726736053236,57.41973974135198,1
DEL_1738,351,14.616416370664778,7,20,2,15,0.5781685310343766,0.5464716267928855,25.6301548506054,8.141990117193307,65.07577266827805,1
DEL_1739,328,23.90018333366322,10,32,2,20,0.41351271524720645,0.14028616028473034,6.685236324650416,5.486090752284919,61.19866335319263,1
DEL_1740,263,5.435909723343548,4,11,1,11,0.3868402212344081,0.3544593405444086,1.841132890502298,7.2684932293011,20.31319735002217,0
DEL_1741,326,43.607979091177576,21,43,0,20,0.5213941074925817,0.20049471307218375,9.216071925769814,26.640567945043195,75.82866856507023,1
DEL_1742,246,37.90208050047127,8,46,0,7,0.9748313070890006,0.349823181795158,10.06296109784388,4.699910887094421,72.29718048010221,1
DEL_1743,119,47.60402158281664,29,56,0,8,0.9764120896356105,0.08016384445430304,0.13687401320347894,38.904723612710896,105.38096744620532,1
DEL_1744,146,40.17269656383796,11,44,2,10,0.35158441672245677,0.21401745299857575,9.64964930299404,13.939476021340393,56.86518612239201,1
DEL_1745,332,19.116793042342934,10,26,2,23,0.3922337557065181,0.1454090584188793,15.639637069778194,27.162103341843792,55.81502094780926,1
DEL_1746,404,16.15430114277906,8,17,1,4,0.21024106253995642,0.11199328593849553,21.70096490756792,2.813168753635587,36.5061644568252,1
DEL_1747,113,36.39723383989818,19,37,2,11,0.4411407567208815,0.18259802963765295,1.5563847233777934,8.123628160740079,56.547654554598054,1
DEL_1748,242,21.385074875472476,12,23,2,21,0.501187348573174,0.1377047545943384,31.377304675725096,10.000520885692147,53.84984324433899,1
DEL_1749,100,30.479675708867745,17,34,1,19,0.8132599609175031,0.3144389941394123,2.754261939269473,1.0697084276438458,67.26261427881943,1
DEL_1750,472,5.28158619619116,3,8,2,1,0.36148178103202633,0.2678286752051678,16.106761600608614,8.166113924119324,29.57799752302121,0
DEL_1751,153,7.7848565756213866,4,12,1,10,0.24732111452219055,0.1761055963241327,12.065623137335294,23.675390372988673,32.209762447575876,1
DEL_1752,473,29.091557353174306,20,36,1,10,0.5547915119080833,0.49478340001665444,31.805027756154974,0.6432628054718235,64.43181139709131,1
DEL_1753,358,30.47322409016743,14,35,2,20,0.4772498662474517,0.06590507200175567,0.5911766119059799,12.336948690487837,64.55221119373128,1
DEL_1754,243,38.81538250067047,18,43,1,0,0.340143433943053,0.2960839563940809,3.189780938164792,53.85479284424465,75.28807371619779,1
DEL_1755,111,10.93843938307828,6,11,0,16,0.9229183773312692,0.34139525297862383,1.9510453379966115,8.9947530501202,47.980648755790526,1
DEL_1756,429,28.093238769055045,14,34,1,16,0.901605742977565,0.17751716164247577,5.952439190719339,4.337966766066584,75.76544231876717,1
DEL_1757,323,13.750143999425987,6,12,2,3,0.12990871256894496,0.20335882432396465,6.206583367332558,10.552145880773457,25.84864453420387,0
DEL_1758,371,9.193825380321261,2,13,2,13,0.20196380690943203,0.4002722628696807,1.3918061329502236,9.355900083582446,24.55196886836806,0
DEL_1759,457,23.472310732724956,13,27,2,4,0.1397440650254487,0.30164622299863947,10.833232689244195,1.3333119552608972,29.300734566061216,0
DEL_1760,255,12.350149164007576,2,14,1,3,0.35408784079936884,0.16954295755430576,1.8535995644215244,2.8940351345072557,29.366545963067534,0
DEL_1761,472,14.980189018654336,9,19,1,5,0.4110318154884003,0.09783111684866731,1.1588910987773713,13.282227102014351,48.24851494649341,1
DEL_1762,107,19.28995609412758,7,20,1,17,0.8924112554313306,0.21337611783016222,0.5060220831289758,10.774358644002088,61.228154607643006,1
DEL_1763,221,16.67247803344383,11,22,1,20,0.3650771150142945,0.6244542043840845,39.70613905915106,5.064991661467831,61.20250102344942,1
DEL_1764,447,8.941608383267589,3,15,0,12,0.14271744699148434,0.18154167374937727,7.581074608260307,46.09225931015468,19.2670103918312,0
DEL_1765,263,9.046231018686603,2,16,1,5,0.4849792114424394,0.36607287523621745,5.004556791183246,12.419832088663252,28.539674903981258,0
DEL_1766,189,13.696223685537568,6,19,2,14,0.11639102372031437,0.35172664043151997,9.874638149036382,3.1489780849716427,28.965133641699794,0
DEL_1767,235,7.275163458179253,4,15,2,4,0.4172127917829026,0.17044207525267635,2.574124882657668,7.645314638422094,36.06957580733832,1
DEL_1768,285,33.19056588546172,18,37,2,5,0.31667327084335695,0.2308421330915864,7.817120335960482,14.92055688765937,64.49733459778231,1
DEL_1769,415,17.92970224290059,14,23,2,23,0.19190187322392652,0.4157956146566987,3.170923324709451,13.37638487370749,49.406281884775154,1
DEL_1770,277,17.588568549608198,5,24,1,17,0.7063977147581547,0.3429099676154069,5.444551324166882,3.393586689283884,53.23615894686209,1
DEL_1771,127,19.939923240699432,6,24,1,6,0.4904741144837639,0.1871255048508221,38.69798532571812,12.52429693140051,51.05193351046265,1
DEL_1772,319,34.825832339437476,14,44,2,5,0.3067612073353383,0.32442583577944495,2.4148433443214117,4.857342234875946,60.49086288648294,1
DEL_1773,456,44.17852466675707,18,69,1,7,0.9597095022823283,0.10716155186289271,9.632388114357896,7.338908256479854,95.07357837864875,1
DEL_1774,140,39.15891196500373,11,34,1,23,0.1712301931777714,0.04234014201656446,16.220098157826524,13.273066532202623,56.40144084011564,1
DEL_1775,327,37.73881536012927,13,51,1,4,0.39728799281425464,0.25734361331445343,37.515026434094295,10.438442709829504,62.62233498406403,1
DEL_1776,291,26.797603352038216,10,31,1,3,0.5140068569942956,0.10502664268230094,38.461359136519235,14.968014006456222,64.98202608395063,1
DEL_1777,244,36.22125006353353,17,47,1,18,0.8044217426221518,0.16043547578423228,4.260508563472506,5.772047513758267,78.78479385081893,1
DEL_1778,300,29.87430656151124,13,43,2,9,0.8914080836528059,0.22979816446124704,43.011336830064174,16.73194616647523,88.20336837694838,1
DEL_1779,311,14.7312737683938,10,16,2,8,0.8824081276044151,0.37944535406166535,6.0383005755896795,0.18948953634608195,55.363384741666806,1
DEL_1780,319,14.386476548347282,9,21,2,22,0.1150708823541843,0.12148606741018722,33.79569627704046,2.498577590020523,38.22775146268137,1
DEL_1781,339,18.337640309387755,12,19,1,0,0.5190269741642991,0.32440588162683887,1.4675637367825718,43.44296086642131,54.25453936048559,1
DEL_1782,496,45.9861201936416,24,61,0,18,0.8934411499949799,0.14790796904267595,3.3162577039822487,1.0886490040612649,88.4184541351366,1
DEL_1783,145,29.633667817087666,12,26,1,11,0.3985182449295873,0.7803033246409011,1.2343902009633954,13.013073197672421,73.87312565323518,1
DEL_1784,134,38.02574196508412,16,42,0,18,0.9155666283215105,0.34805700042862336,5.329286678449272,29.83196836680829,82.16794140870073,1
DEL_1785,352,20.595144191744645,12,19,1,12,0.14225278954881795,0.09998075185716802,31.054607337706578,23.554546313488157,42.201201044882275,1
DEL_1786,489,23.347209679935137,13,27,2,21,0.21417224706772006,0.2847225816016793,2.6022675500042993,29.26847671741216,50.10947443125108,1
DEL_1787,181,10.650451038676312,5,15,1,14,0.25863031849572293,0.26220426683711257,3.820412965369334,49.55387218059818,50.38505310410771,1
DEL_1788,470,12.708273101975166,7,19,2,1,0.4865833536654377,0.20594827572782476,3.65375037541745,5.30443324754836,48.348201983667806,1
DEL_1789,355,42.23104496717655,23,41,1,19,0.8350073581936637,0.2650185745478534,4.817512124434162,4.8085618401099826,74.68658055547682,1
DEL_1790,296,31.317738425999693,18,37,1,11,0.2741737309535811,0.36468572445578623,0.2828620504485332,1.5457602807251205,48.32830932599177,1
DEL_1791,402,20.18896096477185,13,32,1,17,0.9659713811651426,0.6893566520482884,8.270742261721699,2.700097171505497,82.73002546261698,1
DEL_1792,109,41.12830440479957,25,56,2,20,0.5053214971617158,0.434600682985694,56.129868304860366,12.6969594284385,97.95187242508686,1
DEL_1793,411,16.093395753709235,8,21,2,3,0.11026171028443507,0.20806546294841402,8.915411393967393,4.826308401527173,40.5230008590248,1
DEL_1794,385,48.921471437009174,25,58,2,19,0.8297874724822436,0.06855308284125924,25.177003256773276,5.007067178981812,106.74144058607808,1
DEL_1795,341,20.51679234857764,9,21,2,11,0.2213878026519908,0.16035746860885478,12.709500935001483,12.458919193265567,35.24410497767311,1
DEL_1796,350,20.17899293680524,16,22,2,19,0.905705781783072,0.32802834786788104,0.22492197922199464,1.3261101505938284,63.60125572836977,1
DEL_1797,464,19.036035749151736,13,26,2,12,0.18602074884702138,0.3950507819425901,13.21052092489409,0.6908492618480452,37.27963281082011,1
DEL_1798,104,10.495018216592957,3,10,1,3,0.346898528068047,0.2731441996569107,43.92490475384737,19.48485182506396,37.14641245364997,1
DEL_1799,218,10.001171629940558,9,13,0,13,0.313028247387944,0.25257249166255324,12.095092874555146,18.71893759021271,27.727416128412717,0
DEL_1800,388,34.16472655403555,17,41,2,20,0.3591846015074681,0.2444509722702357,11.259512681980304,5.8353704276297265,57.706900777768475,1
DEL_1801,473,44.38031200511212,22,47,2,17,0.72207935380465,0.5462229043744924,16.640191686454962,10.789302011134144,86.6416965721942,1
DEL_1802,164,40.57342296222531,20,47,2,5,0.5461643818440931,0.45392603842481344,30.706093479506166,3.262954754048799,80.79671099158395,1
DEL_1803,245,11.349841730960799,6,12,1,0,0.15923103597380786,0.24613876176231766,12.477739055613016,5.499511473789331,29.51060861769143,0
DEL_1804,323,29.55119548064299,22,29,2,9,0.8872786846668167,0.5054783164237189,7.824160486158597,0.4449822231380547,83.98002155770047,1
DEL_1805,338,9.7516195689488,6,16,2,17,0.9171491742552649,0.17655772254385704,0.5667761690475588,3.8359865608028527,60.695308283677505,1
DEL_1806,276,7.038258962588485,5,9,0,18,0.9026676222319466,0.28807348882497574,1.765974930740331,0.19817963922617382,46.014163014044584,1
DEL_1807,366,34.53736367231453,14,39,1,1,0.14994367519295923,0.336457579840418,15.692633191145752,6.621350748212336,54.62433279913168,1
DEL_1808,440,29.081855015615766,25,44,2,14,0.45798589212055907,0.3359958464347514,14.471919979804605,8.80071331487786,73.758337230429,1
DEL_1809,381,8.691065834516188,1,12,1,2,0.37804710896611093,0.12001192132737945,4.097369863948876,8.20622254822579,32.23803932209449,1
DEL_1810,162,6.57226608826948,3,6,1,7,0.9144642526021152,0.18070902215820386,19.036899416874675,4.999119873141451,43.52833508871872,1
DEL_1811,316,49.53903860342006,27,53,1,18,0.7784505175036265,0.49306800347584967,4.920598512110425,2.7823684613625743,94.45728010296355,1
DEL_1812,441,6.350959946708235,3,6,0,10,0.300548284128759,0.222762734466456,5.457095119693141,7.2691918228556265,12.513082095672688,0
DEL_1813,414,25.003771387257185,6,33,2,13,0.50378578282968,0.5304194031139486,0.9504479012857829,24.47611074198249,56.008262071823005,1
DEL_1814,382,27.707856107346302,11,38,0,15,0.2335047282644708,0.22181975423996056,11.98699674843439,49.05795926553732,41.659575178273506,1
DEL_1815,276,10.277606651020026,1,4,1,9,0.8726040167215234,0.0972666715115758,5.088743384372064,4.500263940411161,57.982416410821756,1
DEL_1816,197,12.607780029787232,10,20,1,16,0.865478641709865,0.11327826216430179,25.633803532124105,43.99580410658519,70.10461356861116,1
DEL_1817,204,20.831225288465863,9,22,2,14,0.37766038652667544,0.2555327841714255,24.25199761408028,6.841632943207674,51.68385733612061,1
DEL_1818,198,39.27541442961482,13,50,2,10,0.5257319000830095,0.1390235339487552,2.0621023739067508,11.400409729875879,62.39847263549022,1
DEL_1819,484,27.818709082712,5,32,0,7,0.7907420936849756,0.40944363912012804,2.615178965338085,19.538166410762276,61.84434528924263,1
DEL_1820,410,33.70558435488327,15,49,2,7,0.7199441618459252,0.21901788169085223,5.806800699940637,5.344579877762759,81.28513548584593,1
DEL_1821,105,49.332854979080366,30,69,2,6,0.5227242663959679,0.49370720409919855,13.043055380196279,2.8026094844816294,83.45706319344013,1
DEL_1822,296,39.56024458909443,23,47,0,19,0.9706296041220968,0.25547339158220267,6.289983551025819,3.827207364190301,81.82767622158136,1
DEL_1823,450,24.546267416354798,13,25,2,11,0.2565108205367508,0.556741028090722,6.4676514153774,21.887637542302866,53.54499488666603,1
DEL_1824,232,25.089886480844694,12,25,2,20,0.5982919066194323,0.37510756178153365,2.2634017644043505,32.703844750472385,61.87784883325357,1
DEL_1825,457,32.84474346684523,19,44,2,15,0.13241561279835298,0.13056532745568997,6.133028506274461,1.650289490252708,55.69150019958633,1
DEL_1826,358,34.941434378850694,14,49,2,15,0.2052117398977691,0.06708034354440559,9.53468500888603,14.230154645184097,54.06983640774815,1
DEL_1827,122,27.53199166265021,18,45,1,9,0.8258509326623392,0.0852293614099942,62.71746276686079,0.42633682457762073,83.09049181609662,1
DEL_1828,152,34.0187550266741,15,34,2,21,0.24865343524015185,0.12680043387488088,27.29912994449129,24.94888731299725,63.459996305080125,1
DEL_1829,264,6.058962248634445,3,8,0,21,0.5099233306072873,0.47003730456016574,23.624212274360875,23.324402486548557,44.101796326839825,1
DEL_1830,301,24.333028875357986,14,27,2,6,0.2666006469800002,0.037962324120379164,12.308595124297545,17.87869475085042,54.1441480439306,1
DEL_1831,182,17.552213423306455,8,19,2,3,0.5059904777379618,0.12835494611177742,6.696412889393997,20.873274756504717,43.16089545741818,1
DEL_1832,244,10.812850035939967,6,13,1,23,0.44286438229447933,0.5178918781652185,29.16803869100642,11.12668828948004,43.328457269213715,1
DEL_1833,184,9.479593076394881,6,13,2,1,0.334261218362392,0.22273797071015686,6.40254304269458,1.9122786983422562,36.21547305792854,1
DEL_1834,177,32.14364745266003,20,40,1,8,0.9316971151379759,0.29499306814285214,13.47661514947953,29.519009478783673,90.10098705448489,1
DEL_1835,465,28.56202462186753,15,36,2,14,0.18882977413570093,0.2538586966933763,4.459436757106322,1.8241576783732998,45.10930152193562,1
DEL_1836,100,16.411285264836614,6,13,1,21,0.1579419743075933,0.257994352468058,22.46909822672778,3.0617878150920412,22.856141895378116,0
DEL_1837,150,26.192752644763154,15,40,1,13,0.45847139516319624,0.30187125321509434,10.839663212407011,6.800571704817186,48.30621793092251,1
DEL_1838,272,27.150454183208375,18,41,0,11,0.5242865906081996,0.12381062566533875,33.83101971584372,8.26898385753256,59.74755953110237,1
DEL_1839,304,13.775404119737711,7,20,1,16,0.7872530371749336,0.11554154128373567,12.621232043107941,1.2153304064200725,61.733979591848495,1
DEL_1840,359,34.344187784674276,16,32,1,16,0.8346363877061355,0.07239386247866324,2.6923676758171204,17.209622731555253,75.25675805011889,1
DEL_1841,468,40.14137103737407,22,54,2,12,0.5450392070973905,0.6415421318960856,74.31608049757897,1.7723455218383788,107.6344870494873,1
DEL_1842,387,40.61585934002835,17,44,1,7,0.7132323560409455,0.024849966062725312,10.456302130869863,12.76218130563593,78.09766325337881,1
DEL_1843,133,32.111142381655476,19,33,0,9,0.9343691953008448,0.4571230073955458,4.329398819528786,7.217337888734228,77.02707229175992,1
DEL_1844,447,28.023736213355633,6,41,0,12,0.18361180190364743,0.1229953994089281,5.991121980761365,19.9880273934729,37.657415435345676,1
DEL_1845,194,7.74532143524277,6,16,2,6,0.46568053368537166,0.42233420243597153,1.9385526644261264,4.20497701039346,44.24090970631234,1
DEL_1846,171,17.952408448322263,5,28,2,2,0.47683830174010877,0.5117611766371579,1.152246572366538,21.733285178385664,58.03439763953241,1
DEL_1847,138,9.197215105017644,6,12,1,23,0.1769882875667547,0.15676736608463954,8.983006789650497,3.4883990338426547,28.321760780549845,0
DEL_1848,253,48.37204223953131,25,50,1,14,0.5547916359839038,0.4089166906937816,45.50871620478228,10.24944540140968,91.429549438267,1
DEL_1849,349,11.078606580159231,4,11,1,23,0.10439261739273539,0.33694443908120886,1.9683416136860383,7.989007734524075,31.103146062829914,1
DEL_1850,261,11.829893443299593,5,13,0,6,0.3173024981392376,0.2082280140087049,34.953076346121286,5.217055612469999,31.779157992020533,1
DEL_1851,217,45.03094782487215,17,41,1,4,0.11073952481979846,0.6289879026894692,23.898629116379063,0.14217266026054076,69.8424181102943,1
DEL_1852,358,47.4767727564406,12,53,1,7,0.8179231521472302,0.23683192815675738,24.63146830259269,6.086953897996169,77.70991512033228,1
DEL_1853,478,39.46230676557094,13,47,0,20,0.3060780768756822,0.18722145326275766,18.565702704523158,1.5116648922783915,53.60425483877389,1
DEL_1854,405,5.243221565270144,6,6,1,16,0.8258502716078937,0.376722147435838,13.441281326352769,3.061144039296646,47.9796769036215,1
DEL_1855,367,5.0605821930453665,2,7,1,7,0.7029410728231181,0.15079290289456354,1.9411682115289166,13.988572653371168,46.538748625494016,1
DEL_1856,153,22.014534640435286,8,35,2,6,0.48428761453934255,0.5031821483028734,12.858046271223227,10.16365529058747,55.86878777432149,1
DEL_1857,335,11.452791650490164,3,17,2,6,0.4611108001707146,0.3399270628607979,6.507450410572012,8.985941298932367,37.809626646332696,1
DEL_1858,488,5.827376396821878,2,7,1,1,0.15093872088870067,0.08602221663276315,1.6690753113440404,9.961818426677734,19.285470845451556,0
DEL_1859,321,25.88300102320271,13,28,1,10,0.3087192630722442,0.3845061797005158,24.4314488721785,1.5347284218559354,38.71153834993892,1
DEL_1860,350,47.43778538331372,18,55,1,11,0.5079752490326137,0.04940199278870547,11.863008622413952,2.1587222785142104,71.53565061345031,1
DEL_1861,412,19.571880870609412,7,22,2,11,0.42715009074199695,0.46205448646831176,20.494745620366494,9.391643427578451,48.39652691876741,1
DEL_1862,211,34.751330529291344,12,50,2,18,0.7530776842131416,0.4460725236066775,9.794771508148639,6.2672449391595055,83.52066590206067,1
DEL_1863,354,34.350590890959836,16,44,2,2,0.21346301600478926,0.15397713567231774,12.034964753966433,7.46560216836567,63.752021276688836,1
DEL_1864,402,16.298604664932547,12,16,1,11,0.26252993047041306,0.45256063842048355,18.689808224405507,25.358691202360657,44.17580429893195,1
DEL_1865,306,34.26913619707389,23,44,2,5,0.5779056054404638,0.2513737078776674,4.254292491077812,2.457225664757934,62.61327684610084,1
DEL_1866,328,14.555028842910108,9,15,0,5,0.5234626286291568,0.14052006220314406,28.164514792838954,28.988815251475607,44.52771212454627,1
DEL_1867,440,10.490333610960008,7,6,2,18,0.8691658101203887,0.04664411871494958,8.195453930049775,23.37990573121913,63.31854921540468,1
DEL_1868,497,36.562247850186054,28,49,1,20,0.372346535492841,0.5457588564692071,18.490181054925323,27.84750210158129,69.58675926658168,1
DEL_1869,165,10.104836769676254,3,8,0,8,0.8526215428804916,0.28362647964825616,5.919662141555183,12.305284107706271,45.644670422121536,1
DEL_1870,174,49.86091483652099,31,56,0,22,0.32182992960500834,0.2747072293749853,18.183845531045865,23.935497406729148,83.59609723431007,1
DEL_1871,202,13.25535805176032,3,13,1,8,0.9198182936265087,0.35800507989964747,0.6674496604897964,56.78160911624525,67.3451558731767,1
DEL_1872,291,31.73638382404059,18,44,1,17,0.709324956271674,0.5183062684069953,39.731549751543156,7.6506204183099165,77.49194527815403,1
DEL_1873,351,23.511855713566522,14,34,1,9,0.8895323177919291,0.20001154374914235,23.18953370768667,23.749371047622844,79.3236326849156,1
DEL_1874,325,10.687389008255021,8,10,1,9,0.8889440991172541,0.15421327673775362,16.395667704528943,28.082549409289996,58.77816059617974,1
DEL_1875,393,6.252975840983603,4,11,2,0,0.5375632018018107,0.1650621231346389,5.870818129720529,4.4486960230094965,38.030749594398436,1
DEL_1876,405,33.022952703177495,17,37,0,17,0.8231143795520929,0.1952938101117605,27.733285956958305,7.015941204583755,71.6031846374822,1
DEL_1877,197,41.30409037051067,15,51,2,21,0.10879381712622424,0.08935007180431717,21.894977597423892,10.230626300511535,60.753687956489344,1
DEL_1878,437,42.89070476780348,19,50,2,9,0.9860316474109942,0.43737262443360087,9.051914117197063,5.15382905346578,98.1354515604881,1
DEL_1879,385,26.72210628846205,13,31,1,6,0.35556311758723214,0.5529909941823481,3.2994137141249515,4.665861764399272,41.80583504202097,1
DEL_1880,434,39.985496023207354,25,38,1,7,0.745441356691255,0.436558933558319,2.8949268610705627,5.750298134880953,77.27179333184085,1
DEL_1881,446,35.27812100698451,16,46,0,10,0.561421030572861,0.181692045517246,10.047200312905106,6.617818121713139,46.432568686291816,1
DEL_1882,407,37.591453737460995,20,54,1,21,0.3257729423945427,0.41632043343946434,22.946104791465338,3.4885561984447397,62.91864375155868,1
DEL_1883,348,27.166955234981636,13,27,2,5,0.2502298167110788,0.3332892178115281,18.800871995437006,7.693762954263061,53.274838205165814,1
DEL_1884,265,33.50352831089572,23,42,0,18,0.9319433353938025,0.23317962798104058,10.205368311262562,18.10144864854984,82.16824693154818,1
DEL_1885,434,41.248666110922564,25,54,2,8,0.9651297155873806,0.35257689233112777,3.4303946870567588,11.753541306126666,106.63101431281432,1
DEL_1886,129,22.904787900066037,9,29,1,10,0.23748597841486815,0.42580007726546637,4.101372603603054,5.731859917987114,35.53076365740721,1
DEL_1887,346,41.26905053904127,27,56,2,1,0.5553693628403708,0.5382365702897943,0.8904784380115429,2.0380200084728033,76.58878792243051,1
DEL_1888,205,31.640757925507828,19,35,1,10,0.30932599045195164,0.3932607230469376,2.9182709482647335,20.850176630300705,55.4433775137848,1
DEL_1889,150,12.465546096685381,10,6,2,4,0.5950320842330413,0.21948705560224116,0.1926213002227598,8.592870101487604,51.41199918218091,1
DEL_1890,180,6.110787075106307,3,6,2,18,0.9531353295753798,0.050720742051198815,16.83565081879092,42.5853533764041,78.8731692874305,1
DEL_1891,232,21.32391201796184,17,38,0,16,0.8381134495148319,0.40702170695868717,13.309703026652407,3.4953543711264343,69.38847140068937,1
DEL_1892,384,29.601334773335292,14,38,0,17,0.829015627533146,0.4332000925369335,66.2882480621025,2.3159269653278223,73.9815110903426,1
DEL_1893,487,42.79191584915698,26,54,0,21,0.5341526866223932,0.1756938927445981,21.58107236266328,0.09647438127062338,63.0028816087202,1
DEL_1894,237,10.736855606311078,12,11,2,13,0.27697655496187257,0.2409236429039728,4.24022929920835,1.0348486299452198,40.440349755150024,1
DEL_1895,283,41.00928564576106,20,42,1,9,0.7762649681302913,0.44181168571071816,18.459491486647046,5.841440024693873,81.40332455217792,1
DEL_1896,429,43.835407073025216,18,41,0,16,0.8211225290431757,0.09437529858549568,0.1836965379459873,2.6513588956609815,76.50257648414421,1
DEL_1897,372,11.78093691503752,5,8,1,10,0.5264960175160597,0.3451387402796591,64.20032592710797,0.4634381495588449,42.308437427193915,1
DEL_1898,439,43.321744368689856,21,40,0,1,0.23871571518761173,0.12386885961288127,14.295694295353186,3.064402510021579,49.94252984085886,1
DEL_1899,168,49.61541055292564,37,60,0,9,0.9996499712899634,0.2851402897009233,1.911879410885651,15.656773282240888,95.63289501004543,1
DEL_1900,133,37.70774739717069,21,51,1,20,0.23936565801719542,0.1932416411412536,10.35284975499475,15.967791441299083,64.69580052092473,1
DEL_1901,361,40.31463568212446,18,45,0,0,0.20761176275403762,0.27189680057251364,42.3555393690589,1.9450862013420376,45.10398940993214,1
DEL_1902,152,49.748687040149306,21,74,1,13,0.31057286014881,0.2757850739792359,28.426836226477953,33.078581825514405,76.29009252096311,1
DEL_1903,304,32.24665627366754,16,34,1,10,0.2673533761117448,0.4992887153086955,5.326977162557727,2.0784785953893032,49.59369077572483,1
DEL_1904,225,18.854887190731223,11,20,1,10,0.493573478168958,0.06759438284634037,7.566352277650813,1.123044186713191,35.739970400039006,1
DEL_1905,334,42.6888875334225,27,51,0,9,0.8696059217006558,0.5518639588364107,28.816900865286176,2.1342777625989573,87.59677567836205,1
DEL_1906,142,32.6518599880234,22,33,0,19,0.7273043246050331,0.32068624886790836,34.54051608054985,1.817143306898411,67.6513788424295,1
DEL_1907,339,31.153794067443044,10,40,2,20,0.5961369805943736,0.5889055747333315,36.90561832521799,11.98649921519693,60.06931588420128,1
DEL_1908,470,16.413599998131723,6,25,0,4,0.5869189074402007,0.2595663177700726,44.31583942851924,2.0388954159791943,54.54979082687467,1
DEL_1909,210,39.0350421312299,13,39,0,4,0.5589167388389018,0.10919360757689342,10.413478203581775,12.072222089504944,51.94640266104362,1
DEL_1910,348,8.675027413704331,8,8,1,13,0.39325399649927273,0.27224022278610666,29.65533657502635,3.88548731732271,40.57324145316471,1
DEL_1911,250,46.59291818575976,21,64,1,4,0.3061553709197101,0.44390691006027344,6.39205929136342,3.4266894492036846,71.12939853988404,1
DEL_1912,282,19.662055734671814,10,24,0,5,0.25651147442120126,0.06565077698459061,27.3122694389826,27.305664282243043,45.08510320378907,1
DEL_1913,435,10.749859375549569,4,8,2,23,0.10751603446735411,0.17968565650045118,6.403351350811176,2.8946625908974313,30.30345004729145,1
DEL_1914,194,24.906493989608848,17,23,1,15,0.41590336591292654,0.03126643906399515,14.05957195757215,23.992895279253368,49.605646297973614,1
DEL_1915,473,6.911145916543992,2,6,1,22,0.3765809549542639,0.5470832491563256,9.479791731411913,4.3407200569892,25.069965477853284,0
DEL_1916,499,35.808178741923484,8,48,2,14,0.41493575778204705,0.3453534773628457,33.51537564530477,56.834726265492876,87.99476425429842,1
DEL_1917,107,45.62174797004103,17,70,1,5,0.38797745621794766,0.20531895521434299,1.0325503843692478,47.515050465891974,87.71951056750983,1
DEL_1918,487,42.67683532123289,28,39,1,19,0.8712626297904688,0.138643638842589,44.578229965763704,21.09607912209569,108.89824573237442,1
DEL_1919,459,10.731626305154649,7,14,1,15,0.44768969504244727,0.2756288723268793,9.301085624803564,24.30731495814615,40.94853867085903,1
DEL_1920,487,10.682201169847934,3,13,0,18,0.7075899848244889,0.4020021458937356,9.84913310256843,20.79696499539949,45.86455380469365,1
DEL_1921,283,41.604551704591884,23,57,2,19,0.8597978463327192,0.4499607670731117,26.387960146015132,11.919538178605217,101.36724304073358,1
DEL_1922,380,46.59144235714022,26,66,1,12,0.28282688686804625,0.3288381655954445,16.45738918193905,19.86721455934783,73.39479342751723,1
DEL_1923,294,25.730142342507012,7,25,1,18,0.94686208495476,0.20782679385590067,46.09243273669044,11.87540443670126,66.31445281497629,1
DEL_1924,451,27.45370026111947,13,30,1,12,0.5382769106571472,0.2872103815755665,11.865243379879002,22.15453724604608,65.4958823017762,1
DEL_1925,294,19.321791862357664,8,27,0,7,0.9029591436277171,0.2995613927765577,12.268817568941618,32.90302292542861,66.71820144570478,1
DEL_1926,254,45.24193032153863,14,45,2,5,0.3910865313859272,0.3533203203060317,53.474814967643646,16.795998407347327,82.03011061566107,1
DEL_1927,192,34.020630738156015,23,47,1,21,0.5415655068065652,0.31667090718561675,39.14484698233041,40.122068747009706,88.57480634459206,1
DEL_1928,259,17.971320972531583,7,22,2,16,0.8056648757102278,0.2972133101597348,3.511038333633932,7.135487865971583,65.48029847211517,1
DEL_1929,160,18.44522919744132,13,18,1,4,0.3060073663144366,0.21721746448503676,5.49968431555838,31.14532323673369,49.146637678656965,1
DEL_1930,221,45.104003287862106,23,47,2,7,0.8942615633588505,0.6592962905634506,14.725998584693542,3.077786016933681,114.09321577391832,1
DEL_1931,150,5.613531075761966,0,7,0,17,0.9306088995437198,0.41057451764425557,42.04572013338888,0.38242409700894625,53.1426492081292,1
DEL_1932,376,19.52269577269873,7,26,0,18,0.7569481355961885,0.390495738208738,12.429584147980476,1.6449216345772162,46.509759383356226,1
DEL_1933,104,29.946050654736606,12,27,2,11,0.3397392430662386,0.29507553521396207,19.79765629381236,2.0957737573608504,52.865713462611836,1
DEL_1934,191,11.669785794469608,6,20,1,11,0.11329866604365005,0.22585155079234964,1.4807178116128352,20.876376998965586,25.22732479515537,0
DEL_1935,269,9.14444393898154,5,14,2,12,0.3440718786995016,0.21047098214024773,11.091767598877201,6.150109211678442,36.79932146288064,1
DEL_1936,416,41.6874348990752,23,44,1,3,0.14691506377099914,0.5840860888488292,2.3955199309653707,3.1860114139955082,52.20026160642981,1
DEL_1937,121,45.24819748918283,30,38,0,9,0.7713022444983028,0.2906020955542358,4.5293950379410015,20.07304836840412,74.11976266598799,1
DEL_1938,425,42.062288935918524,21,48,2,15,0.4250788740074344,0.25580048211715184,2.7283070528370192,2.7096265534887767,66.08046398258352,1
DEL_1939,100,45.44545503818065,21,50,2,4,0.12821346629289912,0.30407730668373156,2.721246549457788,0.9728942181065874,64.41246658481839,1
DEL_1940,232,29.890038697626718,11,34,2,11,0.5135215090362555,0.16654120934228897,71.88611661034653,7.5326029900501155,72.65262552323557,1
DEL_1941,332,41.551615444565385,15,51,2,15,0.28079972469935754,0.4052722248706057,5.312571760582466,0.8632023451177218,61.63471582201644,1
DEL_1942,111,22.281918727599518,10,21,1,22,0.21280856960429664,0.18083475338213317,12.502869136738713,3.9243543111816104,48.035022995880205,1
DEL_1943,445,34.98205376655673,10,37,1,14,0.2269606080619079,0.1350689017451421,0.3043481173122785,14.461114767992333,50.25669157354378,1
DEL_1944,145,49.4975989125124,21,53,2,20,0.39885929368250395,0.30456497626799894,24.628346988717066,5.631065338198364,86.40223151806313,1
DEL_1945,133,15.157747572760734,8,16,1,1,0.14077646732582574,0.1298518238233613,17.102193362348522,1.0985019895383639,30.555041698295568,1
DEL_1946,177,22.545488583098628,8,30,2,22,0.12937256812891426,0.25645707991766475,3.8966951726781063,6.189917775672416,37.01060122938698,1
DEL_1947,317,26.602131978953853,5,30,1,15,0.4137565232877245,0.554364261092457,0.55089478190513,8.637412406288881,44.20904023664577,1
DEL_1948,400,11.210696915902329,8,12,0,10,0.5909547347015964,0.36136547837371613,4.815087624876329,3.455831921558898,39.70010831731787,1
DEL_1949,172,8.646737470927555,3,11,1,21,0.3417142071447722,0.5773552388351229,14.856342742805927,2.2488437293477066,31.368930467680165,1
DEL_1950,381,42.337528984473096,15,47,1,8,0.8063309777567873,0.12243723163783206,0.22979450999950765,17.20941402013719,86.7709105669615,1
DEL_1951,348,48.95574677724138,17,68,1,1,0.5735988513729694,0.2660980988225892,1.1752426838645826,0.842971300543909,87.23917976949011,1
DEL_1952,146,23.21262787233464,14,22,1,17,0.7851339286334902,0.7939636417434509,7.897906694394562,37.721598564718306,101.12294390087474,1
DEL_1953,220,8.944242628759397,10,10,2,12,0.2202705165674593,0.23424444289480698,2.903755715127386,0.09153386080975193,31.827502606041666,1
DEL_1954,313,7.961529231075941,5,18,1,12,0.5525580565303327,0.21130074298040388,14.987344417415247,12.640526966986712,46.82107803141173,1
DEL_1955,338,45.10931928621344,20,63,1,7,0.9369017151152801,0.1379351181400121,2.8793811455093565,1.7209504506389104,91.55591034323102,1
DEL_1956,155,25.871641237745596,10,34,2,9,0.9953181874213988,0.5059736611393828,75.80675608338902,9.504941116846474,93.89610888833091,1
DEL_1957,449,19.401229245307636,9,16,2,16,0.97257579314925,0.14223206578318584,8.585539674132038,2.488858650297977,66.74538205525252,1
DEL_1958,206,26.44075720577298,17,23,1,23,0.5100157706282534,0.18501048661230496,2.4081076686147767,0.4190945329366812,49.855772324166715,1
DEL_1959,418,19.32368426115563,11,18,2,20,0.2369766588709815,0.25577876616530504,1.15052679363476,23.573338180259455,47.34648433668658,1
DEL_1960,147,27.0066098888429,20,38,1,0,0.29144643714075813,0.4719493376733254,8.18540662859589,6.618399999378399,46.75490661512623,1
DEL_1961,160,43.680037861307156,26,64,2,15,0.1988383089459375,0.3014163184234777,24.839470302884305,3.8626591108946786,71.39204961136562,1
DEL_1962,436,31.653561697794306,14,42,2,10,0.4166731347409218,0.3140819098301934,8.666106949721332,35.311171625744194,78.5035514694322,1
DEL_1963,125,36.25941977645789,19,37,1,0,0.43209743459706806,0.3422333687469792,2.281196776198133,1.0265643628259484,52.028430891927094,1
DEL_1964,391,21.410180430545147,18,25,2,5,0.13426791570898608,0.4109051876226055,10.062246496599117,5.141949428692504,41.43872538908082,1
DEL_1965,356,38.23276453297334,23,53,2,11,0.43885232545954966,0.13872711459839643,6.173092022739295,2.3428917942112806,69.02906046824347,1
DEL_1966,107,34.99776881957175,16,43,1,15,0.4292272920757635,0.40629154681939117,10.453369717342781,56.79046577582308,80.78941570540854,1
DEL_1967,212,10.380289898842541,3,12,1,10,0.11756722921150967,0.3246662274735404,7.44243576988878,9.47641425252198,25.406990750228385,0
DEL_1968,454,30.768928390201307,13,37,2,17,0.8411858861981454,0.7461020446232534,15.657136670428262,20.06987897761555,108.8096517418549,1
DEL_1969,352,16.55345733393911,15,20,2,1,0.4069692167928327,0.570950595154261,24.415905106247628,2.1428325157474535,57.362335806495835,1
DEL_1970,279,41.18430513351168,28,43,2,16,0.7147594454686693,0.3256439668227118,32.633102138045935,4.356363160159516,102.09307041213927,1
DEL_1971,306,24.167196881012277,9,23,1,16,0.7749731142118556,0.19086202493674725,20.28071977515195,11.598529622784984,55.42006211823895,1
DEL_1972,402,49.76078743384192,33,62,1,19,0.9167381293983304,0.2711747545898757,6.57810943520435,2.352617423693285,112.69817405403589,1
DEL_1973,226,9.16251970725337,12,8,2,20,0.13358918600092282,0.30555806730473056,8.92556006350646,8.319264446782784,37.99708713276464,1
DEL_1974,155,40.115653823307134,17,54,2,3,0.43592649748532764,0.2636638140865684,15.398510587213268,32.19097508854738,91.53177750649783,1
DEL_1975,313,35.31657800939704,18,51,2,5,0.4026101261716598,0.1839620540494389,3.7236229723195544,31.95446198016348,71.58747869407685,1
DEL_1976,113,39.537447376581746,20,48,2,23,0.5945292552914809,0.07918649493839344,18.147992993694885,5.2598340543190085,79.38700708600395,1
DEL_1977,127,18.838840797070535,5,25,1,14,0.21565414048813095,0.4843081001110482,15.738324396056548,8.711561505411598,31.449095037161033,1
DEL_1978,177,27.142452022208026,8,36,2,10,0.2977471932069051,0.11770011581044151,16.02796007152013,2.6538702925695263,43.01232671279452,1
DEL_1979,315,40.84288338756688,19,55,0,17,0.7004559253689917,0.4133237665899808,6.08183250988416,46.08555825210113,84.23507114586772,1
DEL_1980,485,15.464359922938474,7,17,1,16,0.7656105991080461,0.19710402321804973,13.803233800802369,8.804432045620125,53.90169935313456,1
DEL_1981,464,15.171493855489343,5,26,2,1,0.3072839958645508,0.41548408940095505,3.304687450869507,2.772796297466151,38.03974380722165,1
DEL_1982,253,29.797292898271955,22,36,1,12,0.4860741622624841,0.06756750670619542,3.1551864326862433,22.353560181800464,60.96768955130854,1
DEL_1983,113,28.56036107884351,16,45,1,5,0.17847136326062815,0.19835536399958678,21.94897856536741,6.544467601513027,52.05674676208482,1
DEL_1984,286,17.701811168581976,6,14,0,10,0.3048921968726094,0.10780670088866179,7.159904006581149,12.131732121614874,33.314256501443,1
DEL_1985,411,18.413404273617026,5,21,2,19,0.9747036082016369,0.1974791456974236,11.798647853996101,22.26153202730291,74.96834566547616,1
DEL_1986,470,17.50303234429545,9,21,1,6,0.5748394324705096,0.7155213460377512,5.1954001697135705,4.438911504769937,65.26986181116374,1
DEL_1987,106,39.71804278993194,24,37,1,17,0.8257995811982929,0.5142979081902539,4.034966138173181,10.35029869717728,76.86970762544013,1
DEL_1988,102,34.33553895031073,18,52,1,16,0.8751980428822576,0.3892432079147731,22.702834568705534,0.6930793249970102,81.89147610016002,1
DEL_1989,210,42.45877325346137,10,47,1,12,0.14113036147999233,0.09619104577248454,23.711382570566656,3.207392265106457,46.748632841750286,1
DEL_1990,337,48.89628627413098,31,58,2,20,0.560691760999041,0.5711927560029568,27.144437681906187,1.7925288926075704,91.67582309492265,1
DEL_1991,462,26.33739333223939,15,33,1,13,0.4119093837179004,0.31687599681918455,28.908044095313123,12.400324629095651,52.6912225578094,1
DEL_1992,338,8.001224663245198,6,7,1,8,0.7600358918352019,0.31440805021171253,7.9496075327716405,3.5268859173075153,52.2109866371351,1
DEL_1993,373,7.164153968541594,5,7,2,12,0.12113581761088807,0.6142105400304749,24.829660710098132,17.124692772332708,47.75232088246104,1
DEL_1994,393,18.30492676722286,13,26,2,5,0.18748925447709655,0.34304873381924894,6.368214451468794,17.182361621421805,52.50785601916197,1
DEL_1995,326,46.96450652086029,26,52,0,21,0.2900244133231814,0.47022439102226954,0.8092104256913565,18.40327291905274,67.22963877101604,1
DEL_1996,470,28.54458747368937,19,25,1,0,0.4106799507978218,0.06441900198497821,17.535723889677477,1.7074420060721918,50.24977057547618,1
DEL_1997,114,17.230393223605812,8,22,1,0,0.26475883653600896,0.14808073505122743,3.327655040478942,8.9597972118461,37.844389002576165,1
DEL_1998,291,22.96250575299588,13,21,2,3,0.4559370101991953,0.12724017881809294,9.007755987265186,13.639541170235912,62.61280551542331,1
DEL_1999,218,31.936779833210185,13,38,0,13,0.18256477344083313,0.10858346476796461,2.684556854023122,4.677010067472083,35.898448673503815,1
DEL_2000,127,34.382734616202896,20,70,1,17,0.8124077822803434,0.12304984966945863,7.452269664072927,3.614296240004538,78.8421167374082,1
DEL_2001,301,11.926377940230726,2,12,0,15,0.29898308885396996,0.24361477449940958,32.42491816809638,15.188334183640162,34.028565403515366,1
DEL_2002,138,48.966425444532916,16,58,2,2,0.3541204893492601,0.32727723797718583,14.245858242785394,5.193370531887069,78.09108238890317,1
DEL_2003,372,29.514750214225497,14,37,2,5,0.3848165305354422,0.14424100661014794,2.404980497066852,3.4342697299649556,55.502715875665444,1
DEL_2004,330,11.10597430065257,6,12,2,0,0.12994794013020336,0.35090111896329257,19.392123590151378,9.931351802097508,34.90393435125387,1
DEL_2005,185,45.21358640057602,25,55,2,10,0.5620121306384325,0.4802396276496278,28.24268065127558,11.623202356668408,94.5513040476414,1
DEL_2006,225,8.358729398574296,0,9,2,9,0.7437926298005368,0.23104336104732662,2.729891025928426,17.996379963813187,48.51430103610142,1
DEL_2007,399,45.848094492988075,31,49,2,17,0.7073633627795286,0.12470666240452895,20.44432889697954,0.5014927395423028,85.46810777464748,1
DEL_2008,124,49.84545453300421,25,66,1,3,0.3737347492137102,0.2878820189387415,11.948481181144466,2.301028638245204,79.50243593469051,1
DEL_2009,244,36.51943096204268,18,43,2,5,0.11626780151364255,0.053734630982673566,13.90511293483376,18.020439252942964,61.892186039856966,1
DEL_2010,112,39.67012494832954,19,68,2,18,0.9582550315362073,0.35926287714227045,41.959345566684576,9.108122070805328,95.04907718824735,1
DEL_2011,311,20.178627641036886,9,26,2,8,0.7302365718455724,0.2839088724826876,0.5586871707767892,19.68338611782165,72.98914128152255,1
DEL_2012,124,47.37095837302702,21,58,2,9,0.744243074589366,0.12443185762613303,15.274416744828162,7.141929270069471,94.26923065924248,1
DEL_2013,167,28.837128474876543,14,24,2,19,0.8473362979475121,0.35437543151247564,1.275079164487922,7.380566973150522,74.99008009575337,1
DEL_2014,493,37.95748009688997,23,45,1,22,0.19096218726151584,0.2738482258432241,23.380187903500232,5.689445527439295,57.91678863004988,1
DEL_2015,166,46.584847216007574,24,51,1,4,0.18815512476700416,0.21471288905972805,33.96976084757383,14.100555199574456,66.40928479046185,1
DEL_2016,332,48.88309891889787,31,61,1,21,0.36083891304889515,0.3291920503564572,1.3575671705182406,10.705235464835136,76.58273166076123,1
DEL_2017,208,42.49419604685035,23,43,0,15,0.4435719144249679,0.09165068747438254,0.3926864985552686,5.98539780920628,66.43806372969848,1
DEL_2018,245,18.63578781419135,5,23,2,21,0.11122026475433225,0.34639015873976686,46.74096978497529,2.4923847403500408,36.60158816862476,1
DEL_2019,210,48.494638244843706,27,67,2,1,0.37292024512248445,0.24045647739931494,39.162444168712284,0.028781930091853692,83.72983535580285,1
DEL_2020,327,33.26537890596073,27,31,2,8,0.8534526480622961,0.7587062519404779,38.605557219201124,1.1495485171290665,115.70538461123388,1
DEL_2021,210,46.87891143583819,27,61,2,10,0.4784407590105014,0.161511362904884,42.12265600707989,1.3693159864879894,92.63602230547916,1
DEL_2022,133,35.424726161645836,16,38,1,1,0.3344359534883051,0.22013199721209092,10.40011556656128,10.110501768736462,53.57672115876178,1
DEL_2023,210,18.82575328314742,6,24,2,17,0.9030890943538716,0.29191018767938715,56.51858457652281,17.085355117792385,80.42442989923447,1
DEL_2024,363,21.651103586426718,11,28,2,1,0.2984879877601482,0.550783062435737,33.42782458988438,7.3251057297131545,50.39852194515726,1
DEL_2025,468,29.771229969632323,11,38,0,13,0.5135447743871494,0.03497925401861397,1.5415114786571562,6.41854624050341,51.5093975976268,1
DEL_2026,335,40.55066787019469,23,42,0,22,0.45825354210708824,0.2825611577874679,25.126378055577717,1.7003167857959571,65.10912667015663,1
DEL_2027,182,19.309214810315073,6,30,1,3,0.5141286933952616,0.11996721011124599,18.69507451818503,27.75319157803312,57.216689426798126,1
DEL_2028,141,31.087902476038643,20,26,2,7,0.754993222915988,0.47270933243705365,2.159753216188191,15.945358898754378,82.11292096978016,1
DEL_2029,200,20.553124710938068,12,24,0,7,0.8388667820768508,0.1856224365657808,20.086753514744277,6.472981654035658,61.11822407894598,1
DEL_2030,105,41.70962320857982,23,50,1,0,0.2840457040594009,0.08765654359792543,9.95157372506244,1.2245883453515758,53.15654994134317,1
DEL_2031,279,26.00276421955777,14,33,1,0,0.4825724204400412,0.09366590771958712,28.844147059754853,22.45621374868477,59.66839116383274,1
DEL_2032,381,8.452527208379834,5,14,2,3,0.2807620383914696,0.21694007443359026,25.622055124819898,2.230641674852385,50.557588058375416,1
DEL_2033,419,12.472363466669137,3,15,2,17,0.91432457409991,0.08088321170236883,42.79548710426502,13.427515906127248,66.10866400634686,1
DEL_2034,325,7.7497100428834536,4,11,2,18,0.8517299913162621,0.12322349227426466,1.1739500412648496,4.979064961145135,56.551642615534355,1
DEL_2035,414,27.468632570644637,14,21,1,9,0.8724566467754098,0.1475205739072379,18.580813436901522,23.555265309309014,82.60937968694273,1
DEL_2036,464,9.785178380670223,4,8,0,17,0.7025218401424892,0.38945590352695747,7.099886860194074,10.610100588882776,50.24172809326704,1
DEL_2037,328,10.136298618933445,8,15,1,9,0.7499802116026708,0.46081538148923185,22.44121316952482,3.095792297044307,53.398362831063544,1
DEL_2038,476,47.347171701726964,28,64,1,8,0.8495692126284753,0.3025071559820201,13.840759934635054,0.15294134523167624,96.81610891062563,1
DEL_2039,388,44.26947824792249,26,61,1,21,0.5304827605014139,0.4314557797203689,10.26520873049381,2.864543289269986,76.25955232040522,1
DEL_2040,249,25.34389685651147,14,30,1,6,0.3772234103628358,0.2888373407813351,0.06365429612352895,5.4559170740445895,43.7997613673391,1
DEL_2041,376,49.36123943825926,22,53,1,5,0.14403555850864777,0.1157761860295105,14.015630079290057,14.787847887681218,64.25142135790733,1
DEL_2042,297,5.0083937676798405,2,5,0,0,0.4483015409293545,0.5775704100696137,8.180748084322218,2.921867894176193,21.791849837957,0
DEL_2043,169,32.62907553230272,21,36,1,4,0.40441435007679083,0.27058730254625435,6.0638531827859,3.6376849002324922,64.73239679440093,1
DEL_2044,211,32.73926798173415,17,53,0,18,0.8334148480724533,0.433912802099524,67.33797840371827,6.853282659061017,93.45393480825611,1
DEL_2045,103,25.58493751414497,12,35,2,14,0.5502701281607769,0.31309363322480493,18.07792353346521,0.5264311010215527,62.74365734990039,1
DEL_2046,449,22.862658782043177,11,33,2,23,0.1433338686178672,0.26705331641550817,11.64417506530181,17.552999000188528,42.612956738922136,1
DEL_2047,430,25.492241096627343,11,34,1,13,0.2865191292773859,0.22946602801951993,30.45664194337236,0.9843462781656136,42.91966556208419,1
DEL_2048,417,23.67321962358562,12,26,2,6,0.1472665265633283,0.6043669475700744,3.864049952959811,16.028068744938324,69.10572749179954,1
DEL_2049,449,37.872161486703476,20,51,2,8,0.8877929861356788,0.46131479767917416,14.510120190796934,3.7430786953901034,84.92964021095916,1
DEL_2050,194,11.090994573797783,6,17,1,11,0.11769206455473599,0.047575351347068244,29.591070738836713,7.392688617530805,21.86281121798459,0
DEL_2051,251,13.893764926600857,10,15,2,16,0.8720665999883291,0.2531851667006276,1.9787440415399253,6.339641632280442,67.11852786839832,1
DEL_2052,410,13.123320277659062,4,12,1,17,0.8915140261960839,0.4274660041201867,4.039561699677952,3.5044828237513874,56.17414472744837,1
DEL_2053,236,16.811176330456902,14,30,1,1,0.22569116955111237,0.16229818156574688,1.293702063969864,3.543939436660148,31.331604304707263,1
DEL_2054,346,28.63662884517125,11,30,0,16,0.7204091583890567,0.23633680703279195,73.28002688299813,35.72289557886299,79.72809113493444,1
DEL_2055,486,10.004393630219843,5,13,0,23,0.16350216579085178,0.2504771155566195,13.045144664862708,4.374267651183533,25.099066817559063,0
DEL_2056,342,44.06761828969268,22,54,2,19,0.9300573681789571,0.11169825819886811,10.085051972760818,2.426748511627939,97.15842250613001,1
DEL_2057,130,18.381268908881253,10,20,0,6,0.31429092964655647,0.21045012497404783,6.197209935612171,3.4600639267669697,31.668861162640038,1
DEL_2058,139,12.314209436091854,7,16,2,9,0.9661615664570742,0.3996102996461854,8.952567395890949,14.257255596099222,63.53401693438968,1
DEL_2059,328,35.40295893192095,22,64,2,14,0.21896433203241913,0.6285238455035465,22.432069923966665,4.433266258660817,81.5947179596294,1
DEL_2060,135,6.713883526969368,7,5,2,0,0.4509198397972388,0.29535633975187764,37.28280695802981,2.2591928984312064,45.56377743528627,1
DEL_2061,322,32.89858541933739,23,33,2,23,0.599487989526285,0.36505430098351926,1.66305500535243,6.423161098089693,75.16230080114848,1
DEL_2062,105,36.41892938044249,20,45,0,10,0.5321254364656439,0.056949310678170134,5.34218535938243,1.5005929558379205,62.521151987714404,1
DEL_2063,421,14.671243912402364,5,16,2,7,0.9646193184906791,0.14791262420147655,3.144677306697864,6.10325407587327,58.55124130395328,1
DEL_2064,319,6.8883833049635435,2,8,1,11,0.56995625052655,0.17498813919270867,8.576846838527855,23.785226684877067,45.8333903664927,1
DEL_2065,174,21.364041151375233,5,23,2,2,0.59555458622857,0.40918313739069573,11.340798423560413,5.600023750262373,48.22118731087157,1
DEL_2066,103,9.436740360887141,6,9,2,14,0.38513694568055223,0.7646040476021707,19.16321166217628,8.661967130081727,72.21644047088067,1
DEL_2067,434,10.241503235300168,3,13,1,20,0.23681506286328233,0.8154833872207523,31.270814143172053,18.678779406434455,68.68148874233339,1
DEL_2068,233,16.441755415018903,10,20,2,4,0.5574916297990361,0.30242897293104715,11.717543203703482,8.707423083341155,53.916121330416885,1
DEL_2069,217,18.296056608204168,11,26,1,4,0.5220973877938091,0.125942369646905,10.063993944478895,0.5825819503010249,44.75803078347228,1
DEL_2070,468,28.848665345963926,19,33,1,16,0.7046656743509763,0.1922636377197452,12.861589037370665,2.902872148583703,69.8319020487846,1
DEL_2071,193,35.52763484763559,23,36,2,1,0.5681873508911168,0.5210893607329223,32.89388500347611,26.961680197916973,81.21077203086392,1
DEL_2072,161,31.674692339158316,18,20,0,0,0.28310991860259926,0.29233674333732174,15.68514396587299,19.445087456529713,44.12863390812498,1
DEL_2073,293,11.676215178028256,3,15,2,17,0.9734847586814842,0.11174591203501201,23.223195403336106,17.15886678326175,60.61374786376982,1
DEL_2074,434,12.74387146036819,5,14,0,8,0.8075136189009389,0.5833469311729472,19.067365234859484,9.51480685646282,57.45095683626319,1
DEL_2075,302,44.54461624068115,19,62,2,4,0.2600091574859624,0.02787440914079529,38.55867568173421,5.2297495051121805,78.2592964722596,1
DEL_2076,491,30.125854177885113,11,28,2,19,0.8249637170035503,0.14872136997148774,25.46891771111428,14.225116812857966,75.75302431330549,1
DEL_2077,125,44.147202480396004,28,55,2,12,0.3898868608857563,0.2976377982866081,6.260124001019765,13.064539506907629,80.3107316500641,1
DEL_2078,272,21.719593009394348,13,32,2,1,0.3128177187122294,0.19974358681651405,28.900147885711036,12.352220548093864,53.67362865348595,1
DEL_2079,399,32.64800033440957,12,37,2,21,0.3062894786002518,0.2528204507687011,9.451061817120076,8.406281614940031,55.17334869958955,1
DEL_2080,232,28.564853722457485,11,40,1,12,0.46865689731276605,0.32789068956045364,28.181607129428095,3.6033666036057905,56.091016284447065,1
DEL_2081,425,19.360557041920814,5,19,1,7,0.8797566094681488,0.091736851140623,35.426456669537885,6.86032192934097,69.47589241885534,1
DEL_2082,217,26.146191741511792,19,34,1,9,0.8190505154919296,0.4202023221818328,17.34057387080766,8.612172301397981,71.28980827006411,1
DEL_2083,423,27.612089457211944,11,38,0,19,0.9707366163748654,0.5241331834885453,19.0347690083002,2.9202497917948165,66.65898880758414,1
DEL_2084,374,14.034693864050537,9,24,2,5,0.4536262642917088,0.25490040867970004,2.2816878692582523,3.1372457342681663,41.21090658007989,1
DEL_2085,311,19.175466756952922,10,29,0,10,0.31098168310429264,0.43414423614127373,5.86999334453707,18.83357868190987,33.047419169977026,1
DEL_2086,324,40.6134387728139,19,50,1,13,0.5828934108191411,0.48819350425156544,12.2376054845772,4.62395059718984,73.37762736869311,1
DEL_2087,119,46.210470775435724,19,63,1,9,0.8504922218470585,0.03443707379796121,0.05282006717072942,43.647407348191706,90.37579771781752,1
DEL_2088,212,21.190734209538476,14,30,0,9,0.8505945932662932,0.5036307613722827,28.187031289673136,6.880870476459593,71.5947996643666,1
DEL_2089,239,18.813752699405818,9,19,0,10,0.5020321515709493,0.329362915165543,6.91814467806365,11.26091390261635,44.41654575186327,1
DEL_2090,146,13.783872405734714,5,20,1,3,0.46935044056735986,0.29099314176127866,19.277650109194138,8.412731556067188,29.591465358042168,0
DEL_2091,100,35.53210258927616,14,49,0,23,0.23567774808218447,0.14615418036100633,21.99940214804658,8.153848225085252,48.19704783867427,1
DEL_2092,189,19.539486574985176,8,15,2,2,0.39737994006434263,0.10724018745195754,11.913852854711148,26.487959203791704,47.87229862451674,1
DEL_2093,241,49.448729259463484,33,55,1,8,0.8342186031184236,0.6881821249607321,23.425906096139922,1.1716122437215057,105.06360679941761,1
DEL_2094,419,19.655816092877895,6,23,0,4,0.36355737207679606,0.20043050681685473,17.204808449649597,5.09091230231318,41.29450139454386,1
DEL_2095,137,22.736122105218268,14,34,2,0,0.39778065219335446,0.0710862579187416,6.690663313608115,4.0426579614829405,56.43423097886055,1
DEL_2096,392,32.150038829541565,12,38,1,10,0.5968676485063457,0.3681340312146844,25.405017853537462,4.73438040847309,70.26304008955071,1
DEL_2097,481,41.075793193608725,16,38,2,7,0.7690233418058975,0.1685610486576491,15.161306794365144,29.245535755508932,89.7783819083941,1
DEL_2098,238,26.128339940553516,14,30,2,20,0.5908408471174816,0.25733926118572764,2.6189574085994662,0.8694210449782886,66.2784984400623,1
DEL_2099,455,24.019521520503126,13,21,2,4,0.37434219547351855,0.2691178871581748,22.230460883431686,3.998627405610411,55.98476442603838,1
DEL_2100,432,49.803702511766375,36,58,2,1,0.25904694645116755,0.22791270602578742,16.91383694486317,16.058301303206903,88.30467635266305,1
DEL_2101,358,5.4722138512975,0,3,1,8,0.7925089731650334,0.2731744264922849,5.024770483979703,3.273541753929157,45.65291346857986,1
DEL_2102,260,45.27793799830606,27,58,1,5,0.4113442466733538,0.08582601524904221,27.675327483314987,21.485289574211606,85.48996999195302,1
DEL_2103,489,11.711337167288185,4,16,1,10,0.25571903436805044,0.350356832655782,7.026253800742214,4.80426056627588,32.58628705312771,1
DEL_2104,277,40.3666374294011,14,51,1,9,0.994976207145684,0.1360173794378023,12.069204190377654,1.441533910243206,82.62312070663178,1
DEL_2105,109,32.806920193083414,19,34,1,11,0.4109971367696824,0.1326902255240229,6.30471333169424,8.78802072658005,49.252718869319956,1
DEL_2106,360,20.383127847414144,12,22,1,2,0.5517357061658141,0.16216768624266414,19.330270144857582,8.592932578075068,57.25744683537455,1
DEL_2107,237,44.324372998445824,25,65,2,6,0.21880181892270248,0.138162442981563,13.05443020181146,0.4790100110324974,67.21930157607933,1
DEL_2108,271,5.580825259144639,3,6,0,17,0.9139719645176956,0.41309860108261937,9.531470856124598,15.186408059956374,42.67215229315988,1
DEL_2109,485,15.201079343371566,8,20,0,22,0.3253806865470671,0.38478815807784084,0.30793055746924786,1.8342275540306878,28.84202806375682,0
DEL_2110,112,30.510175831229123,19,35,1,11,0.16495783734422156,0.167292797247812,14.016231400491494,2.8809161415716646,46.08724678462991,1
DEL_2111,267,20.819401702236412,7,31,2,10,0.2580913366566887,0.23546628691771937,14.606896155084666,9.919633436415165,49.18348231908701,1
DEL_2112,229,32.46698728932475,19,43,2,1,0.12863851722351452,0.29701385235443195,2.9993790655624153,26.57276606144975,62.457930543216406,1
DEL_2113,183,6.084958703390007,1,4,1,20,0.25966641592616635,0.3374291000620496,6.058951305271798,0.2501017306633466,22.927071582976943,0
DEL_2114,420,10.240651871677063,2,12,2,9,0.8073259878203464,0.19822288707948907,31.65320199944313,20.762098809253573,61.682435499309534,1
DEL_2115,418,10.719330809829765,3,13,0,12,0.5627225279488991,0.18698691643722812,11.94983316962386,16.836199678664485,28.88752215598901,0
DEL_2116,200,13.517764066220424,8,20,1,12,0.15087297833986854,0.24068306851811003,8.566059441490587,2.1164385889507704,25.737655994956675,0
DEL_2117,428,25.669914836024425,10,22,0,14,0.5086706802317922,0.27405140492961744,41.224118102057176,5.602577734149588,52.669222167415285,1
DEL_2118,372,38.8457914794607,18,53,1,12,0.5530632051847566,0.1120248562893542,25.065352909106487,28.36993320852966,88.74952445275233,1
DEL_2119,364,45.74924770680055,22,43,2,8,0.8460094413647343,0.3231347524313541,1.5383333101370003,1.8993126321647065,80.42310281780354,1
DEL_2120,498,42.591763862791076,25,64,0,5,0.1269631080007759,0.08179043121470178,29.377206367119836,1.4167671473451229,47.61360539225272,1
DEL_2121,137,13.85995422990576,7,18,2,2,0.3978928417128845,0.2210028118263566,2.4331180905612513,15.945955339129384,48.05133396700261,1
DEL_2122,193,24.851774850378458,11,30,2,19,0.7259454544122768,0.39051288962394853,2.8819849176201098,7.639279311085454,66.03567306475735,1
DEL_2123,194,13.973521899134075,7,20,2,19,0.9776859747016637,0.3996063978574384,1.175060070748982,4.010936382515955,60.80661644292441,1
DEL_2124,404,16.901231750023584,9,21,0,8,0.9783194987637924,0.15838051857520657,9.847921585039664,2.2629509291187544,62.61421284956826,1
DEL_2125,168,27.659614168034878,15,25,0,3,0.2781911974189234,0.08548452434673794,15.521440600772037,15.371214914844145,38.987899634001586,1
DEL_2126,417,8.064906112558514,6,2,0,19,0.8519228727025906,0.2521114727007754,21.019016233186484,6.9471883205807226,59.608373155847026,1
DEL_2127,335,14.817844831697295,11,16,0,4,0.39562552766438275,0.5066390035748328,0.40633317752263653,3.2838393028338544,37.85666860477573,1
DEL_2128,433,47.09201725882028,21,61,2,21,0.5146706368606976,0.049780022549919464,2.93769299126053,34.45766621582892,92.35399173651643,1
DEL_2129,472,25.975233169632006,14,32,1,23,0.12919293183500932,0.1927007019615777,14.562102382571295,9.880862143380902,43.644474650960916,1
DEL_2130,475,25.042393669004248,11,35,2,11,0.21745952236258173,0.13683308683323925,11.18504539974101,5.2291367918435885,49.246936623908,1
DEL_2131,236,5.6555219638075505,3,1,1,16,0.7881420741300027,0.41289600913373087,0.7907920405361821,15.260937927678597,43.804022078500815,1
DEL_2132,175,16.13298861762556,13,21,0,4,0.5402141162227326,0.313743311047712,41.09542162606642,8.232318769641301,53.14598935130144,1
DEL_2133,134,43.98315961919816,19,57,2,3,0.5067158364066088,0.2740750480140601,21.31393279902527,0.11356017922025156,79.13197766165945,1
DEL_2134,100,12.408279271640094,5,13,2,7,0.9220765341363932,0.3421276058205502,6.666121423565858,22.03835289139971,72.79380327747714,1
DEL_2135,395,23.680622279062447,12,35,0,8,0.7723190555895928,0.6740299748807321,11.53094396199779,0.8238064388019593,78.22317380850896,1
DEL_2136,419,5.644890764015057,3,4,2,16,0.9489131006883189,0.21910319931503874,7.0322090637330845,54.51029273862271,72.10791830062773,1
DEL_2137,159,26.525096675175014,11,39,1,23,0.20680387605792058,0.105357488695205,9.11250665426458,5.164521009980909,37.47835873117446,1
DEL_2138,419,5.945949802679772,3,10,2,7,0.8243427564694374,0.24459722001239975,13.601944736625633,8.929218587535804,59.52752409501509,1
DEL_2139,448,41.882429887960996,22,51,0,4,0.3468807946392527,0.5995255391199056,7.624118610286788,92.28011769589054,85.83585017567019,1
DEL_2140,427,42.11841953691966,19,40,1,9,0.7642866484829184,0.10222554400379025,14.542122019915679,3.763453244382748,80.2696189466047,1
DEL_2141,366,40.448398473606645,17,51,2,17,0.7568857710099495,0.23160462713496524,9.386444898571428,7.4537068190141005,86.84315620953141,1
DEL_2142,460,17.75138310010032,13,20,2,22,0.5147078623735404,0.11960912507328506,16.061790193526008,16.872778892060307,60.53505201263946,1
DEL_2143,328,42.675674819981815,15,36,1,13,0.13836782987565913,0.0627793719513013,4.561674893059746,7.550473921050307,47.31533878338006,1
DEL_2144,369,29.434915967237117,15,32,2,4,0.5928647207881557,0.08905575502902649,2.81650318004712,4.874380507160288,70.27519190845379,1
DEL_2145,415,21.82136489901511,14,25,1,14,0.21499210148629835,0.34632355301543993,0.20513039319671805,1.5425967546618953,39.149632645272995,1
DEL_2146,385,33.139848186690486,9,38,2,4,0.20766969367095148,0.19966698068653,13.818800576658148,8.635239425572077,51.93085729957298,1
DEL_2147,390,5.55534707271683,2,1,2,21,0.571908123158362,0.3360500381845954,59.277998955396924,9.628722380354986,55.112933792815454,1
DEL_2148,312,11.433239492033847,8,16,1,11,0.3224012139843342,0.3970337490172278,8.18092717365062,3.1804528027585715,35.909371560392124,1
DEL_2149,264,38.403209217661825,20,45,2,9,0.9660724265668781,0.1260888188642965,3.5858196260643953,4.875686886988886,86.95607084251863,1
DEL_2150,104,15.987272392226885,4,22,1,7,0.8331715017041863,0.30455371815608956,0.19793416957764573,4.25649177731101,59.3891058053393,1
DEL_2151,438,31.910410279793734,10,48,1,0,0.5365855580278985,0.36072323294673203,10.785714091537049,6.690173641934415,66.52430162858835,1
DEL_2152,478,22.329617127036336,14,29,1,2,0.5161523826857257,0.5677889716293435,73.80768093304724,19.20801537715387,58.44564062350874,1
DEL_2153,177,43.46626004596676,22,55,2,15,0.3597393358083104,0.6082726837420204,61.81835682115057,4.851963507229266,94.49668992549147,1
DEL_2154,161,47.85868876984896,41,55,2,22,0.4525279799263726,0.034401369680779434,1.6029719197491132,3.8168953328727326,77.9867798343067,1
DEL_2155,231,44.76041277665857,17,56,1,10,0.5820140805042069,0.4224877793752067,25.42551070739625,21.979840798431862,74.5073460059526,1
DEL_2156,188,17.177899761211847,11,23,1,8,0.7529612647028006,0.4192266138272563,2.8550741295457622,19.997541997870496,65.95019773895586,1
DEL_2157,336,13.737329107073702,5,29,1,9,0.7921693259556795,0.2162736961403289,24.859858792643386,18.917615292929106,58.18755364221613,1
DEL_2158,141,26.349570212933074,12,29,1,1,0.4614018760869081,0.2542477073450082,28.815996274927397,16.293224757547875,63.861448968439824,1
DEL_2159,188,5.330036787628113,1,6,0,19,0.7849281796771576,0.2354902422251263,0.11646439969751869,26.34808300276409,45.851528738518994,1
DEL_2160,395,6.161422678843178,2,5,1,10,0.5806148623403585,0.02486633685845906,4.06259813013346,14.988728380756555,39.97424711118792,1
DEL_2161,427,29.898078783035004,18,32,0,19,0.7115339457364549,0.3368333388164077,0.873205297048129,2.2272779195032144,56.880589780365696,1
DEL_2162,394,28.42022318743787,18,39,0,10,0.30168894789551814,0.23507311944666784,10.364532085408431,0.40239135475119797,41.245524499082265,1
DEL_2163,203,49.7561895065867,33,62,2,6,0.45692553352008114,0.1451263721895881,0.4061933749047235,2.4087192128983967,78.88521976480676,1
DEL_2164,113,14.082882591369115,6,14,0,20,0.3146903129107822,0.18777887198788407,14.755911256728588,5.4427288302510775,33.03134044654913,1
DEL_2165,387,16.614676812221077,11,21,2,10,0.22962430465184416,0.23115796350016463,12.257877165574767,0.6526654373857845,41.4119761903204,1
DEL_2166,278,10.1093289046829,7,14,0,4,0.30672707877889394,0.2971836217871903,7.155862589287413,16.97633340444776,15.592973988061518,0
DEL_2167,224,46.28943543441851,24,58,1,22,0.5407583988023499,0.4732780817616292,9.292924230321521,12.303563605308021,85.6938449609254,1
DEL_2168,452,40.001506000630286,16,59,2,11,0.3735036262703839,0.5673511414316732,69.22070226452233,15.190098739424382,81.84075142808736,1
DEL_2169,122,42.005260015558136,14,46,1,17,0.9471067747519485,0.1676875129124513,2.752581022028281,1.2083117861350376,81.6069664856152,1
DEL_2170,162,45.62437045840289,19,56,2,23,0.4357614920881171,0.13902024884197378,19.697774968978603,4.783721367073152,80.15972702692467,1
DEL_2171,242,28.620499402662723,12,33,1,21,0.4059225304620272,0.28694987319625187,15.547653647431668,7.381141428122505,47.592804934486274,1
DEL_2172,252,25.303693615282565,10,23,1,4,0.3802234076965991,0.33339316926467344,16.346215880989877,11.073519866332072,41.59958435596606,1
DEL_2173,244,19.86761631495274,12,18,2,14,0.29557863537259055,0.2950281626231562,6.363166727817349,19.48068920660925,44.11367098998746,1
DEL_2174,324,31.514657645653497,16,55,2,11,0.13610015381057464,0.3612219186828786,3.6591959028030834,45.23456243148876,70.47785185767405,1
DEL_2175,408,25.442527855542014,8,24,2,0,0.41036574755629585,0.37764953043908656,15.782644297906128,1.0293573840720662,51.474863720771424,1
DEL_2176,203,25.32045139725088,15,28,1,17,0.802193004365663,0.042069491278442096,36.58030890988834,12.314746561352765,79.33702920716881,1
DEL_2177,203,47.161753867901254,20,56,1,5,0.3143820441270072,0.21315987342045964,55.937701607616766,1.738308037013169,61.735183718385805,1
DEL_2178,138,49.28141814256086,23,56,2,5,0.21704021731498277,0.08388863804823012,9.835175970291658,4.277874515694199,68.3050736183509,1
DEL_2179,297,40.84179751983113,15,60,0,10,0.22471000020687074,0.15194304132811307,8.316743206990267,17.743421823441313,49.917181706484115,1
DEL_2180,233,39.054114061111775,34,55,1,10,0.49373065261924287,0.1974449196226386,6.4373559690777915,61.59071744895655,97.21141663345888,1
DEL_2181,166,35.62511728005957,21,37,2,15,0.33968239771806874,0.04801468277391775,24.90902350829968,8.970735106924838,64.78229134482318,1
DEL_2182,490,12.473368355008116,7,13,2,5,0.15464895460382325,0.18263068268621013,4.423610337351161,5.227097213796586,25.614908924210756,0
DEL_2183,278,7.659761939404453,4,8,2,0,0.12292548244668325,0.3286015302457481,10.793210750893845,2.891045418227104,23.668964977974913,0
DEL_2184,141,36.08268418009684,14,36,2,22,0.21235773363942087,0.20277531741557908,6.348046204889209,18.30848231253843,48.91803527367593,1
DEL_2185,114,37.795380001545915,25,38,2,15,0.3437208928938026,0.16013725625312442,31.275959141598445,28.085884590210675,77.56098252945696,1
DEL_2186,210,7.113784599416291,3,8,1,2,0.40862504683751,0.3374092229997408,4.98337639465424,22.65226520171387,29.88628936672816,0
DEL_2187,256,46.76232876029817,25,70,0,23,0.17183938536345258,0.45110323721710793,17.398755337784916,8.55265685636262,57.11315724798425,1
DEL_2188,388,9.10132877501049,6,9,2,5,0.31692952320501844,0.42894195725412554,13.328254871650966,10.674722002787608,37.763857564421414,1
DEL_2189,330,17.865524019704107,9,23,0,2,0.13627609138627725,0.17630727873988122,5.970739598856339,21.740181034243033,20.35397777150302,0
DEL_2190,256,35.2575415759417,6,48,1,18,0.797155693200303,0.2960260920476554,4.411170546471222,31.71628984797621,75.63625811509459,1
DEL_2191,137,12.644266748201435,5,14,2,7,0.741357965378422,0.37058907514501044,24.428416508490542,33.56425246532292,63.34979084106473,1
DEL_2192,196,7.493714979900999,6,11,2,21,0.42916710981851913,0.18288089103251204,10.71558924886122,14.045627754087635,49.06865409441183,1
DEL_2193,388,19.901592012386743,9,22,2,1,0.4905468927108124,0.3033564711080526,14.180510164882456,2.5535922108091977,55.489312300188814,1
DEL_2194,353,39.46872086848306,23,50,1,18,0.8247626351451942,0.4551270133888684,49.08721753157694,4.504836660719263,86.32375813693858,1
DEL_2195,295,23.615540554336715,10,37,2,14,0.26107884161004513,0.29364862877322784,7.6128765052775575,3.7146117373368233,42.90658704531732,1
DEL_2196,185,34.38378148585727,14,45,2,21,0.3218956516060565,0.4246591148356571,25.25264352126122,2.2863117586418884,63.73851378937015,1
DEL_2197,421,31.08285937526615,15,44,2,13,0.42901717238679293,0.169256493813172,15.27331036294957,3.464343306974424,63.007753944241585,1
DEL_2198,109,5.999831691151119,4,11,1,13,0.36742188388122843,0.20587015004716142,13.503851681603143,24.470862171951932,43.59322326999044,1
DEL_2199,104,49.4842994170568,23,67,1,22,0.37572862395069295,0.33558220589378174,0.8415953813571667,17.653688974053033,76.20123563369293,1
DEL_2200,222,6.864263996872449,4,6,0,3,0.17847142438976552,0.31856216419353584,36.517403228179695,0.5366653215086699,22.341719694694532,0
DEL_2201,429,48.55112319418183,17,63,2,23,0.33739350798441403,0.36151961458614096,3.8932202044698445,1.917865900785005,73.60893287216288,1
DEL_2202,452,29.74388802639792,15,45,2,18,0.9000022758531498,0.12603545688413395,9.613677455884742,50.2582384872652,102.31365308733821,1
DEL_2203,217,48.34215621792799,26,81,2,21,0.35473042619245954,0.4603984002185898,20.915703182150622,3.073767672929795,83.24057715196605,1
DEL_2204,393,10.163911973622596,7,10,1,6,0.1998709044994483,0.09000921788679954,11.082319867691927,12.074357511645818,33.322542308067305,1
DEL_2205,496,27.068383363348094,14,36,2,15,0.3066985948835076,0.2327630981345484,0.06518588297887112,2.761446228061826,50.61896794852483,1
DEL_2206,258,12.62768413397264,10,14,2,7,0.8920671767616917,0.46408465809946414,44.65011757552179,3.193708065313052,65.94669989558192,1
DEL_2207,402,7.293869466009909,4,9,2,14,0.16749620977923443,0.6725996304234547,0.31046758322938395,8.28229517913578,50.23763168002954,1
DEL_2208,327,32.788810177804024,15,40,2,19,0.9392943730131547,0.0692043446644047,1.4132170641116188,8.02528055357077,78.9608934285981,1
DEL_2209,464,14.350253943276115,7,14,2,4,0.5826573591265424,0.09875135327917893,3.8066048255692504,12.467367606454271,45.339598326236704,1
DEL_2210,315,31.44636582293957,27,41,1,21,0.29015095489486775,0.4940343633744686,13.705416805026768,2.210005290153893,55.333747252775346,1
DEL_2211,283,10.056401687704353,4,9,2,0,0.12182062158255288,0.3390138023737461,53.178096663209104,3.6573528160141824,38.31192527894246,1
DEL_2212,114,19.939391214471627,10,20,1,11,0.41655200200986786,0.321420177733483,38.39288454021553,11.74271801219732,51.487817708309095,1
DEL_2213,256,40.17346511239612,20,40,1,8,0.8710049950976244,0.22152473777428902,15.804713314842218,1.229768791650768,88.0059391799867,1
DEL_2214,235,24.667318482898445,15,31,2,18,0.9439734012978168,0.8352202851862595,20.30381502817327,28.805688240548978,116.23793953994749,1
DEL_2215,360,33.24854367038014,13,37,1,17,0.8300330618140978,0.15243968684456494,18.665800815438367,2.363861013803467,85.00003539855011,1
DEL_2216,256,34.13560733354957,23,34,0,6,0.1853253064176966,0.6031882762661368,17.420758304570615,6.923484033032732,65.86253960258726,1
DEL_2217,146,42.96897697942821,20,47,2,10,0.5274661086864202,0.13767529941152368,25.101222426244266,1.3802286745800232,80.53531492388188,1
DEL_2218,423,19.621525748298858,10,18,2,10,0.4674256588429174,0.28872222799737746,6.230223556182392,13.855902797077343,60.181414625101745,1
DEL_2219,431,35.92830031621329,16,45,2,19,0.9653038791354751,0.12505125699886954,3.7485008114213243,4.750712232903948,78.32482097907248,1
DEL_2220,272,48.27271131707746,34,65,2,19,0.843442032790817,0.34468611945586314,6.407529821490335,0.9178994039949917,106.61857660297946,1
DEL_2221,229,37.86095004610406,18,38,2,14,0.4325911078673145,0.3837859468838097,0.7473701010182398,10.77654676002409,58.312846407598194,1
DEL_2222,194,27.044171452298503,13,36,2,22,0.3238732978435419,0.16819777642262987,51.18527881479077,47.35224281492597,81.8838402964183,1
DEL_2223,214,33.38228500213681,11,31,0,16,0.8853152024207518,0.4064718565771452,20.177564570233876,24.564905837274516,77.12026072085334,1
DEL_2224,342,38.28573039933987,19,43,1,2,0.4653606842548381,0.4055948260932672,3.6011702902460376,14.563994356863903,65.28302266475326,1
DEL_2225,391,32.55240945622426,21,39,1,10,0.2877630627696196,0.22290218943577178,4.431493709481175,0.15275874491565722,46.80381433050003,1
DEL_2226,381,5.7504116070427616,2,5,1,12,0.2514145021222778,0.11080328424581336,73.61133218025101,23.581749045841143,35.22466174877301,1
DEL_2227,398,13.764807395925164,5,26,2,5,0.24413650669221773,0.3652149155199506,21.922207609841283,27.245349577915277,45.27342780368307,1
DEL_2228,382,41.47106977469597,16,59,1,13,0.10385461297221363,0.5421918355093351,8.317989413073139,0.4648571994629171,49.131730031778524,1
DEL_2229,168,17.26927912906181,11,20,2,10,0.471322601400873,0.03558113601729738,3.47237384106286,1.56658627148329,44.550924925576574,1
DEL_2230,247,37.92029538025103,17,54,2,12,0.17265516850863918,0.24737372364713509,0.6190214936530953,7.206003403422972,55.24330908469142,1
DEL_2231,110,21.745409685876442,10,32,1,16,0.9092698539699575,0.29230750812062384,16.59872719521668,6.171287365340626,72.84113794033189,1
DEL_2232,353,28.48479476710744,18,41,1,13,0.10804070100211124,0.21269440221302363,22.710428445002897,4.184847021555335,54.709145186294634,1
DEL_2233,429,8.058798491873166,1,8,2,20,0.4139416439626542,0.48410056793723577,1.7100507537642504,2.646542854597776,31.831912600911096,1
DEL_2234,459,13.15515024723693,10,22,2,13,0.28474617437237926,0.21018141176908292,0.0358907307862594,9.558351752015067,40.63037040755921,1
DEL_2235,137,48.07386335836556,25,64,1,3,0.41537372568261044,0.5583800799175598,6.634083227006612,17.70532409306506,72.24006701137792,1
DEL_2236,233,45.05621240511113,18,39,2,3,0.14494747350805773,0.13481296449820837,16.51439877327451,33.182948574293135,66.73460540321565,1
DEL_2237,299,34.35237999045726,20,38,1,13,0.23316692298906352,0.26781443952291206,38.61512472409511,4.298988497279945,54.808301324860935,1
DEL_2238,122,25.684006882358183,12,25,1,13,0.15515339648645612,0.27424138301029627,31.746133769495042,14.577684293663602,49.710099874093224,1
DEL_2239,402,35.40925818028507,12,38,2,6,0.42303538895982506,0.03825349055306839,17.496621224998336,18.624805573471473,62.81131819613919,1
DEL_2240,445,32.83746300922726,20,38,1,15,0.1542767479389053,0.22850130823995565,25.234333977820327,7.800124592943693,54.72636408848201,1
DEL_2241,401,30.584851502207545,12,32,2,13,0.4085511057667792,0.24706358867831305,6.5976746004637725,30.474086459442447,59.8588120698535,1
DEL_2242,462,7.662968233859382,3,7,2,4,0.16734523549141703,0.4416637555321474,4.217643666984431,0.2789675189785904,33.35514899285898,1
DEL_2243,495,33.47611747976781,19,50,2,6,0.5716773027916461,0.36737575628594094,1.989474742921923,27.6888448745035,81.68143464167551,1
DEL_2244,317,39.601402005702575,18,53,1,16,0.7364321969458367,0.05262172931913435,3.00665009444191,26.76341078892394,82.96533013469731,1
DEL_2245,240,49.733674459050896,26,69,2,14,0.16329503978804008,0.6019149082590417,49.42449873668477,1.7680624366495004,101.9355884109594,1
DEL_2246,203,5.4985348667439355,5,8,1,23,0.12090522519843852,0.4498894777676057,39.87977610574286,6.945462503066128,31.06751232681195,1
DEL_2247,309,37.857805398980446,26,48,0,6,0.2647112769261678,0.1438882737624331,0.7208340533366364,8.704598167879578,58.00393094435043,1
DEL_2248,210,30.73051921711912,12,36,0,9,0.9590612416007791,0.16734667989373173,9.521496445401684,6.16945231028482,65.29626347726288,1
DEL_2249,203,24.53234792364305,13,33,1,17,0.7582952270893674,0.3965170505894047,7.010090780058019,27.109300704421774,76.05674864950694,1
DEL_2250,415,10.740657855711689,6,14,2,10,0.4954160337689416,0.4125885236173444,15.82391070354296,14.978659581903505,54.28948568160774,1
DEL_2251,270,23.40883168856943,7,35,1,21,0.30868591427184244,0.31567369468859935,5.971348345281466,1.5818272828558504,38.977615211005734,1
DEL_2252,455,20.946973234376088,8,16,1,13,0.5014639253693675,0.18444063668916325,4.940265762966568,31.32702489443536,56.267612636151384,1
DEL_2253,423,18.6273450040434,9,19,2,3,0.5371456744244059,0.06014762257534115,24.845642574677026,0.5672614926245736,43.94601475317214,1
DEL_2254,232,37.88958304949934,21,46,2,2,0.5989087788036743,0.26035102170882973,44.09465644544573,10.866201986678721,75.80676324445507,1
DEL_2255,475,36.53264845779187,19,44,2,23,0.13409873831680627,0.1534599890935236,3.3996649461659723,8.875014565539015,55.07725516409056,1
DEL_2256,392,31.50590409414102,16,37,2,13,0.49815063036283647,0.04089905601612221,4.023979506004197,0.901936323774668,67.14137186622321,1
DEL_2257,427,47.23991659820175,19,65,1,19,0.872041515985519,0.5695844845780402,8.148078061215662,14.28247864467208,93.9750373621558,1
DEL_2258,226,20.74344728813845,7,33,1,2,0.25739635588949805,0.3928516757109939,18.378109261113263,39.421719335813016,51.18261136820129,1
DEL_2259,205,15.971087196958079,12,19,1,20,0.423116127320589,0.2687389616905073,2.741951083021088,7.35973687737409,43.33419322543719,1
DEL_2260,191,34.51564908942798,16,33,2,2,0.3236442175059273,0.18097612572885904,9.464798369568944,8.656103525122111,60.00828050335907,1
DEL_2261,386,13.946632742183132,12,16,2,19,0.9407363785839051,0.46760932919793385,27.56851492688846,5.811804404677761,67.57398761524394,1
DEL_2262,477,19.175472823254108,13,23,1,11,0.5830960604632719,0.06979939112921668,3.999901259623867,24.973817844676738,61.04986322746589,1
DEL_2263,492,15.107109803369818,7,14,2,9,0.7610175903211559,0.1168285455548385,0.7325186630957053,31.53905122537553,67.05116435029285,1
DEL_2264,150,8.111910547332556,5,8,0,19,0.9607811811985996,0.4087808074481096,35.59954317828281,6.071780854976064,64.64506468813425,1
DEL_2265,128,42.2374433736053,17,51,2,17,0.7404188251777477,0.08071007705641484,23.23443140678336,26.583150519008193,95.57612407712016,1
DEL_2266,395,16.454324431474753,7,17,2,11,0.12424151401854497,0.138115877867273,18.00008390257922,2.7434653636045074,46.16704193907326,1
DEL_2267,396,26.28623765043593,16,29,1,23,0.3264491185705056,0.044891753170338174,1.3707174890265623,7.347163657731907,45.17049865159733,1
DEL_2268,313,6.9491872964440375,4,4,2,3,0.40419826769666733,0.44764993465494435,34.4391062166042,3.482913421876419,46.361032680114874,1
DEL_2269,366,36.47027598136894,15,46,2,18,0.9086320505977631,0.20430565173159523,5.463382578455755,3.0417191402012893,92.3843566072605,1
DEL_2270,356,19.875245103783087,7,23,0,18,0.8184155747653704,0.514060256921592,3.5641759456156343,23.338897261025117,51.944189479228896,1
DEL_2271,401,38.51315275231445,11,49,1,16,0.7471752770355616,0.2981568831475764,10.026783357826668,15.03082071378331,70.20541241262696,1
DEL_2272,200,23.558137721053974,10,18,1,7,0.9140429538167933,0.478058428695189,38.4202552466715,0.8310543770994951,70.9812724153777,1
DEL_2273,445,13.809002288253108,4,22,1,10,0.43075925803263926,0.2532549822002291,78.19421277026913,16.996737395746486,59.11841114542224,1
DEL_2274,209,28.092878702691614,13,35,1,4,0.13882286114021872,0.15063751896489963,14.28299756389798,10.209615397008658,54.06768656546842,1
DEL_2275,281,10.87270518368479,6,9,1,4,0.2901664419657305,0.1844431373390374,46.68677391309025,18.555945861910793,39.238955445790324,1
DEL_2276,412,24.824262194284763,13,37,0,12,0.3382975593692502,0.3133348276057602,9.058768023496656,10.797117222737617,34.528170205559405,1
DEL_2277,100,19.278746483921893,9,30,0,3,0.27624363288012743,0.2486342157079383,0.4517088577836145,5.686257196366699,34.3802609461534,1
DEL_2278,418,46.038181288983495,22,62,2,12,0.15796983506072856,0.09106875207873122,4.8372421365076,8.197857683070007,66.45502085070214,1
DEL_2279,154,7.741792477432398,5,14,1,15,0.3757922813938539,0.4368085699735269,5.389334845603269,1.8325600028695694,33.159111132111846,1
DEL_2280,470,36.230783634758396,20,39,0,11,0.1658767147955679,0.2899758212933129,22.897668972035,4.463358682130774,44.10938814533179,1
DEL_2281,498,13.223802469434617,7,19,1,13,0.5575136032113027,0.033532509492243776,1.9900217203636403,0.27100267357572333,32.75983064392461,1
DEL_2282,248,19.35702834495079,12,30,1,20,0.5326265304039803,0.040890015974273476,2.8838393376423235,6.255140388308579,59.41095653103547,1
DEL_2283,408,23.69813283779297,16,26,2,20,0.3376078293460978,0.305493037960681,14.289249377858676,1.148060222078995,55.02121034144757,1
DEL_2284,236,45.86067902187384,22,63,0,8,0.8032188503032596,0.1033356755709711,2.099528585727014,12.967572152104662,91.97953531973587,1
DEL_2285,301,15.916021973322131,7,16,2,5,0.37610270483960206,0.35000129324971896,10.263307750049563,29.239304588569947,44.32326643690258,1
DEL_2286,412,9.10889611451016,3,12,1,7,0.8340799758120103,0.4070010882156731,0.5354427551079609,16.196091894474204,52.570957993761574,1
DEL_2287,216,19.34103217957356,11,24,2,15,0.5442113997583534,0.21253288718245153,16.579139126822167,2.789733663616018,60.02642693020948,1
DEL_2288,253,9.710418674099,3,13,2,18,0.9637069155818061,0.5198896654042862,35.85049548046406,8.488942567044173,72.44243796508742,1
DEL_2289,390,10.786841868224862,7,13,0,1,0.44605238640554923,0.3503656578792131,31.179375393563543,14.936258274185228,47.24893669994305,1
DEL_2290,162,30.823276908876203,23,36,2,5,0.3814024457512999,0.07263724983188988,1.1470271486987589,19.660073994740443,60.85013375631374,1
DEL_2291,343,7.740586989477199,6,8,1,1,0.18738726683790183,0.19460520521126762,13.410748401071066,3.9923403947318734,24.52659552450472,0
DEL_2292,124,6.391889662710471,7,11,0,18,0.7840768262518103,0.20435694750313263,1.64455021401664,7.7799105854716775,46.666385834648345,1
DEL_2293,189,37.1486345661724,17,41,2,18,0.8969547325581801,0.37457019931173624,0.8251491106538232,1.322321701947573,82.689311350272,1
DEL_2294,174,21.274119267847002,7,24,1,12,0.26991043915448654,0.3898962669810745,14.13894405488133,15.551297151062766,31.5917464468534,1
DEL_2295,393,10.641890715524298,5,6,2,16,0.8041828208242154,0.33104975536069664,12.745562434050475,6.845598244842412,58.980724152679564,1
DEL_2296,485,16.41257468868687,8,22,1,20,0.5470015797580091,0.1661348715685226,1.4780143950051867,0.5110228956773466,46.18334134458145,1
DEL_2297,490,33.89389283085796,18,35,2,7,0.86156775244151,0.35467798491903063,6.690976720162338,9.045492944182037,79.1071837381857,1
DEL_2298,309,17.399145521338305,12,31,2,8,0.8003982267877952,0.4079325050961276,5.711272675197701,18.80742873879674,70.70386303822417,1
DEL_2299,446,27.253450630418357,18,29,2,22,0.17944328131899165,0.13784552811943146,6.288834100973793,0.5454396146298294,36.681851348036965,1
DEL_2300,116,10.476288802700253,6,10,1,4,0.5470023503190915,0.3382180748207273,6.078765872702636,6.196624016883043,48.74071076404191,1
DEL_2301,227,31.464213692245114,16,30,1,7,0.8690987830618637,0.24809593554769246,26.115103518420078,7.890274370187807,77.40198821248555,1
DEL_2302,463,19.223495772946883,11,12,2,8,0.7299009166439716,0.2643078015106038,6.545248347768668,92.47378423443486,82.08432286550352,1
DEL_2303,350,33.21357955379224,12,40,2,15,0.5365645430613163,0.5181621683348665,6.016893168108356,2.9617471193799125,73.01708191288647,1
DEL_2304,278,41.37776970368103,18,60,1,15,0.10312516474221359,0.42251578949701246,0.45096900573990883,20.521473111317135,48.93546968646666,1
DEL_2305,281,32.524088872549655,13,35,1,11,0.3471733003396491,0.25996149888232434,23.438851002863927,1.8928014378461144,51.28800288890568,1
DEL_2306,251,18.30864031677593,8,14,0,10,0.4133833264639748,0.45439549053401046,16.176789858062254,39.89167445272285,54.06698831755322,1
DEL_2307,124,16.508466569673516,11,10,1,17,0.8549249343820561,0.1478409780601892,6.265351832192034,4.395566673526133,52.72760038842439,1
DEL_2308,279,19.73394314300516,7,20,0,12,0.1341502017634684,0.2459486375141577,9.017820476091783,1.8877626307675468,21.99983123552011,0
DEL_2309,297,12.407923095642719,3,14,1,2,0.3674670683508372,0.10947247343347721,23.703515277658113,5.770440535604044,37.1053393404139,1
DEL_2310,443,13.152733288250904,10,15,1,17,0.8480968554039492,0.19865296307336616,6.3289078873841005,0.18398540378719314,57.88749748830153,1
DEL_2311,260,40.58109958550755,19,56,2,10,0.2651252529882544,0.4086988623568105,9.618843707037273,1.3831733998812399,63.989431331572945,1
DEL_2312,276,22.312965942835024,10,26,2,10,0.5411156385163911,0.2136863993953848,0.29977398033488123,8.22570398290657,57.02154928765931,1
DEL_2313,384,24.619783125676364,15,34,1,4,0.25054229324070265,0.1783631477960527,37.57368148287869,33.8866016745202,59.85937860564202,1
DEL_2314,162,31.732225950506503,13,31,0,2,0.35823973732788217,0.24884552127619194,6.960114732797235,7.063828165531936,46.218131516475935,1
DEL_2315,249,31.534407281819643,12,34,2,1,0.19335751949274108,0.2926077907436376,5.273891976234579,12.953723707547594,50.667801912860135,1
DEL_2316,253,8.031959218486659,3,7,1,14,0.10558015274067187,0.2169003404780656,14.090256709518863,14.734099281551332,22.783651649423224,0
DEL_2317,255,42.419335385194955,20,42,0,4,0.3130139268484634,0.0891037882404204,11.220317333171009,0.4469429694228447,53.41042393964792,1
DEL_2318,469,12.979694895077273,7,14,2,4,0.36347418663259945,0.34524810510112147,7.685521656529852,4.664751698334013,30.39465108774182,1
DEL_2319,148,37.5382236222351,15,41,1,20,0.48233992816253723,0.7578707347552429,38.33364559621968,69.89298806997611,119.43069071271705,1
DEL_2320,436,39.770194465767496,14,45,1,15,0.32438601214894736,0.12082954383158413,6.7643640850955995,0.0843781036807988,49.19790480200555,1
DEL_2321,183,37.170479034109114,13,43,2,16,0.8426570350287955,0.12910156198731207,96.32172780508112,7.622458454671284,96.08898938883681,1
DEL_2322,460,31.053994094936535,11,35,0,6,0.40211833590384616,0.16871062751223875,23.34754050051215,21.801004864400465,61.33967940033704,1
DEL_2323,276,5.657404869899729,6,4,1,1,0.2905875855750413,0.35085227418755455,35.046535545228004,4.083052963345996,40.9758726847317,1
DEL_2324,247,21.216897156342682,15,24,1,13,0.21671236188668083,0.34047712173973294,4.985105936341412,68.31052419285864,63.58700333729641,1
DEL_2325,217,32.217774321316156,14,37,0,17,0.8135760196037374,0.27682918417333535,1.092405449339059,7.988914280846126,68.7372453673145,1
DEL_2326,441,22.43530831651424,13,28,2,11,0.36834539657269727,0.40749787615073124,8.15015557805406,29.440563446320027,60.17145695426228,1
DEL_2327,162,43.856595271076586,19,55,2,16,0.8035370655467196,0.5237555409488373,5.639722038311228,9.01769433595425,86.81768170493628,1
DEL_2328,288,18.896102390732693,9,26,2,5,0.4354556671370047,0.12231009813216187,0.9388139168206284,6.082857237141019,51.761901879884554,1
DEL_2329,459,18.20906566063972,8,23,2,4,0.5015388069664459,0.3087834945123572,1.1125068004037257,14.858606591835894,57.9747392760962,1
DEL_2330,148,16.96989618916961,7,18,1,20,0.4792668777387151,0.12260256052774883,2.8722893012877795,38.1189951297054,56.92399410413679,1
DEL_2331,426,19.975139103235797,13,25,1,20,0.39976870552015054,0.24274327526608686,7.117295358490188,5.6610441355608545,51.15481351605224,1
DEL_2332,356,30.08322339413842,12,35,0,21,0.3598108171653617,0.344917433958434,41.05638512865362,24.02457740187901,55.2986646966674,1
DEL_2333,323,36.81568824226659,24,40,1,6,0.4886618415317784,0.6009051310128741,16.084095565977904,12.931963562244182,88.24135644003316,1
DEL_2334,240,34.815556298245326,16,56,1,17,0.9833534784259352,0.37050434921089054,7.622755738818064,5.70944332608309,74.92105150945913,1
DEL_2335,314,41.34730189916658,18,48,2,19,0.7386193335064284,0.25963362280837565,24.09658266222658,0.6850126738016634,90.48695336414788,1
DEL_2336,478,44.86612979738412,23,38,1,10,0.428860282378547,0.005083237516134272,12.60707239859564,4.477192478385746,67.16776686133355,1
DEL_2337,310,41.723556905450806,28,53,1,4,0.1843129222343308,0.4879138639739591,8.105080150893237,21.354683004012294,57.004746227112065,1
DEL_2338,417,5.852543151845956,4,8,2,5,0.10996676910398082,0.16337188074396766,2.3387214755635193,1.1998479196763634,23.02810063961029,0
DEL_2339,131,38.11630790983949,24,49,1,6,0.5655680513795512,0.22314894935539942,39.2677094327072,10.188544829036859,85.05767870267023,1
DEL_2340,257,14.377980812824923,5,24,2,2,0.5676423475963349,0.36720847164113724,14.668019830585528,8.605347931260846,52.3017626621983,1
DEL_2341,384,10.981761921859219,2,13,1,2,0.49398539049032586,0.15062899136751692,8.677421978256222,13.003843142237475,41.874989379354076,1
DEL_2342,404,33.7319953159611,21,41,0,1,0.2861521012527586,0.44397397070225453,8.651451964902133,33.5629341910041,56.25586362467825,1
DEL_2343,385,19.38844379334627,7,31,2,19,0.9094241132984249,0.38234681537857484,21.724816245498648,16.720420469462958,70.5587173861343,1
DEL_2344,243,7.570272351669947,3,9,2,3,0.2786660605286704,0.27575924932424734,2.9667644817514054,8.575413049977843,33.57133866494277,1
DEL_2345,118,11.193338047926261,7,10,1,4,0.463116733378392,0.3341353447293378,8.107470985312219,21.288619997688976,38.45181850988248,1
DEL_2346,117,5.041823759148248,2,6,0,1,0.26759998258522577,0.10035884772808933,0.9762683259203422,14.514604480058868,20.305727682437134,0
DEL_2347,356,45.64506323051183,18,46,0,15,0.49795647153672085,0.04174971944202266,1.2493931310430237,27.108226534526196,63.144799291206304,1
DEL_2348,177,6.107809272855737,6,11,1,11,0.4365066522551606,0.19305273155618152,11.20760234671574,15.463409390303957,36.98869519210575,1
DEL_2349,470,14.425509627927998,4,15,2,14,0.4149898058064647,0.49941311164022645,7.1900203467714086,16.78129499382938,49.16451134886085,1
DEL_2350,274,23.73182513095583,10,34,1,3,0.5651184233291675,0.45658857874340997,19.068347943180786,1.0528688830540782,48.883123276581756,1
DEL_2351,293,21.04570966778686,11,24,0,2,0.5467081450935912,0.46352172307088585,64.83492060267348,0.04593885410650997,53.53643617801099,1
DEL_2352,212,46.027664461074906,23,54,2,13,0.4558327334312936,0.41698317561481957,29.430236837164003,37.379481501713975,86.57426051216872,1
DEL_2353,213,6.813002558054395,3,5,2,12,0.1996237666755414,0.1742326479803206,8.748215306555716,3.484682961097416,31.96686031931754,1
DEL_2354,321,28.04966184546732,13,33,1,5,0.569462112360561,0.15170651360060383,7.118796190322287,2.165306080792709,57.00587115889184,1
DEL_2355,265,35.62157581359683,18,45,0,3,0.21356122578346629,0.2606429249854456,13.194618219197693,2.073940000826836,47.24555929001331,1
DEL_2356,418,46.92640881565259,28,48,1,0,0.2862915776572388,0.44294059204041275,1.4418971683812833,16.067939923704262,67.69091504034166,1
DEL_2357,231,32.91670634556745,11,28,2,2,0.5133905876843798,0.11274276376192158,65.92390512743782,0.5701135941658364,68.36299217753172,1
DEL_2358,484,41.16898562052932,9,37,1,23,0.2043285538859367,0.11995332713299764,59.44402234811614,12.981899875518476,53.41258850615819,1
DEL_2359,363,8.767622203040677,6,13,1,11,0.4193016200601076,0.06512132501532132,38.45029747711043,10.168427859628322,40.954034245364255,1
DEL_2360,154,22.367277992161732,10,28,1,2,0.32891819016569634,0.18021570411390248,16.279539475966505,1.9121947676786588,48.417098332034804,1
DEL_2361,458,21.827621051558037,10,18,0,22,0.41201665446645397,0.20637448600664862,10.491104744440268,1.746514243769635,35.858179441615384,1
DEL_2362,230,44.88296974050729,15,55,1,17,0.8967361219569036,0.12211024634736059,18.39785989143225,1.7078939977451069,88.82376065991929,1
DEL_2363,387,11.811702706847372,6,16,1,13,0.504182139451061,0.2663061632328974,5.661771573982337,3.6054535368557357,32.226660164499705,1
DEL_2364,365,11.834877755148362,4,8,2,4,0.24791131803458635,0.2621804129426214,28.681389731292008,12.319609446712159,45.955527038405066,1
DEL_2365,465,19.78511674486093,12,21,1,22,0.12863713339557845,0.6009259511396114,2.1687608489774686,2.781483271904178,57.79612724103945,1
DEL_2366,261,7.450972131507691,2,15,2,0,0.5835221664404984,0.43989809404638275,24.40451150823181,12.948363604102624,52.54296360230914,1
DEL_2367,479,13.210611829362053,9,25,1,13,0.3925862132328375,0.430609623557494,30.315315068306205,42.78038590586938,56.26981836523619,1
DEL_2368,186,48.434433734558084,22,68,1,11,0.1865525697053503,0.20921790431657641,2.797949732602517,23.77444822546051,64.48140106840788,1
DEL_2369,154,24.268277294022777,15,37,1,0,0.41355433748834614,0.3143072481862793,9.767720590009063,19.19849451560186,46.21891799053637,1
DEL_2370,387,33.44086437900964,27,39,0,23,0.12110822760324755,0.14142906490098517,33.33617879155125,35.74315835432358,62.810880785720556,1
DEL_2371,277,37.675006670508665,22,63,0,1,0.19376099906711855,0.2981484692368973,48.019784626063476,11.375600624745678,68.96581558315401,1
DEL_2372,490,21.51326331532402,6,24,1,11,0.416315210196182,0.16220191449004218,25.01906364275403,17.57697004550031,49.59015712731768,1
DEL_2373,448,11.625218348473265,6,10,0,12,0.30123865654464266,0.32898927155853536,42.43064015537262,17.84277033235717,37.75339067857291,1
DEL_2374,107,14.296145729980138,8,18,1,19,0.8398406859091584,0.10311119086430129,41.468925057340265,44.047768853777136,69.95373004209019,1
DEL_2375,420,19.09699144612747,10,26,2,14,0.4277473249560837,0.28159252816586394,58.47151522773945,12.501448530522655,64.27598313447623,1
DEL_2376,412,33.62307891585016,11,37,2,15,0.5332017583966303,0.11549919028489479,8.001113277772301,3.8268761716643063,68.86892024669783,1
DEL_2377,346,22.922624709007447,12,33,1,18,0.9717445168146366,0.09828835172669403,5.0728995759812685,2.613006374852831,72.60059902126629,1
DEL_2378,422,5.306661405505765,3,6,2,4,0.3317202203033881,0.48885179125176786,15.033595134522177,4.395411839519812,28.632228319882422,0
DEL_2379,354,28.553323328036235,15,32,2,1,0.4294319155393048,0.1045802721173094,3.1395563109192888,17.213372501292028,58.55594604463601,1
DEL_2380,427,46.4681026358338,18,65,2,5,0.44782610787070243,0.5315252146314537,12.213303309570229,12.824687968104083,82.9033852764822,1
DEL_2381,153,41.54349249539056,12,43,1,7,0.956180563430833,0.538450245814983,12.98709296634189,2.970062779176753,79.18017867500578,1
DEL_2382,348,42.1345117066834,17,47,1,20,0.25352419184476893,0.12785519659356012,24.632281554538793,23.5789283038563,75.04329141806862,1
DEL_2383,338,40.7776107922759,28,48,1,6,0.15721684963421598,0.25786164790103555,6.736381307871097,47.772925930301,82.48806237373168,1
DEL_2384,328,19.567887152469062,4,24,1,20,0.4409400301062848,0.3971117945457064,13.812982458681502,16.986719420453426,45.71737611340977,1
DEL_2385,166,39.43372251894764,28,44,1,12,0.16054238749957975,0.2482430308359899,35.03823464489754,0.7694056574762531,74.77972835673755,1
DEL_2386,150,11.442261101503686,7,15,1,5,0.3310073110574506,0.12583577752498262,8.21624173354973,11.851623608304372,35.77585947831183,1
DEL_2387,196,34.59722662741791,18,39,0,8,0.8308274210880178,0.17239834996527992,12.719787109335554,33.30794041975112,85.51406281786166,1
DEL_2388,191,33.870585500824745,18,42,1,11,0.2660355215937502,0.06008190371469943,23.2234560465628,4.504419550074001,57.41499835784418,1
DEL_2389,363,6.150640959038061,2,11,2,9,0.7303887741408374,0.259734036916304,4.308087578149892,10.56619011736786,49.81080879914963,1
DEL_2390,390,40.45865601159192,20,39,1,10,0.5480883163572638,0.11824625682856253,1.6366910146980655,3.089479052780617,59.501895727382845,1
DEL_2391,195,45.646164729280876,23,72,0,0,0.4402118492357513,0.10043891664507205,17.176161455903372,25.5119941793101,76.46282315358926,1
DEL_2392,187,17.033687531244844,6,24,2,9,0.9706605176239931,0.4179752226766635,6.941913689344858,24.480875840949974,82.67830103414377,1
DEL_2393,177,41.55758258837679,20,43,0,15,0.5397237159647548,0.5263057491952527,7.209399233928682,5.439274011925869,66.75032372453178,1
DEL_2394,387,8.70826873378767,4,10,2,18,0.8570282307426169,0.1440526893340423,39.90884416381886,5.163755908301549,62.396725607206974,1
DEL_2395,219,31.99855362174797,18,38,2,9,0.911872192184952,0.3641915189685212,7.86056164445588,0.0012110525152874882,80.47541423260945,1
DEL_2396,401,26.854108940042472,15,23,0,14,0.36371908499975236,0.08458687565299107,46.082122067220574,4.582987319022639,53.71847418502834,1
DEL_2397,499,29.566558998905002,13,35,1,13,0.1954628364788926,0.20639696094675158,1.6869742414039233,18.24724404754671,47.0168567859252,1
DEL_2398,264,46.67923408479553,19,62,1,2,0.2836625510903791,0.17079327061875327,6.300545819427578,0.3483557557918695,65.33605359237782,1
DEL_2399,281,44.209186126108406,23,43,2,3,0.5027619266924911,0.3177643397024943,17.71081676563174,2.7189670054019346,76.06095923581415,1
DEL_2400,497,40.328764575789066,22,43,2,7,0.9711832479310119,0.2944408605615576,2.0200890985414612,15.723945054328144,92.70006132256557,1
DEL_2401,322,17.316430595526693,9,19,0,0,0.33897097318669367,0.1887972289154055,7.341872465177674,12.529190648218812,30.679778869296825,1
DEL_2402,410,46.03183829087413,23,46,1,19,0.9380490274411628,0.14239687825016192,28.632352113961165,51.79706109192668,116.43952974833027,1
DEL_2403,106,9.387846160874386,2,13,0,14,0.24108470579758565,0.1922376063449322,21.517379859506683,5.943728809845897,18.89134853346889,0
DEL_2404,429,43.39981474514545,26,54,1,6,0.5891182047248977,0.2596951954990629,4.971465523000255,1.7164769968248845,77.07195570274722,1
DEL_2405,362,19.76720325591235,11,25,2,11,0.2714683815033263,0.06050047710830593,6.611396151285552,13.113201541979254,44.234758398635535,1
DEL_2406,260,7.419754024789252,1,15,2,2,0.40806377532687155,0.30419857913035114,10.550466466028613,0.9878871708519708,33.24803730846524,1
DEL_2407,250,35.12106429083367,22,48,1,22,0.3498740938035517,0.08894492984724889,19.711719693511665,1.4898256681265987,59.426342089446315,1
DEL_2408,184,15.407596774217996,9,17,0,4,0.11155204381169412,0.5494230117557105,2.470918324330387,10.069706797763114,20.516417747254845,0
DEL_2409,246,15.960700663908437,4,20,1,7,0.9341218639225579,0.21937943942138147,11.250634441404037,7.6633513176271055,62.56192899668265,1
DEL_2410,211,18.77212248029472,7,26,1,10,0.1439646309488928,0.19821336495580036,1.1428757113354604,3.671892648352787,34.273408479622006,1
DEL_2411,480,7.865814537613253,3,8,2,18,0.7851528343794667,0.4237189478843357,7.607921436575439,7.800327271766031,55.68722430936827,1
DEL_2412,135,12.97072148892143,4,15,2,11,0.5055121280455651,0.46609775146811155,3.1792169675000084,24.328561826786817,40.63824223011706,1
DEL_2413,384,5.231283241350214,3,7,1,19,0.9656777011846097,0.07914995164014844,5.545113997301727,15.491646930651587,60.042229943722084,1
DEL_2414,287,25.043428449760405,12,30,0,6,0.5046251587786068,0.1110896045958898,6.040467595141582,7.279269414806018,51.56479113131331,1
DEL_2415,181,8.791491983808708,4,15,2,13,0.4698600102503412,0.18078114352518937,22.05334516068589,4.476107478744743,40.983941606912246,1
DEL_2416,101,35.71936722698895,16,38,2,1,0.32278608347850934,0.0726120473949828,4.621551330550161,10.472605800601027,63.964987228118595,1
DEL_2417,484,15.603028303624177,9,13,1,21,0.5481372960205758,0.25345027601174913,16.349105931770474,0.034442172821488114,50.279364772984465,1
DEL_2418,402,47.46083648158297,32,60,1,11,0.5562205444040276,0.014489764612777298,11.430303281921484,15.849446433688403,84.48145902585082,1
DEL_2419,296,44.20632323293937,18,48,0,8,0.7770108839451128,0.510909187938569,24.461893763699052,19.46104604868177,79.07928615971802,1
DEL_2420,110,18.02484027356937,13,22,0,21,0.34238817482391914,0.23924271195213362,5.819591462398013,1.5578431696248212,43.28729183545953,1
DEL_2421,333,40.24469545955054,18,42,0,11,0.34282319847552123,0.17889249792054576,78.480200111605,6.182491376667251,77.9027459221937,1
DEL_2422,485,41.14602070991628,28,43,1,5,0.23945140965122422,0.1197014183087272,5.259815981390972,1.8808693263938818,63.56188536801997,1
DEL_2423,294,49.39534013514847,18,66,2,5,0.1574683121554937,0.17351513408755723,12.996326111237185,35.66526429514933,82.70546036701859,1
DEL_2424,218,31.902799408055824,20,29,2,21,0.23098976145367675,0.3392156533265898,15.003971674430685,20.983593575093092,61.05619830403394,1
DEL_2425,495,8.688458058964798,8,11,0,18,0.7196276160751816,0.09721719724895722,11.588322661442737,0.24332164641895182,47.07010720428285,1
DEL_2426,119,34.10767530168714,22,43,0,19,0.8197497652660515,0.2235683575740608,29.36796697788972,42.232896868864586,77.19190530993215,1
DEL_2427,360,33.12408867692159,11,40,2,5,0.5250990743602341,0.4501688600926546,1.798291976401966,1.8353689369951793,65.53062447523303,1
DEL_2428,392,33.72577598391943,16,48,1,16,0.7783154616500225,0.28054528477391594,13.642222308903252,1.0529380522768657,77.08481477364134,1
DEL_2429,355,18.821554164689516,9,22,2,16,0.7795769585350549,0.5973370694287292,10.588395171166596,0.3978148738615609,65.18311169085803,1
DEL_2430,321,43.68558132861498,20,61,1,22,0.19265625022178182,0.2928279124117291,8.098985238166938,18.765540287396988,66.27685815554946,1
DEL_2431,492,48.17624823299354,20,64,1,16,0.7814912148103604,0.12234834529172767,6.374792939415057,31.125015820438293,96.08196485757789,1
DEL_2432,325,14.797063084016818,6,23,1,20,0.5679283528137835,0.07180670459657308,2.4887423353394036,1.2061114314142891,40.91828623543714,1
DEL_2433,152,8.966847116149001,5,11,2,9,0.9893806396053777,0.3164886037841984,15.74617245394579,49.11708659525288,86.8108275802442,1
DEL_2434,454,13.754076492581785,13,17,0,10,0.48191774629848816,0.4674748228829272,1.8785309726222281,4.555106180102268,46.03495874809833,1
DEL_2435,441,41.924846266507345,22,34,2,7,0.8229542776833305,0.09885705228134237,26.51709408003038,13.629967835864186,102.94553237054981,1
DEL_2436,463,35.44900856689314,17,50,2,21,0.3638766477005163,0.12055337376630848,8.90565983730668,51.45433975698609,75.22979045130253,1
DEL_2437,379,33.6221304052607,13,33,2,13,0.18476318438004694,0.15523643598318712,13.948951045382925,0.10237945609587534,53.955590811653316,1
DEL_2438,180,23.0806910799241,11,32,2,18,0.70076269065997,0.17039258125871978,1.2149881743763096,9.496681652753413,68.81295366832903,1
DEL_2439,301,31.00225871801461,11,33,1,17,0.9391580640938593,0.5789457964506713,1.4706920550218339,12.80489426070478,64.13106303329187,1
DEL_2440,257,18.854335637346534,11,23,1,14,0.2581767124735571,0.38399320340302484,4.035854845722432,5.570388993181381,37.294378813206514,1
DEL_2441,219,26.474003573808258,19,31,1,17,0.7099628239099489,0.05046856875116249,22.69432667648214,1.398042186535791,69.03466818906199,1
DEL_2442,158,40.68783627667951,23,50,1,19,0.7858081134371091,0.6772969400987707,9.97809150336349,11.646435225770894,105.9416955397209,1
DEL_2443,314,49.1558718854958,19,62,0,16,0.8070045651628595,0.07753159707716142,5.584643419671869,0.5776991920389272,76.0632939473514,1
DEL_2444,227,46.962001561541086,21,57,2,4,0.49127217651663624,0.07348380849061473,28.40323716523659,30.835915948712312,95.26792867523713,1
DEL_2445,323,47.02396742808119,26,54,2,3,0.44906509163645103,0.337249184923947,3.1962362166399387,7.440227686106942,79.92628610090506,1
DEL_2446,308,23.100068068120056,12,32,2,10,0.22657842672765008,0.16751853463743788,4.506103645919678,28.932124528441047,50.39467540555633,1
DEL_2447,469,26.09554462280559,16,35,1,15,0.5905576148532954,0.1888086604216975,22.490703504675317,21.73490921873116,70.92893775833289,1
DEL_2448,214,36.75359283660417,19,47,2,6,0.30159476180283284,0.2579641600052703,0.4112631800636959,0.043776766044428345,54.84049193009061,1
DEL_2449,308,46.49863676230779,24,58,2,15,0.4402303367523026,0.4138814493135335,3.732951882410752,7.3768795391781135,79.37074454078879,1
DEL_2450,113,11.38974167084381,5,12,1,5,0.5552242201324937,0.03627990737216096,11.051258015199174,26.24991323249242,47.480896018070666,1
DEL_2451,108,18.690883872223807,6,26,0,19,0.7826858685124275,0.13133783357027723,36.982811501066635,5.58626923861312,58.129387537091176,1
DEL_2452,139,11.266108006734928,6,9,1,9,0.9427882085563974,0.2752397137135909,4.636195596835876,4.6848879562986365,52.18755814157051,1
DEL_2453,336,32.54038384817549,18,56,1,10,0.4519564322244731,0.22279988241523174,3.594737943665044,13.884513551957397,59.05686041436369,1
DEL_2454,380,18.78354485993919,7,21,0,14,0.18378138697788157,0.37116133216901015,55.2831311571758,14.651402349561536,34.18316596105493,1
DEL_2455,458,19.674853363065807,17,30,2,11,0.43225609103071805,0.3772531684445841,11.15128983861322,12.365616208902345,51.4133802546001,1
DEL_2456,300,8.191218176959065,2,9,1,22,0.5372878088724229,0.09437576183108862,0.9682180838385658,5.419098999035396,35.76353791506188,1
DEL_2457,345,20.740822781341635,12,16,2,15,0.499507703992065,0.6886610445334335,4.854636854274923,0.7888768282123334,73.55196577356415,1
DEL_2458,377,43.81234283307134,25,46,2,22,0.48030348625790775,0.11411101024729893,11.442673925302019,30.76802495025811,86.23980238839519,1
DEL_2459,334,15.488276535087573,7,13,1,17,0.9437873426612502,0.08386332137615359,1.1205731406276913,4.578903570727056,54.742427804244066,1
DEL_2460,103,36.28343597945295,19,41,0,6,0.1953120552628718,0.5980832106985168,17.69172326292621,19.05428904921092,46.92779471651782,1
DEL_2461,253,33.33327552223667,21,43,2,13,0.3738582274925104,0.44126713307938825,11.087525717466212,5.200359458916161,66.73809576816554,1
DEL_2462,128,43.85680737661019,22,62,1,8,0.9963783054556181,0.26647317827089745,18.553752920292816,8.192287638131234,98.39444319560575,1
DEL_2463,208,10.95295764429672,7,13,0,21,0.5718120318092675,0.569538140192751,6.272367017671042,5.614560792619802,42.9061754458479,1
DEL_2464,197,48.99154821552695,19,59,1,5,0.3343406673282777,0.21187266820033424,8.170050195775877,1.0178602500858713,60.26963485445586,1
DEL_2465,314,31.21828907181645,14,34,2,10,0.25125130363068604,0.5863723391198765,39.49428655972528,4.795833585474546,57.9982191235902,1
DEL_2466,392,49.79633685560665,29,48,0,12,0.1953864556153108,0.16008014824682493,3.5488522074348743,37.39530576156632,71.00103169216574,1
DEL_2467,174,46.01816266396329,23,61,1,21,0.12708547793795497,0.485925210657977,0.604750767307752,1.4029519808791857,49.86203306200132,1
DEL_2468,425,14.96827724508976,12,12,1,17,0.9008424784426577,0.19537467258595406,60.438974106446736,9.738888692854822,71.13964879591832,1
DEL_2469,245,7.52729044564909,2,6,2,11,0.38708346318900677,0.16895975722306789,0.11167344788290265,41.457546130438516,35.384575952399516,1
DEL_2470,227,16.503759220791267,10,17,0,5,0.18813097904140522,0.19640271443345744,32.871887169710924,0.24870354525799243,28.202943786300025,0
DEL_2471,440,28.740364204973893,8,35,2,21,0.5258085477004162,0.535804966953709,26.22821509936529,0.8603986777485272,68.83896423287813,1
DEL_2472,141,12.72183651793355,5,16,0,8,0.9823585832138659,0.48542893790512154,10.030608738578545,28.77814194852705,72.15538614447588,1
DEL_2473,455,12.535688503309483,5,30,2,17,0.7410018617373344,0.25774450088633816,18.32909223923096,15.961672832703364,63.586001504283054,1
DEL_2474,140,25.81670961973189,10,26,2,20,0.31373091612975124,0.37136874571524503,1.665263707912112,9.458020829953904,50.62222816485694,1
DEL_2475,133,6.497058702621129,2,12,1,14,0.39788849750086797,0.3720415903231573,21.637535613453288,9.231067985890114,34.888968049883424,1
DEL_2476,116,10.48496371395217,4,15,2,8,0.8203977880376248,0.39335452636417434,22.970453151641603,44.21190065991879,75.54957511521641,1
DEL_2477,264,23.71376027335764,11,21,2,9,0.8396726769968885,0.20928722203889016,0.7905971271908985,0.25411900008615795,69.65689154579226,1
DEL_2478,252,7.840845914358491,2,4,2,1,0.4984099466216394,0.6345907139233278,10.314680216283334,3.7843626973502023,50.392607676535526,1
DEL_2479,477,22.85397754049882,11,28,1,13,0.39770004109759394,0.14452870599522108,44.39042681741559,4.572064255709131,56.53763756190522,1
DEL_2480,175,26.33028196768003,12,30,2,20,0.4032929946548037,0.38891208539523137,45.28263528068756,1.5270785051050717,54.77577452404092,1
DEL_2481,186,25.30699763329015,18,35,0,10,0.2244008563286957,0.3587251297179401,62.51798345350173,5.303518885894682,57.57660141083617,1
DEL_2482,216,44.112868583138926,27,32,2,12,0.4673764717098826,0.11574567720961415,16.035732193033233,5.552264798604305,81.19885935084743,1
DEL_2483,461,28.85281047732796,10,32,1,1,0.5914164314844833,0.5930249085523626,2.2818153476803635,38.27189401677722,58.51027344261074,1
DEL_2484,441,26.059120811511953,13,33,2,20,0.16471565277323866,0.10584010330141248,7.988141247644252,7.001198062284994,51.467930068598505,1
DEL_2485,126,23.481916042624977,12,33,1,6,0.4186305989845497,0.719263630172098,19.470774640171797,32.75853922029425,75.90712728240702,1
DEL_2486,412,41.793052023701875,22,60,0,14,0.3589406607601472,0.3813483857337033,5.007647588322143,19.931140539790125,64.3892346102052,1
DEL_2487,386,45.27754717999249,21,54,2,6,0.5252055963455349,0.5048531493306248,24.92232895422561,16.019824536722957,78.45621041346892,1
DEL_2488,233,43.39591111387029,23,57,0,11,0.10002343489580326,0.11724968251521346,29.638243367411693,4.815110350707658,58.499121259710265,1
DEL_2489,318,35.30959601591259,20,47,1,6,0.16829244370180632,0.17323936258904646,21.630213452025732,6.681961514074459,62.97895193249092,1
DEL_2490,267,11.18127856859034,5,15,2,4,0.11853639305944555,0.26747624444805973,6.280597452309919,0.5470203178971483,26.315312229984453,0
DEL_2491,197,17.45914862714055,10,26,0,14,0.18146663418497885,0.4872778172210116,20.291311742139047,5.685190788119689,29.267166031595288,0
DEL_2492,367,7.072837865688984,2,3,1,6,0.4539681401643746,0.28345762753958736,1.125428358066586,24.52017566314784,35.69817424308035,1
DEL_2493,336,46.88708337455513,19,42,2,21,0.1698357121911593,0.24022604858793697,6.124455266084087,18.244992909271815,72.12456503631539,1
DEL_2494,408,34.735933836090965,15,32,0,22,0.41116552569849374,0.1957469893530328,21.76097250390984,19.825859850900407,63.03603306795337,1
DEL_2495,493,38.58632979409587,29,55,1,20,0.5341028788601154,0.4695567587050909,23.758081411025476,3.0061862131595887,83.75668076456702,1
DEL_2496,272,19.020728281200302,5,14,2,1,0.1173117789676956,0.1627077635040424,5.7580361326925935,2.8292246383975734,31.344274874088917,1
DEL_2497,289,43.054408502480406,33,53,2,1,0.11339320794006327,0.4299368020402861,48.400927670688446,13.064250891661148,65.97762936484035,1
DEL_2498,221,16.682147766881535,7,17,2,18,0.8782943812934112,0.1865346906625094,4.788180133109367,12.64139094902438,56.170909614440795,1
DEL_2499,145,5.073969070060236,3,5,2,8,0.8715003128313209,0.49153243935979574,16.182584494291923,2.6075800061908776,52.95909423551663,1
DEL_2500,163,21.938673313431227,13,28,0,1,0.1703476108712044,0.37627919579834956,31.67497828978156,15.260459509932977,33.75611298585125,1
DEL_2501,229,30.684266643158303,14,31,0,13,0.2533459949571921,0.4398325235161656,12.024321686315787,5.6621607775138365,46.33932697011712,1
DEL_2502,409,26.541718608448512,12,28,2,14,0.5925025766365097,0.6668272558387799,7.977967663276003,26.143462912481034,86.87185868427513,1
DEL_2503,462,43.79342641594687,23,45,2,23,0.21360828702696824,0.10815843378005856,3.562560023349916,5.439702067639449,54.17538619258826,1
DEL_2504,292,9.743237868027512,7,10,2,11,0.47641328256405246,0.20752188173911318,3.2805664962470877,3.1357722802108547,42.73034350307616,1
DEL_2505,406,29.922054828517652,12,39,2,18,0.9591847662958977,0.3011050267184612,2.5960494482942194,2.6158721620248437,74.70390653174958,1
DEL_2506,280,28.084070741940835,12,36,2,14,0.2992338152419689,0.202478224346789,8.778390404575303,27.416850725012555,58.16706891893048,1
DEL_2507,391,17.662684197747335,15,33,1,5,0.5403521258733283,0.22189303706067479,11.908458686175369,23.595876936151793,64.21096393323276,1
DEL_2508,470,42.00026506596547,22,47,2,9,0.8677198673781152,0.26283266778862163,27.399655587512687,6.658748720730971,99.92686653963358,1
DEL_2509,381,38.87818951469928,18,42,2,9,0.9539521122395085,0.24665013206237318,3.675988123074215,3.3046328756506522,93.17896478291065,1
DEL_2510,128,37.978663429932396,24,39,1,2,0.3435963542003221,0.13668235180537097,21.11017353493244,4.018001055697972,66.44441816945103,1
DEL_2511,248,44.42866152213002,24,55,1,8,0.8644167748475594,0.47408932532782705,17.76797171917239,5.832657060403165,99.03594557822942,1
DEL_2512,366,37.52530702796845,14,46,2,22,0.11412082748076938,0.25110994370829665,15.098112024881464,0.54433608162079,51.19115835018592,1
DEL_2513,395,15.43285812716269,9,12,2,4,0.3053354832193299,0.2953023258946291,6.217891218488136,0.83596637863696,37.44142062039408,1
DEL_2514,110,36.7503220242361,13,39,2,23,0.2721435909525296,0.3350283371806393,5.74073897825771,31.48352995582134,60.77516063862121,1
DEL_2515,263,18.846626602542973,7,14,2,21,0.1134333009591916,0.10002119743804228,21.340553781040818,17.435239500387308,40.126396582366795,1
DEL_2516,212,15.897859265636175,10,21,1,6,0.2776838553836881,0.2151804094943294,4.814121490179287,20.183045514101572,40.27709964060595,1
DEL_2517,286,8.28516168048323,2,11,2,18,0.7277283967893616,0.17538722920004868,6.000865997568358,7.815865447509189,50.87084924958134,1
DEL_2518,394,38.48128611564545,16,45,2,9,0.8392527296111878,0.30565768664412163,50.36852497997487,5.449170804536237,91.37680479687782,1
DEL_2519,331,36.99504328774151,17,27,1,10,0.3927956487587776,0.4046194007744972,97.18224870424831,1.1577315162339274,77.58015936034477,1
DEL_2520,326,15.552476495334218,5,15,2,5,0.24904785368464286,0.539262967832962,0.02571175328277664,9.799658056587205,36.54328976360256,1
DEL_2521,409,38.72205575258702,24,60,1,18,0.7658092539492407,0.24676713177795434,17.411978296728538,16.320911423772152,86.9871396408435,1
DEL_2522,197,46.30283973920989,21,57,1,6,0.24486174002013952,0.12381155091495409,11.501922042631218,2.616545067690826,64.94566038858358,1
DEL_2523,154,9.861303087121065,6,10,2,15,0.3353795694550129,0.33740896233332535,9.247525651155314,5.91505849648268,30.71377020195012,1
DEL_2524,210,15.468648727404872,4,19,2,21,0.24810419892321986,0.4777949444883272,4.837335649135472,31.45917765418539,37.874064379081986,1
DEL_2525,251,38.7617357339292,21,40,2,11,0.41208466057703064,0.15373893465381142,10.613292378983788,22.275626027115027,72.01302897925052,1
DEL_2526,345,17.35280030781852,9,18,2,23,0.5745443609909762,0.09119758949742958,9.147961271186045,19.211324975285116,60.44060149800719,1
DEL_2527,168,33.10987884276726,15,40,1,23,0.13463578200854634,0.22139372446271824,7.695198401093838,0.48279929306084146,44.34921528299143,1
DEL_2528,411,8.652390100867153,7,8,1,21,0.4585021803371656,0.26980182094806193,28.43848333013739,2.1722001134518436,37.65396132499376,1
DEL_2529,388,25.349111559659242,11,38,2,17,0.8638173316879111,0.2179591705864578,4.733925946664344,4.3841085379737805,73.35296047329247,1
DEL_2530,349,38.25911398968289,22,53,1,13,0.10051074952527209,0.18945840836328423,13.650010552968228,4.342734775794255,59.62198397372314,1
DEL_2531,135,35.893127436946365,18,49,1,15,0.16645967735516795,0.08199697722319631,29.950237733549823,1.6568183371356187,49.42249395920399,1
DEL_2532,338,41.678244530411305,18,54,2,5,0.3399652520968248,0.09227210684495611,57.94959402074883,4.100550309140687,77.66490359196507,1
DEL_2533,247,44.4853456971426,21,54,0,0,0.12400201745741699,0.4151153343563848,13.847906106499865,6.706427373421429,47.63209196854882,1
DEL_2534,326,39.79325755664412,25,42,2,12,0.4610758838807011,0.5017096337530146,11.01067266457332,0.6067448676474257,67.31006446057665,1
DEL_2535,343,35.22144843225167,23,48,1,5,0.11464077256136981,0.4323550972448362,27.53707789066089,6.193623706561162,56.145240845863746,1
DEL_2536,436,6.427512131721402,3,4,2,5,0.34771588736327574,0.1971999243366138,3.1320764779623187,8.234858234255574,36.720895819051535,1
DEL_2537,464,29.073500303424982,15,27,2,5,0.43804931882684595,0.6404213512080357,14.914421768815227,0.5015519652936723,78.41928543358122,1
DEL_2538,300,6.696397621168376,2,5,0,11,0.21877530299647505,0.03035359835218612,0.9949495693319195,13.457606039542192,21.62425315625586,0
DEL_2539,253,41.36305177022102,23,50,2,8,0.9948249047152811,0.45740770667122976,16.182960545729916,0.9977427186294741,96.71137444604184,1
DEL_2540,172,19.43260360069809,12,23,1,19,0.857008428824733,0.25760436716510143,23.83050835199176,12.526907109059195,75.14319185608784,1
DEL_2541,300,30.30932183530644,12,37,1,6,0.20704863034298812,0.3103813092430108,0.976256867867641,61.55981116812588,63.666507852727605,1
DEL_2542,395,17.575038829350618,10,23,2,2,0.5091947071762679,0.3655825320332485,28.299683678856304,0.750474334807258,54.187432598794345,1
DEL_2543,116,40.21250649711321,24,52,2,23,0.26645667064031997,0.4384772944269762,1.9748661939140786,3.8124146671539565,69.55495424116276,1
DEL_2544,228,44.89261369888561,22,55,2,14,0.5069897834837946,0.6926433590386956,2.9007442405150536,1.661916230043329,96.8965873667845,1
DEL_2545,316,22.93891223958788,10,19,2,1,0.20845470588927653,0.3257620648150925,27.155287015894636,5.529792386795679,48.71938214089223,1
DEL_2546,160,43.831507707994504,23,43,0,17,0.82302586982184,0.590659172704655,1.997863756487908,21.640669086742797,86.62194582787536,1
DEL_2547,203,17.018375335534955,8,12,2,20,0.151329406829859,0.49835571572918896,16.80620803597103,31.81679868704203,51.71980007222169,1
DEL_2548,141,29.059741538398573,12,33,2,0,0.34825019414713043,0.24076403492743587,5.239411330562811,21.97011759084748,67.59581488459646,1
DEL_2549,124,43.64426434274168,22,51,2,0,0.2907971461974461,0.093541809267724,4.282567905128483,14.095592668454923,79.46291992073594,1
DEL_2550,138,19.664660417710568,15,30,1,10,0.1029783098294145,0.19563659828162605,15.7539557520159,15.156935633850559,45.24004496451615,1
DEL_2551,390,47.93190192851386,18,54,2,2,0.3324275638473956,0.0048788919978491165,1.6935274011802184,1.5404820232031815,67.50690860580193,1
DEL_2552,230,10.484577580162263,5,16,2,21,0.1372073182238774,0.17135627580770899,12.821670663051709,3.4314712312951823,31.851618329080683,1
DEL_2553,328,5.822378137557781,5,7,0,9,0.9959687590255747,0.24673224896573384,38.75882841302298,5.428733199811124,52.821025929267115,1
DEL_2554,207,45.68609086601858,23,68,0,11,0.3468465871635128,0.44507275523616235,28.59829701749671,0.6172683176184881,65.56332586937266,1
DEL_2555,271,8.08918997665425,12,13,1,5,0.4450253482617955,0.32793743708249895,28.568749895450633,20.68787259667274,48.25726002894182,1
DEL_2556,201,49.63501381763712,18,59,2,23,0.5105679978102973,0.22284080186020153,5.412902574063206,3.5433793188286895,81.48690739782556,1
DEL_2557,453,47.812858789059774,24,62,1,6,0.12558895287512647,0.26856385891997203,18.12386583747255,0.644477591715669,58.901692378918014,1
DEL_2558,111,11.165940951634429,6,14,2,16,0.9330599970705433,0.12709950487505464,22.719291428861343,0.9107136739663566,65.67421028141797,1
DEL_2559,374,29.191308156165462,21,27,1,16,0.7864137336197845,0.16544508424378038,34.750943688058975,41.877865134953566,79.09651197285466,1
DEL_2560,200,13.321413386021495,5,16,0,3,0.12481329298487506,0.15575830859994072,4.600586078633621,29.162891387988836,25.579361374311418,0
DEL_2561,143,24.266982786355392,13,25,2,0,0.1189162256185303,0.16413205473307027,21.460615829727445,38.25487265472671,58.239403135577206,1
DEL_2562,404,7.764130816692471,3,12,1,0,0.3389532706008983,0.2814637217856423,3.964840331141802,37.67722155188456,37.94533344115276,1
DEL_2563,116,15.076606450846528,7,18,2,16,0.7375794006106867,0.3286241793265972,0.4227704318011926,19.279338998090388,66.9850632009492,1
DEL_2564,429,21.34727583795048,7,15,0,10,0.1306202230664886,0.38504402487747813,9.861912303738011,3.8750470151092182,28.985334179941873,0
DEL_2565,156,24.739137511072467,12,24,1,2,0.2311842331757963,0.6339553383333789,21.77961333591739,4.712409851361198,52.98812444210483,1
DEL_2566,410,48.987331619400194,24,56,1,9,0.7973887155588156,0.009115432055762363,3.6190311684991108,6.17000875809935,88.84705151777784,1
DEL_2567,402,41.353954055779155,17,59,2,1,0.24830756704620313,0.3303565159127202,0.747231473494451,18.445556428532235,66.71034485542968,1
DEL_2568,111,38.18344749403758,22,54,0,15,0.42038119939441665,0.32328538183276406,7.021053551724994,31.37035505360698,74.91347072907,1
DEL_2569,417,29.166859163388843,15,32,2,15,0.44853363611178687,0.31981459937055634,3.4012038871197317,6.96447112553235,52.72529824713296,1
DEL_2570,179,42.79989922719545,24,43,1,7,0.9755707561859897,0.07329283264920625,7.221102990696377,4.305442484657323,93.67630630203178,1
DEL_2571,315,20.269527604506997,7,27,1,6,0.4941153188953451,0.16052985785340018,38.042728419953974,3.3382903799078134,59.787397465864785,1
DEL_2572,438,36.90046007479923,16,39,2,9,0.9076654677271778,0.048868372715712774,20.432884043452372,3.5561395293218965,93.20552656290413,1
DEL_2573,363,49.720278892017745,26,65,0,23,0.36120134542257676,0.18800639232163,7.000792661931363,0.08289644867351278,66.1840897455791,1
DEL_2574,248,19.158300902083944,12,31,2,3,0.17277480020974742,0.23550599395872593,5.896733631242744,3.200946424183672,45.439042804285776,1
DEL_2575,180,35.33078906977853,15,51,2,8,0.959326861768538,0.28068476951951177,38.11159998891716,4.193297203702377,94.61576584836459,1
DEL_2576,314,42.99416888685721,19,48,1,4,0.4637776177104441,0.3036076507001178,32.95229132895807,17.931266273081874,85.50807440602057,1
DEL_2577,473,46.21134125078025,19,50,1,6,0.5885211182598404,0.10997973027157827,13.898429933097779,9.542912100967051,81.19842869783544,1
DEL_2578,297,37.30697109230458,25,51,0,3,0.4523267778149409,0.21270108927976566,6.637871892794006,4.82539538780564,63.27244673897421,1
DEL_2579,299,17.76235655377113,7,18,1,0,0.1270991929110393,0.20003302821722233,23.577394733505745,10.908109232773658,35.36616148144137,1
DEL_2580,124,19.68269682060259,8,19,1,11,0.1714456766001979,0.28008475569864655,16.347772096728203,18.631806710697965,33.222513120307156,1
DEL_2581,188,5.93411144557839,3,5,2,15,0.32288927096712494,0.1310596764744565,12.474776495268596,11.300746402065895,31.688928197504644,1
DEL_2582,367,39.23986899521793,18,46,1,15,0.4662864314464702,0.32200756427125454,20.12294244873314,0.8739636841345758,65.63678358365983,1
DEL_2583,242,6.923282272787812,2,8,1,7,0.7997631141115626,0.7194126144036598,2.166130419835421,3.309115032163515,69.86312104872144,1
DEL_2584,158,43.90935595712356,20,62,2,12,0.4754105682962574,0.48380809482623466,39.92074908203336,4.040187936075063,75.42859224144595,1
DEL_2585,464,10.339727651354245,2,11,2,8,0.9073457781445808,0.5264563568371562,54.13485948157295,5.410569293880517,69.28359584507564,1
DEL_2586,125,12.734443046116592,7,13,0,9,0.894447671759183,0.5793328273218851,6.56477064959062,0.299205269971927,46.0925478023141,1
DEL_2587,146,26.44369118745068,17,30,0,7,0.8970994945466939,0.4185902593474236,44.00549035229729,16.365154493206695,70.51799864473847,1
DEL_2588,387,38.204618682593406,21,46,0,0,0.4012615889624316,0.1805632665024923,23.832119623340706,7.626786041427789,57.300883410065595,1
DEL_2589,365,11.255099233958497,5,10,1,2,0.22437353301247806,0.7429718406969402,42.46086054307906,27.22767726738096,63.68909349715968,1
DEL_2590,115,24.80319837799243,13,42,1,4,0.460094868463914,0.19052479368552042,37.41677942455256,8.749831941762869,62.903765966788704,1
DEL_2591,298,26.728307348454717,10,30,2,6,0.5220071841261494,0.43438500658558243,3.3640735258009062,53.24097087473828,73.99392005279338,1
DEL_2592,381,14.55285387508661,12,21,0,15,0.5356454039094111,0.12488074370253698,4.517105735760016,14.475483964737302,43.00359239583888,1
DEL_2593,185,10.200126950628428,9,10,2,7,0.796524507629655,0.22334303429367316,4.52862317367596,26.150302934785564,60.73731137416541,1
DEL_2594,349,42.638941534353776,20,48,1,0,0.4122989004830947,0.11984903590992198,1.485662028334465,43.4697259939821,76.59808309582158,1
DEL_2595,490,27.61095423932445,13,34,2,20,0.5947691670917907,0.585247406959,7.6046937380740856,7.658385020314437,56.45486944256386,1
DEL_2596,369,5.647155619286884,1,5,1,2,0.3934578282764447,0.13555041177613067,6.755881819082023,12.03244925992081,30.81753589678941,1
DEL_2597,434,41.134158558909675,25,55,0,22,0.18563450376430987,0.3762657964174702,6.323040620128044,29.4461161732209,63.730242528614085,1
DEL_2598,216,49.13572124365632,20,63,1,5,0.5388040454040778,0.4394980694114949,6.437419669622313,10.27651362730372,72.27363443909906,1
DEL_2599,106,32.266678793641134,15,40,1,11,0.23215320742528375,0.36187690631521185,0.9612098046564311,0.6508514303677144,51.35659761907468,1
DEL_2600,236,27.666877418783184,15,36,2,14,0.12250672978060465,0.13063656691986592,3.0864671442471794,14.327714509266293,42.088941648187955,1
DEL_2601,470,44.528713837023275,22,58,2,16,0.8633402458937627,0.12351332530155598,5.262709668721124,32.936991207159764,103.02362435311993,1
DEL_2602,275,47.863255535806935,26,48,2,17,0.7532968014110033,0.6224051958596595,32.97036044186758,18.233360901647615,112.52000065358676,1
DEL_2603,427,38.954161215610725,16,52,0,20,0.15762114341878344,0.20918863486858108,39.163033438735866,18.800095861793473,61.53856847519743,1
DEL_2604,414,25.045381838042953,15,24,2,20,0.3316445737112306,0.05934329733022252,5.036486389925379,0.9908567930460876,49.473299987162676,1
DEL_2605,314,31.64996296991482,14,38,1,16,0.9353042185886482,0.3038419055726747,17.770341732631103,16.044876158706746,79.55795412910206,1
DEL_2606,181,36.542091425809964,20,44,1,11,0.5526960308293662,0.4270455132858635,28.51914406111152,0.3934269067790641,74.61533304739962,1
DEL_2607,322,13.742310695081065,7,16,1,15,0.45262646700625897,0.07165751477320959,10.583616459261682,32.0255999794911,41.17266346423733,1
DEL_2608,471,25.124046449739712,9,24,1,11,0.5213015758114602,0.325220534315617,21.130772607605266,29.483548577940542,64.52821543409705,1
DEL_2609,202,42.34195691227782,28,54,1,3,0.30589220726989597,0.32498160188108083,55.86250066879743,47.11314140275204,91.44820138920355,1
DEL_2610,372,34.462640682429935,18,38,2,8,0.8750616578451056,0.0997858128692707,2.6548909185009846,4.335010239140193,80.86758887778751,1
DEL_2611,113,23.504183024533436,12,17,0,14,0.3964201334091155,0.43979089879421684,1.0953202375331088,9.325505882633607,41.77835344362623,1
DEL_2612,258,34.85131403066066,18,41,1,4,0.44774978371329954,0.09120024109065072,15.325743669609883,10.37468374043124,55.527774406248454,1
DEL_2613,251,10.320008543260695,6,11,1,22,0.38412522242573555,0.4029778397323385,10.65384282736021,9.762790671778138,35.22085792108091,1
DEL_2614,207,23.067392475419435,14,23,0,10,0.23226063695321728,0.2127437585626426,5.277521271845543,6.375757442187849,34.80621634945617,1
DEL_2615,287,40.69078420833754,17,49,2,17,0.7168007341430137,0.15717387154709192,37.25924546119596,52.02020299719818,108.74139942588619,1
DEL_2616,400,14.92289542114916,6,18,1,0,0.32415235302795387,0.21766477895090947,28.045309301390056,26.131882133549553,41.839918304859935,1
DEL_2617,197,13.368267840083796,9,18,1,15,0.10707595204765127,0.09119818803186493,4.6060592752256255,11.310123906203579,19.120237207459066,0
DEL_2618,230,47.78683969623941,21,54,2,17,0.831731343250054,0.07419798337894892,22.32114404669026,12.520586062785437,97.57794976554823,1
DEL_2619,392,14.445393331380382,9,13,1,12,0.3557050848993305,0.5207757350388302,26.439231038660562,15.031587797421466,43.106021074075194,1
DEL_2620,270,16.74133608425756,5,23,0,19,0.7217352488569131,0.2707469103370652,5.9029626359698275,11.10689935570099,46.62908896671325,1
DEL_2621,282,48.63271725069521,19,70,2,15,0.1859556490280352,0.19742765453125066,1.5662352094254381,14.752356089276532,62.8747982307187,1
DEL_2622,463,38.061885661926155,11,48,1,21,0.37832184571008187,0.5514884659898154,28.498702888168673,20.346231674530767,61.565228238165794,1
DEL_2623,138,36.48184398605877,20,46,2,15,0.5630655857592782,0.3273463414150382,1.526974138564177,45.73386508649803,81.3469416969887,1
DEL_2624,114,43.38168727345616,21,44,1,2,0.20713839278205867,0.3477629178567421,9.768795836407303,22.69102106227937,62.52931196402923,1
DEL_2625,475,10.212038700655743,3,13,1,17,0.8253610052549997,0.3585150584739354,3.24186553219708,1.6622250490079493,38.829755556985745,1
DEL_2626,103,36.76803064610032,24,50,0,22,0.29416158557525396,0.28335021208710676,39.35460114806047,9.486473017204514,69.65190306313357,1
DEL_2627,448,27.66598741977075,12,33,2,23,0.291651805773539,0.39913867427827454,1.6995400326696952,11.993096626519979,59.67713863852289,1
DEL_2628,496,42.311778812786294,25,44,1,10,0.40031129708218016,0.1567113891566324,1.8647640569822888,3.7066474306610973,59.58095100721365,1
DEL_2629,309,27.866377339933745,14,32,2,12,0.296885123293942,0.3032874957093065,18.146323425612515,7.744234364295393,48.395755625706435,1
DEL_2630,260,32.910860942101046,15,40,1,23,0.4370272482465326,0.21783082264083833,3.451687813601284,32.381846774949345,59.85036908129303,1
DEL_2631,115,26.49839568797912,7,27,2,1,0.34228016414998774,0.6651675984063038,2.1296948868957775,3.596782325781727,70.58021668998695,1
DEL_2632,207,26.517151560012984,12,41,2,2,0.178812963325119,0.2671118388422175,2.762317287357761,4.58014282341955,45.757535310876456,1
DEL_2633,481,39.55864901278242,17,38,1,0,0.5742841177357481,0.1253962732106812,13.591257808921869,28.669316519661457,74.61918238121197,1
DEL_2634,410,33.28548802912775,23,47,1,0,0.2197581717236746,0.2633279995054381,3.777503373036261,1.1894348459734787,61.18364917017682,1
DEL_2635,326,33.49684407242347,22,39,2,14,0.3812349639621141,0.40873337216582256,7.103874367077671,25.45979477783795,71.13953303222422,1
DEL_2636,269,25.262711772418662,17,27,1,21,0.13034701881341212,0.5444488553756851,28.43027096578465,4.345769086346591,49.04134523526626,1
DEL_2637,133,28.899927335188742,21,29,2,2,0.5593108400382412,0.36034798502649784,2.8978093841137285,8.280282574198848,70.50568837144611,1
DEL_2638,350,38.55729497921543,20,46,1,3,0.5639980433681033,0.2502611896898375,26.254431032741007,12.35518090159729,76.56019597876285,1
DEL_2639,346,42.16734136003632,20,46,1,11,0.2822719619721681,0.1947131989222958,22.401602292684988,12.476803628815862,58.82657173624399,1
DEL_2640,368,36.34526309648208,19,41,0,23,0.1604900805605303,0.446695140856124,26.683488402958425,46.932615377823794,61.89618224441088,1
DEL_2641,240,46.58328449805574,15,55,0,20,0.48499205820777835,0.31470672606879885,6.393069904779006,0.42471711708816673,59.81796348679156,1
DEL_2642,373,41.91458396662404,21,57,1,11,0.23112633811203606,0.09315020909055904,9.590177954158705,14.601290497577416,65.29023404877756,1
DEL_2643,195,30.283870541428332,14,32,1,13,0.4503078187085029,0.22631620953127482,18.41404615237491,22.419902743376376,66.91424872568442,1
DEL_2644,326,35.21327326896816,22,34,2,10,0.5575740985600536,0.2168276441601737,0.5721843397412827,10.650372813544141,65.59876118783436,1
DEL_2645,478,46.68387246145382,24,56,1,5,0.3951191442587495,0.2946154352725988,16.34905366312789,44.61953727487542,83.91244291311368,1
DEL_2646,138,32.86256199093763,16,37,1,13,0.5306187555049866,0.4371175458036905,1.9191208966298352,6.4885346646389195,65.71465699573787,1
DEL_2647,401,42.11631265909238,20,62,2,1,0.2123242261319129,0.3567691183245397,5.096723065258002,16.628912772226492,76.25054087551202,1
DEL_2648,128,35.99647266154942,18,44,1,2,0.5552153757078102,0.5965681482524137,24.893943628938768,13.914418572577334,64.36359241019261,1
DEL_2649,417,29.83713624772099,14,25,2,20,0.21332227600088813,0.2791187366768239,15.133656480731227,0.38238391033212804,47.37689954860175,1
DEL_2650,344,15.88271879369089,4,21,1,17,0.7406669926213583,0.10482872595557523,14.58723308101589,9.656748499684262,56.104571537861055,1
DEL_2651,335,24.169888376079264,11,27,2,7,0.7096419979540463,0.47380210500133146,3.860457106728623,3.6281721348522855,63.28102340087619,1
DEL_2652,284,48.54842711751721,20,59,1,1,0.37745174209749266,0.1504813512565692,16.533770314173378,9.02838983236802,69.07176045725984,1
DEL_2653,371,34.59944224726701,27,42,1,19,0.7310556154211214,0.5720637164539544,2.1182913885282693,25.857675825620063,72.9903354075736,1
DEL_2654,335,30.397792115254532,18,34,2,15,0.5012443732665692,0.13435612938131958,50.19833564947364,11.935127220621332,73.95665526631095,1
DEL_2655,338,46.98304814877023,23,64,1,13,0.4234806599732439,0.24202777346107437,4.369260597062031,10.813536856176633,67.38633276122204,1
DEL_2656,476,31.39303014668519,27,33,2,18,0.7607210090580093,0.2427731437657384,26.295107913223347,13.392987999406678,84.77783650063071,1
DEL_2657,365,28.673713328783133,16,29,1,19,0.8247886975338098,0.2503066765598194,37.91432769919101,9.017390992252192,81.01716219832656,1
DEL_2658,458,39.168988481759236,18,37,1,3,0.13181733338206478,0.19628606797715156,2.8273617553759838,7.125933989640063,54.39756376329844,1
DEL_2659,439,37.0699528543945,12,46,1,5,0.20033402308434708,0.22530020746177246,0.1469588344692424,5.629221092365146,50.957014015730984,1
DEL_2660,488,13.692200378379473,4,16,1,11,0.42145591618468803,0.13510323210060868,31.107247123553247,14.450665238417816,54.75167203907468,1
DEL_2661,164,26.208872355835453,6,32,0,9,0.9820971487535239,0.23474224002141933,21.65798146387263,17.93900801855939,80.12403216558447,1
DEL_2662,276,26.263194926881336,7,34,2,8,0.8544561136662884,0.1905608262988431,2.5133161256599874,6.603929274911538,64.75826461238785,1
DEL_2663,102,22.020103185950514,12,19,2,2,0.266228879221332,0.0823693562777177,26.61270588983886,0.5365787932919321,47.28607827032153,1
DEL_2664,241,28.27820669685139,17,34,2,0,0.5118508903362499,0.5163942490262778,24.94809781561402,9.400735905926174,74.609444501018,1
DEL_2665,475,23.58983289772149,11,28,1,13,0.5832986461454137,0.13623792477693286,9.278226717685506,10.229389098804777,60.3371131438254,1
DEL_2666,257,13.97054702620324,9,25,1,7,0.8679585776144885,0.11178347560037465,44.01205150628757,7.824029258156147,73.48173367022147,1
DEL_2667,423,23.556491927360646,16,21,0,22,0.19341271586641343,0.2053552207432978,13.088030459861866,5.354094706085677,36.69225725120431,1
DEL_2668,245,8.252462640792947,6,8,2,17,0.8055373072249863,0.481379840926451,8.774621430567658,27.15091685194681,48.48676221737267,1
DEL_2669,392,30.91036382484852,13,37,1,20,0.300161811422313,0.3243541803770059,0.19985642024566352,7.872922684009915,55.01819313809162,1
DEL_2670,252,43.414454702350035,23,58,1,11,0.12616170388716438,0.3786698768010509,45.79331534424765,19.251569330941706,71.86155761580143,1
DEL_2671,292,37.63791879595499,14,48,1,11,0.34387867223777535,0.13846914893561363,2.0608296305007108,12.18436857997185,54.189102574977845,1
DEL_2672,172,21.217731802435004,11,28,1,9,0.7044746114627175,0.07495336095946425,5.2686704285845085,18.560770056574196,60.02097351968875,1
DEL_2673,498,8.918204250978867,2,14,2,3,0.3652297699097242,0.36043626647774374,19.608756598418292,25.21208774340433,46.26441035310236,1
DEL_2674,404,14.096722965137184,6,22,2,19,0.7350446810399826,0.35724492963408594,0.08040428161112698,3.346101809165778,47.99169676321503,1
DEL_2675,476,29.547065322267606,15,28,2,4,0.3308503983943174,0.18984619228848593,11.732590399330935,21.170228449258623,67.96215325638886,1
DEL_2676,443,14.317568752236479,2,15,1,7,0.8097848430835525,0.15061531521415936,2.5958015425968375,15.32294004854095,52.10417264883274,1
DEL_2677,239,29.478790007823537,11,39,1,18,0.762286329463034,0.3110157594686853,0.3419434440191614,9.881063214954409,61.582036194854766,1
DEL_2678,286,15.421956114375451,9,20,0,21,0.5649410781922135,0.13768931382095295,15.394340716903422,9.448532957063632,53.82872175949104,1
DEL_2679,392,43.201574126423274,17,53,1,5,0.14793067679223657,0.3497630461535483,13.856462396496038,4.477480781082511,49.8029998881029,1
DEL_2680,160,22.877216277820686,8,19,2,15,0.21148372826668335,0.4613982171249882,19.880512845333804,9.334938713374397,41.233213837406325,1
DEL_2681,479,16.049778167502097,8,16,1,22,0.45777963325481774,0.20481878557499972,14.443722489558436,5.820911340051697,43.96160004040922,1
DEL_2682,297,41.554678111117774,21,46,2,8,0.7310853229737343,0.3522948616501043,8.750590998911457,26.358169142567903,89.5595984035046,1
DEL_2683,394,20.42775341624528,10,8,2,10,0.48262045957861355,0.0719390096464052,9.769156909092903,10.469473347568503,50.60531644679423,1
DEL_2684,418,10.016945952745187,13,15,0,2,0.3096621187468862,0.15383529309417565,3.7292840792187945,4.26347968642116,30.143744100424573,1
DEL_2685,401,30.668427113163872,14,38,1,13,0.49803356241147034,0.1456058830114422,1.3115409444547073,1.871067621577011,54.30288115887127,1
DEL_2686,443,31.170389199709494,13,49,1,4,0.3757664677475404,0.4516142651017938,29.583158211489394,14.209454615311149,57.86599614133711,1
DEL_2687,110,37.16130538560804,16,42,1,20,0.1412343166593397,0.17273355376265195,17.631429541482994,13.113318036557123,65.65293260682934,1
DEL_2688,161,15.80987449437735,11,18,0,20,0.2930681273893171,0.10560968991938116,1.967319504729855,5.35645031408821,40.69716033768421,1
DEL_2689,432,24.96971025915103,16,39,1,5,0.2666241650304596,0.1029313060073741,4.602704547500139,2.123322566270809,43.19838446053235,1
DEL_2690,325,17.70655635691953,9,22,1,0,0.5050405981355877,0.1941512063794195,29.84165671673943,15.112952146219067,49.48246469678043,1
DEL_2691,252,8.642918125205966,4,14,2,12,0.4124391537313946,0.39587324498898363,48.220086397896544,3.783018765491986,49.49054369780921,1
DEL_2692,298,44.44762221571512,26,67,2,8,0.9846652528935373,0.003868815894811539,23.491575362779695,23.7669339798803,110.88935131427246,1
DEL_2693,151,37.79914120197535,17,43,1,2,0.28607487945723475,0.41503597545358006,12.658014909466965,15.54558435619459,46.73518735323407,1
DEL_2694,359,18.56583767564603,13,28,0,5,0.44587162965039606,0.37089400111032794,30.505245526157662,26.75126317846219,50.249032885439284,1
DEL_2695,158,31.971784679239384,16,36,0,19,0.8248725080608115,0.1750865885300412,14.785012710183992,50.074652542583905,71.0390125719337,1
DEL_2696,171,14.05687046605126,6,18,1,22,0.11836172881580978,0.5614606595872211,18.030271614905153,5.004653809284986,25.355306086166195,0
DEL_2697,247,45.06064798080969,19,48,2,7,0.7924823778671268,0.33450050822142074,26.31257187895234,8.415679147252646,94.55336871337175,1
DEL_2698,448,10.170785451285964,2,11,2,3,0.4868495886037856,0.2690595402851137,6.553899169909572,6.205669784411802,42.48422637712204,1
DEL_2699,162,5.17267154785104,3,9,1,5,0.3670437384710519,0.3833146634053889,23.024598722208527,0.9692409557302755,20.344035139811375,0
DEL_2700,409,27.590368898263197,12,32,0,11,0.3044108953448371,0.4576044805671536,3.478042118426236,6.229718348645762,39.3530977460276,1
DEL_2701,472,31.24075205537912,14,38,1,11,0.5483173142195773,0.35149103750096894,3.2397580817577287,7.0394649512687,61.87359672998645,1
DEL_2702,342,31.053439413311196,15,39,1,6,0.3486808018376184,0.4541048938633472,25.017036445737034,2.2851447643210316,60.775417784626896,1
DEL_2703,465,7.453036734702183,1,7,2,15,0.40669457189924774,0.43609662897633705,12.44477679675986,25.779074239109846,42.46695078745898,1
DEL_2704,429,19.131971311329462,6,24,2,6,0.5929143069624913,0.31362407355493094,8.013882772156904,4.151142799337439,55.60300049018475,1
DEL_2705,206,27.46395260785993,15,37,2,23,0.36119598527241836,0.26208306699530426,11.117792247153522,17.05462529174313,57.493293099213474,1
DEL_2706,325,14.74606335322584,6,20,2,2,0.49175130730676864,0.21882523715802785,57.19632143446734,0.9520218262747961,52.74960981744263,1
DEL_2707,412,44.26816484686534,24,53,1,12,0.30691277776518944,0.1978367402699183,33.689156593877,0.3666059590070877,66.30356574567992,1
DEL_2708,317,8.919918025764531,8,13,0,19,0.8498733635283372,0.15291877554528535,10.626244511176193,64.80592782161125,66.70886520182952,1
DEL_2709,340,26.932299875241927,17,29,1,8,0.8210344691052387,0.46558428351080655,11.884229228536912,1.5752295295251546,60.457887125252384,1
DEL_2710,358,36.113722588091846,18,36,2,10,0.5722022969783594,0.13847435812056635,14.287775471527617,17.421980770978372,68.96185261764235,1
DEL_2711,475,16.778799506051712,15,31,1,6,0.31719101219348467,0.06596454379892366,23.46881337179626,11.13176308609015,49.929725976519144,1
DEL_2712,361,33.090833164888316,15,33,1,22,0.3518181342885095,0.2977088852243848,31.04873932086574,7.238643635335671,57.49875658427876,1
DEL_2713,104,42.322331756406854,21,45,0,14,0.31206895030221726,0.23164342885666456,2.376655456727356,0.4514341311624186,48.83012130641032,1
DEL_2714,360,13.56516387927714,6,13,1,0,0.5984529082897346,0.09152741361313267,14.840521562388439,4.781195274937703,46.02428904705095,1
DEL_2715,153,46.27492663211883,19,50,1,1,0.5516805267840613,0.33262165788671827,3.8658142602221126,27.64189980259391,75.34735308324854,1
DEL_2716,146,29.91013396980611,15,34,2,0,0.12055072350757376,0.44974813335048247,14.584183061794619,28.265827169752757,57.253146668984684,1
DEL_2717,314,18.465440193547725,8,22,2,14,0.4895093350975197,0.35205560809735004,2.818598860894392,10.986449593579092,51.80271425147164,1
DEL_2718,276,24.388622392202183,13,24,1,3,0.40041837232475186,0.48796026233158896,24.751205799088446,10.258817127171366,51.50105734748713,1
DEL_2719,108,19.04863477038746,5,23,0,3,0.11257085188897184,0.21275887030408694,16.22338905645384,6.653115499724267,20.810876588449204,0
DEL_2720,198,37.63000219699922,23,40,2,13,0.32235613895656123,0.5438426131735543,30.14826919940884,17.930028165509942,68.50965103342718,1
DEL_2721,119,40.83352985368095,20,47,1,4,0.17485579203665344,0.2089545789961652,43.35379607763201,25.741309848689273,64.6609805364318,1
DEL_2722,477,42.482182654339745,23,36,2,20,0.5365238778027611,0.28352412399245897,40.75499039056528,15.601733639319987,78.4404571956528,1
DEL_2723,340,49.35957123135835,16,44,0,0,0.10634937838801053,0.24189680798399357,2.352674909566415,8.940511717133592,49.20367108379289,1
DEL_2724,160,40.60779316235076,28,54,2,14,0.5365529038077994,0.3643483173129158,7.09380431219131,12.0809410554867,82.87735788249921,1
DEL_2725,478,32.06228318098535,15,38,2,6,0.5704195743251038,0.7324974998180632,9.898449719808832,2.9775474685324133,94.21572564923459,1
DEL_2726,277,20.26491342763027,15,29,2,15,0.13649223324761986,0.19830154852902923,23.33479999445149,56.835044668329985,60.005474086751256,1
DEL_2727,437,29.506795191983723,17,29,1,21,0.4599187662734955,0.3228156270560207,0.22388107667560447,32.961796629272484,62.594666467473736,1
DEL_2728,161,6.848067775568244,2,5,1,23,0.37444609620281233,0.3017198835347274,38.943378429629874,37.657268056213134,40.53992918393313,1
DEL_2729,244,38.51712839884609,29,32,0,13,0.5771383602916024,0.08749612085166673,7.844250382600288,2.1904485170190533,64.26583736530097,1
DEL_2730,315,25.06799952914458,12,32,0,14,0.49907484046546735,0.1624383976323994,14.958698627106866,12.693617672081098,53.6444043728626,1
DEL_2731,102,5.901045337948442,2,7,1,14,0.44720702238012544,0.10629017520933765,59.148004712600034,12.817347846461857,43.462518116559544,1
DEL_2732,259,7.812812367968487,5,5,0,19,0.815438962120214,0.3569522836529502,32.139889445727285,5.2638517940855145,59.065820749638334,1
DEL_2733,326,22.435990871979048,10,12,0,0,0.18017486557191728,0.2844764500888302,6.74550231663481,24.04579000912785,30.0212167639327,1
DEL_2734,368,31.253968355829578,16,39,2,18,0.8494067217441652,0.2742749825682566,9.93961059827412,18.297929111344466,74.45029125578145,1
DEL_2735,219,25.8891777028457,15,25,1,6,0.5214709296015393,0.2579805643499023,22.041503545230132,15.259148306566539,56.11681085981985,1
DEL_2736,480,32.86419427814697,14,44,2,17,0.7052883314770502,0.3766888136239397,20.412660073285668,0.3517859897297578,82.42170214533553,1
DEL_2737,188,26.613241645611012,15,26,1,14,0.5677236745393626,0.18529997140448998,18.301524686418073,55.95703362130224,81.3005417236963,1
DEL_2738,428,34.776673046660605,11,50,0,12,0.4725777307784049,0.15552497125992049,0.16125448641098125,15.206020436768917,54.810745710287,1
DEL_2739,167,14.86067291018604,2,16,1,18,0.7957425581898349,0.11016555567711775,3.328717582647717,41.85800595215987,62.06701420425071,1
DEL_2740,497,10.077943423262964,6,11,2,17,0.8559545863939673,0.11580819019063336,3.759223451222221,1.0893391677297646,60.889047907226235,1
DEL_2741,456,31.839527958154697,19,49,1,3,0.17380320158108956,0.0695933351782859,4.327557679798428,14.223753746079236,58.26546148650802,1
DEL_2742,197,26.811028262133835,13,30,1,17,0.8455640583929116,0.14478783483650112,1.5169600971882502,16.388977140359,58.806162126000956,1
DEL_2743,366,6.209044432022088,4,7,0,3,0.31179728948053664,0.3144334925710609,24.645338202204165,0.8022935410152328,25.77491702727063,0
DEL_2744,204,22.121684847186614,5,29,2,15,0.5215492462337008,0.3298070358730498,6.2622288273676485,0.7998466015372103,59.22148472029194,1
DEL_2745,422,9.775651347094797,7,19,1,13,0.3659252688248925,0.2081848956976862,22.414071218478817,17.239239529151106,43.670559618988754,1
DEL_2746,222,28.911057428871285,13,39,1,13,0.32557438975760855,0.18082466302175637,40.21921289906604,19.17483070317565,51.23782301817367,1
DEL_2747,128,22.809995584719385,12,25,1,6,0.2595212592697911,0.28148505794884654,5.6318436980370645,28.919132334602754,58.52737470384507,1
DEL_2748,236,32.591835999635805,20,43,2,12,0.17847495565955027,0.4432681770731591,9.070774352251696,17.74305165339321,62.69032557990563,1
DEL_2749,294,41.25209984466073,23,44,1,23,0.595049647418842,0.4443124891649866,1.373714800173361,3.299107320871694,63.79225440172575,1
DEL_2750,325,18.48509077286709,12,15,2,13,0.11286629650948918,0.13356872296006525,5.239975855066228,41.57045001564012,43.56945324688843,1
DEL_2751,431,48.29459468742624,25,49,1,9,0.9620426024728921,0.21970928560223482,11.852888696593764,3.731220914986487,97.146812520216,1
DEL_2752,269,29.10355252644085,17,33,2,12,0.48468972251429854,0.5923654228871449,2.98020478130956,15.588845460005736,62.345110546056354,1
DEL_2753,108,32.82308594396546,16,51,2,5,0.3602790781218268,0.19228589720154302,11.550506694519786,9.044328630515873,70.92486848831643,1
DEL_2754,139,35.63025679515817,16,54,2,10,0.25692745040714926,0.18282732675087005,5.6287229283078,1.5655171064858502,62.969215685654326,1
DEL_2755,124,35.002918843591544,20,32,0,5,0.5963696528469067,0.5454336119857361,69.14989271893661,31.428779983150356,83.40193022251667,1
DEL_2756,360,27.993683437027794,11,44,1,10,0.40958482200578583,0.26332816424293887,7.067155091538914,10.638634910806308,50.09233102796249,1
DEL_2757,494,24.294393100160757,11,28,2,18,0.8266138988344854,0.48988077067491476,0.5975907109050008,1.1557003330428584,68.50327861854585,1
DEL_2758,325,7.420188387982005,7,9,2,16,0.8489109438993581,0.3293090342728263,9.607022187486074,5.801558605458999,67.40174329977826,1
DEL_2759,223,5.993863038553088,2,10,2,2,0.17508207588372673,0.613889430998378,6.0974807671745594,17.377876967737045,51.20529724292708,1
DEL_2760,137,21.10825375397441,16,26,1,0,0.33178703740957394,0.4943101947060347,6.931209903864205,11.561221391568239,50.627447192795685,1
DEL_2761,427,20.01474007851617,6,27,1,15,0.5197943981242065,0.32050756506855965,6.943241464464645,3.0354307545391435,39.66283869681465,1
DEL_2762,350,22.446281967755304,14,21,1,11,0.5918290261813536,0.4378580334098901,31.950939364630674,10.11147829088862,58.680837570899506,1
DEL_2763,488,11.22656903996855,6,13,1,13,0.2915287962435631,0.1394351666254745,10.345234903651441,4.433003289573901,31.530134462586226,1
DEL_2764,275,38.217572174157965,19,54,0,17,0.8045151228956351,0.5917772312104866,4.372159311729257,8.990759421880806,75.61379374613642,1
DEL_2765,189,43.56339866493075,29,61,1,2,0.38346476003046415,0.013194062915335687,23.58961670200961,4.592144401640493,80.0323630594625,1
DEL_2766,136,47.242158591831576,23,70,0,23,0.5719965190724631,0.28720113965590294,8.789878852488695,8.228797586567577,70.62696339106915,1
DEL_2767,415,27.156303658383163,6,24,2,7,0.7245052856330163,0.149825590129977,2.3560462247891216,22.15436003476671,68.83108575306018,1
DEL_2768,275,36.538956460644286,17,48,2,17,0.9033636791144998,0.3661349314242705,97.5175776265194,2.8593424479135114,103.58790576070425,1
DEL_2769,383,43.49980055461426,19,46,1,15,0.2546459884210054,0.12477506659784506,0.4160848441097898,0.021486867824265656,62.70448476999913,1
DEL_2770,180,23.823099999206867,14,29,2,14,0.4031699099170084,0.29983824014189864,18.528541120838455,2.020977886969775,56.45178222240869,1
DEL_2771,213,18.923575769169997,6,35,2,21,0.542338998734596,0.4373841475467732,28.214416993707875,22.131030533221,60.77234586762222,1
DEL_2772,139,47.152605013407054,26,61,2,1,0.2877629943964839,0.2894128624564904,6.550002334438373,6.434895179991306,63.04184460488117,1
DEL_2773,400,28.20544479846829,16,29,0,15,0.22102682697217282,0.14696476769764638,2.5679362052965593,16.153785256956557,41.401732461704626,1
DEL_2774,323,27.37642489658951,14,38,2,22,0.34047878599341763,0.4116932275046109,8.605362889253316,0.37493517864722353,53.96021045834434,1
DEL_2775,417,13.02872434535731,9,12,2,9,0.801446012651971,0.06266833413372995,9.880524481634072,1.8987770100204453,57.51316729525283,1
DEL_2776,448,9.866975655801053,5,12,2,10,0.3349629967498329,0.12059506839491482,121.85279262579567,10.098373577963955,67.08895139124108,1
DEL_2777,214,42.894808811758026,17,51,1,18,0.9576361697529909,0.21084328039150632,0.2948643481816624,15.288612249618934,91.56528513533836,1
DEL_2778,285,32.63599292843831,13,44,0,23,0.26810499970813717,0.41661534176481535,16.001644590297857,18.60756614643151,48.59628644545592,1
DEL_2779,422,19.662106280875193,11,24,2,18,0.7190992855802418,0.0489440522604508,24.47898621345227,12.360755929183417,64.69906796231095,1
DEL_2780,155,13.628129782561992,5,13,2,9,0.7528925378287252,0.5892048615497667,14.431255162860431,16.960680115232734,60.92110697215915,1
DEL_2781,139,29.997377607633414,19,37,2,21,0.5839475505326628,0.19033508274153377,14.91100452563985,2.17469804164109,63.511409416910205,1
DEL_2782,453,31.27636801675109,15,43,2,16,0.9015893944526931,0.6381501485856395,31.228973040940513,12.881441512757739,105.95466404012579,1
DEL_2783,139,14.314712056027618,10,19,0,23,0.2830182932719836,0.2993345490761795,12.492017252327496,6.646727358948215,31.746718466987463,1
DEL_2784,446,43.31325865511633,24,54,0,22,0.2258318442572416,0.3304008274252119,32.00344263707587,29.563283981105535,65.11696862788824,1
DEL_2785,336,8.7918964770133,5,10,2,0,0.442683993546122,0.21880917615480328,3.5393645702306946,11.463020286557107,39.59734074000922,1
DEL_2786,388,21.024188832488974,7,27,0,6,0.25122324498918835,0.5710956243792579,10.888856847724727,9.361951469287966,30.229692071297322,1
DEL_2787,361,35.617298619313495,17,34,0,15,0.5634464099288878,0.4875179912873874,0.5126002819243329,10.360434282357668,71.56624427871544,1
DEL_2788,315,17.33541637186403,10,26,2,10,0.15816794068846793,0.6368081055060283,24.40513246773726,21.35694450123156,74.05712640117234,1
DEL_2789,246,42.245383765157236,22,56,1,20,0.11437016728580632,0.45394988678550635,22.527905420496342,0.13605453469195194,55.963048591352525,1
DEL_2790,435,38.29405219701816,19,48,1,17,0.7849539165457095,0.6448450168027029,11.616656987782083,23.61635656243582,98.3532750773178,1
DEL_2791,267,40.50602800466604,20,43,1,0,0.40330956665060613,0.3805537663908696,7.558324262101813,0.35545741541638926,46.768731158340024,1
DEL_2792,191,10.359794114452232,3,10,2,1,0.5174810010360664,0.35090200137543553,6.9332011005744665,10.4862897455875,36.76347198477177,1
DEL_2793,452,11.324620759799432,5,11,2,21,0.1850640349719034,0.3064920093525587,3.3679645714943995,8.380158782786209,35.72526853918523,1
DEL_2794,158,17.891318198506262,10,15,2,1,0.39236142950320885,0.030820049813267848,8.376341568627641,5.551143220248726,45.3126629688969,1
DEL_2795,158,28.313472433890247,17,36,2,5,0.17207654999246677,0.24794915129700604,5.434128912509999,1.6535009276953248,49.659902468772586,1
DEL_2796,403,38.66072345147311,15,40,1,23,0.3815893241652779,0.4156544703606734,12.929581582837068,1.5896495100608299,60.997532965923924,1
DEL_2797,268,42.64389008424066,20,47,0,7,0.8680194041662308,0.038131244017238365,23.160604242309823,16.264928726651526,82.75943367080852,1
DEL_2798,368,36.69508921807312,20,40,1,21,0.378903544209511,0.3941400258263039,17.76925334380186,1.445636069214347,66.18900421756487,1
DEL_2799,462,46.786859668878726,34,53,0,20,0.36088791898258066,0.4554812383777314,10.821818998769324,13.948367420486338,74.31921720383488,1
DEL_2800,144,38.243457932716865,14,52,0,19,0.9417999867387545,0.2195958999389999,44.522835002584806,55.63529735523094,98.83962547812412,1
DEL_2801,444,18.782054915207663,9,17,1,13,0.44470844558034384,0.21797467707080198,3.297060578578521,13.744214529920576,44.393406115939044,1
DEL_2802,280,16.928657795235765,17,19,1,21,0.38612727587102635,0.3222175499743474,15.323646803570677,0.9382954440745307,50.14714669192048,1
DEL_2803,269,36.32866026354905,22,57,1,20,0.41154863952593523,0.5400273928781406,1.3824221380885744,9.37218058850943,69.13128349150023,1
DEL_2804,455,13.679175591032642,8,16,0,19,0.8926506422634406,0.09999236357403822,16.767527621288423,21.580959304956643,52.206240112390084,1
DEL_2805,290,9.172166486462146,7,16,1,21,0.46099681107320245,0.2711985263150425,19.383091896519637,37.10969813341733,55.98782317237362,1
DEL_2806,254,28.950029368528725,20,32,1,7,0.8440434640142316,0.1668732496082668,22.891414067732903,15.608265628800229,80.37962268939786,1
DEL_2807,287,41.973870640052986,18,68,1,16,0.7707144900080015,0.36817354823668713,16.348944104967533,4.446971640127247,81.91024310820563,1
DEL_2808,106,9.562092911143859,7,16,0,4,0.5717546664819917,0.3284504367345918,1.9622576350717145,3.4707364564358603,31.34349785953409,1
DEL_2809,232,40.63510957080781,25,38,1,2,0.4633377458018776,0.20084288769184047,0.6795503435242075,18.379742067030925,68.42404399501763,1
DEL_2810,334,41.52074019581966,24,57,1,23,0.5558809988323032,0.48293814050590966,18.79017908478621,17.14116725034524,80.20046106755784,1
DEL_2811,144,26.70233000366946,9,29,0,23,0.5615774109805566,0.4163259736579732,24.00959785224746,7.995357218834428,48.74033556305067,1
DEL_2812,413,7.578963950471906,7,7,1,17,0.9086711906227039,0.12316306503832285,0.49778524369285376,1.089764369102322,52.0455882135636,1
DEL_2813,348,12.856543306123388,6,20,2,9,0.7576296350702622,0.0791517415106638,2.436590015501551,13.378270770831026,52.31031589013901,1
DEL_2814,130,36.834182382286954,19,45,0,3,0.23371841445228578,0.26701499475544926,23.430194894794973,10.71227984640717,41.98243647741296,1
DEL_2815,122,37.030007524592726,14,41,0,9,0.8246701813870799,0.4752610936214184,51.54998647778553,0.14313687020148555,77.38833433110902,1
DEL_2816,493,45.42598738254494,29,65,1,17,0.7559569916734936,0.4722358706814269,11.026315284952208,12.340889986119599,94.03505879673772,1
DEL_2817,259,31.220876594956227,12,37,2,12,0.21185902107010937,0.08442325029116003,2.4963415273842124,1.703992392476918,52.90191895868161,1
DEL_2818,462,10.584831547119983,5,10,2,21,0.3920604316312333,0.349694314260251,5.81283118898828,20.972719192847215,48.84189139566239,1
DEL_2819,257,10.463670747723747,5,18,0,16,0.7275587039027104,0.6131257496612962,22.809265547350147,13.434734679715245,59.26482462071231,1
DEL_2820,138,37.450956081057065,19,39,0,13,0.124725197659761,0.014081430708515792,11.753484400616902,0.6369163755868421,44.68435768025664,1
DEL_2821,181,13.270309929855552,5,14,1,18,0.8643362818061485,0.5070617220126673,0.8929890531224562,9.10697967056343,58.94068813944793,1
DEL_2822,455,19.77734748274724,11,17,1,17,0.8571821400379458,0.15701791068527526,5.531631251322477,19.641058867782014,65.36687633833148,1
DEL_2823,357,26.924540311486126,18,31,1,22,0.48127902829157176,0.27621983704568503,20.9628226371824,21.262561078531718,63.17925251717748,1
DEL_2824,305,6.114419490926804,2,10,2,7,0.8854602463526736,0.10625720225378868,5.9130090062162655,1.07098800114424,55.42016319986275,1
DEL_2825,176,16.196856215896936,10,16,2,17,0.9690184578988941,0.04612629292492402,8.493167144470922,0.9862810767769763,72.60975418181765,1
DEL_2826,111,23.355032382827602,11,24,1,15,0.18421801274087898,0.17677402304517661,35.31595782532046,17.89972110532382,46.861217097435386,1
DEL_2827,394,17.58363433219428,9,23,1,10,0.2850186654236099,0.37796377384464663,62.64274230115107,3.1778136397239947,49.18995853064544,1
DEL_2828,323,11.136664736040462,6,11,1,16,0.702508676913871,0.0857440081138083,21.23291260562927,10.817650281391577,47.9051259255738,1
DEL_2829,112,37.76055160082888,10,42,1,17,0.8305800728196182,0.3372929304783154,4.1190355039525075,11.263793816446384,70.68917288652165,1
DEL_2830,145,41.591644482559325,17,42,2,18,0.9307854943123068,0.28595188168300534,4.178775885134474,11.924917022873505,81.75078157236634,1
DEL_2831,254,16.586553926467616,6,23,1,17,0.9472587865991595,0.058398900359949296,5.441816934304444,4.947611260294002,52.18625965054294,1
DEL_2832,212,39.84887725728365,19,46,1,13,0.2603210067748156,0.274927267779236,2.6252188245200228,0.48862237247597096,57.4837350943717,1
DEL_2833,332,22.349910398059123,12,18,2,16,0.8341863875542598,0.42554517447888707,2.955423104878417,9.252832723420436,66.77865478509845,1
DEL_2834,116,27.800860588430126,13,35,1,7,0.9249892355609572,0.11649205497534058,4.43550436139401,8.683489115598812,72.1438140470377,1
DEL_2835,459,43.52004837019187,19,60,1,14,0.10741373779241994,0.1802420355037391,16.177128674892444,6.811733726141396,61.41783703767864,1
DEL_2836,322,38.74791568110835,16,38,2,16,0.7941457752894411,0.3209651159471655,14.21940165306813,3.9343371551482536,89.98935802643875,1
DEL_2837,453,41.230258309228,15,64,1,20,0.29601776359011966,0.24221246383796777,6.253239750259544,22.221444687387045,66.16022368074898,1
DEL_2838,287,11.158032496386056,8,16,1,10,0.5911927426523164,0.2325944704900547,3.284799163119069,5.546260321367706,37.7407021075048,1
DEL_2839,443,8.137374162517826,2,9,2,5,0.5720839097925008,0.323262429847319,14.673365745303634,1.6270769920533728,43.49430694988484,1
DEL_2840,464,45.20321280895942,31,55,2,22,0.41416255740164243,0.10960018825226572,2.1039994772385744,17.031763625341668,85.51027011786586,1
DEL_2841,262,22.452542130699246,7,17,1,18,0.7639538639473139,0.5830927100904786,2.371689003512484,12.136419896219689,49.077836199544635,1
DEL_2842,425,17.95458551313564,5,25,1,15,0.19560852734800635,0.20319323503646866,7.252213233088077,4.438047142883353,38.01876760546955,1
DEL_2843,173,37.6113314417821,22,45,1,11,0.31710313004628754,0.24261329221099023,12.56809114594274,1.966343499605078,55.00335788228051,1
DEL_2844,332,42.63870184609355,17,43,0,14,0.5795178124488936,0.5587920937724326,19.545232183842053,6.950674463719271,74.69649614327818,1
DEL_2845,323,43.81203298542354,21,44,1,10,0.1473521946441537,0.31530599955798927,17.42233726217665,0.8185107629718322,55.13838883931211,1
DEL_2846,418,19.21987135063523,7,24,2,6,0.49567617606449443,0.3897475813315276,7.133128730196787,3.024055728224586,45.35181146389698,1
DEL_2847,159,43.34955760407533,30,39,1,23,0.1955959064909111,0.17523817226012106,15.948054972661458,39.879179410771826,75.26131299957913,1
DEL_2848,434,6.842027496845542,1,9,1,9,0.7088353600916,0.1517841103474417,3.5614297526156804,1.9572199520562643,36.925481557200044,1
DEL_2849,321,7.234767115687349,6,11,0,18,0.9583456364793026,0.30278486200569893,10.210721181651142,3.858673399350687,38.62981516425298,1
DEL_2850,136,33.05836378283695,14,35,1,4,0.4462476740179454,0.32757018911663616,14.32851223260115,1.7955153171247376,55.40594871465128,1
DEL_2851,377,7.839786610199581,3,9,2,16,0.9344582004724954,0.3166243707215851,20.462467291550386,29.165260267762715,75.69100830027477,1
DEL_2852,295,19.607412582957267,14,20,1,23,0.5067963453537971,0.37356320041536895,1.2440272572179845,31.05700421187148,51.71192345712699,1
DEL_2853,451,35.27401938111158,15,37,1,18,0.9605682353107011,0.5426713992651896,1.599441004071711,0.7357447400137984,67.9006016567185,1
DEL_2854,341,20.177010322440182,11,29,0,3,0.2820152976721205,0.22595474382165134,1.1508265710411925,27.4195554986346,35.782866895366816,1
DEL_2855,423,13.081990164804317,6,13,0,0,0.5078713372202903,0.11627130507221381,11.860375714205071,1.842331930609891,32.44071525770452,1
DEL_2856,318,17.660777983422875,5,26,1,13,0.11932155590973972,0.6551642006310493,12.661458875529837,6.075871356939411,57.86135105594029,1
DEL_2857,291,25.590889951269432,14,43,2,16,0.7601998260793694,0.4043522962610506,0.1661476110603062,10.591213356980933,63.256236020709025,1
DEL_2858,116,26.392363490996708,9,30,2,13,0.5602023076602226,0.4877652563027121,16.037297470298352,7.447955419172435,59.95398429437793,1
DEL_2859,111,40.23501041062409,12,46,1,5,0.5425019964165423,0.1811992858825757,21.61597989718897,1.7530796685819392,60.24479529904941,1
DEL_2860,493,38.75689532441806,25,48,1,21,0.5021519688193662,0.41840087757336625,1.8598270625752824,18.81840063108011,74.88731704569567,1
DEL_2861,473,25.556801205026083,11,25,0,4,0.11077441913552069,0.4916662587561032,6.172107012470065,13.9545834584119,38.44806281089935,1
DEL_2862,292,43.055030709444715,22,50,2,2,0.543843539125099,0.17591186730147196,28.454012894380977,34.003815912156384,92.25162274191977,1
DEL_2863,121,10.140671236612812,3,15,1,21,0.5558319832613677,0.4249046531508657,17.43287257562076,5.22393325612315,42.70335551288549,1
DEL_2864,219,16.49090076030057,8,11,0,23,0.43183503031187476,0.06490528593359711,5.449964310114764,6.753725780478224,28.98136305654872,0
DEL_2865,309,42.25894085760132,19,60,0,14,0.2494569491126555,0.3227849486046751,20.336062283921386,5.164807937263771,56.04845050315364,1
DEL_2866,405,22.00973173817689,10,33,1,6,0.3449636856718231,0.39786316102789965,32.741067595669854,0.7807209468522045,48.41170056487066,1
DEL_2867,369,49.153170145722896,38,62,1,10,0.48130971038394,0.12354012530655885,5.55118111708731,0.6784587669493312,88.50788048642553,1
DEL_2868,291,25.981397668752592,14,29,2,9,0.8503374638609091,0.17092871317639055,17.293668663860764,17.191925511803078,72.26865075670455,1
DEL_2869,274,40.637103033369385,29,53,1,13,0.27167199274061615,0.15838383274999873,1.4711307057724097,4.023299547763164,59.026530215375296,1
DEL_2870,384,23.103816862206738,13,42,2,2,0.26303356469639627,0.6108403312155283,0.9071281883108328,8.012795127039974,69.15230827363602,1
DEL_2871,303,24.12290835780937,9,34,2,13,0.46809060753469667,0.17847382161854697,13.237665691319359,46.34176283557035,75.00782736034344,1
DEL_2872,263,22.229741627788258,12,31,2,16,0.9920745435804881,0.10596096040056176,10.171633445635694,0.21378379919994256,71.72785858006128,1
DEL_2873,350,37.35840292298653,17,47,1,3,0.35659860436493185,0.3208642921616582,24.91793940173518,8.749137402244138,74.55795959395293,1
DEL_2874,326,29.638304782699752,16,39,0,5,0.3101302316062571,0.04452695689699613,22.731241649818674,8.763285667966855,46.99494889265345,1
DEL_2875,480,47.470015011576606,31,71,2,19,0.710414828152408,0.21512084841097726,5.0677056199227914,78.43026998094757,110.76042655025185,1
DEL_2876,106,16.290064244034713,7,22,1,4,0.11621666016998747,0.03435519274256188,10.76966604774155,21.57313600543568,32.502013469025044,1
DEL_2877,128,9.525322943754997,8,14,2,9,0.9880038732278174,0.23874165928783947,21.145075745035882,0.8296517083792719,61.31132939726724,1
DEL_2878,494,22.696766829464686,7,36,0,6,0.3865433773157525,0.5156861772151041,4.740250727957293,2.0510004538510107,39.82161948057594,1
DEL_2879,132,32.75207184410492,17,37,2,14,0.20513937037068067,0.35893246707295196,6.740346036687022,0.4139677584437309,56.07821930040149,1
DEL_2880,233,43.735952161197275,15,59,2,20,0.48739199760640883,0.32029495397556446,0.9259527114891746,2.6303335505760677,75.40938952774968,1
DEL_2881,466,20.578859900614745,7,26,1,20,0.4861819873026151,0.05808561235977965,2.0973574274679065,2.864139713665419,48.6055805075292,1
DEL_2882,178,34.42040380060077,16,48,2,17,0.9107913206706233,0.36253999075361176,14.13260560338828,1.130240572677741,82.58988609703098,1
DEL_2883,157,20.758940646044856,13,20,0,0,0.551801342821867,0.4185113508009424,10.300059351327796,8.989577085000489,48.16051736267513,1
DEL_2884,125,32.774881234750616,19,30,1,3,0.17041746907799452,0.4496964350651627,2.769495236965143,44.27208256835269,49.81811226001828,1
DEL_2885,325,44.81635761637929,13,46,2,10,0.22962016871745092,0.43342983796398593,0.10961759976481257,19.544936906904542,57.991916253422666,1
DEL_2886,384,15.411093901673405,8,24,1,9,0.8430134240913829,0.2823348283749981,2.777480465560767,2.7284301595546934,61.50468765729124,1
DEL_2887,103,23.19087389481676,17,34,0,12,0.49119433804426205,0.3715018400674198,20.77282823713884,18.33416574500471,55.17302493455943,1
DEL_2888,198,49.69693383933859,28,72,0,23,0.3606723291173911,0.39974620581853065,1.4754807145610518,48.37275264909076,82.21405571573622,1
DEL_2889,496,44.085066271225735,22,55,1,18,0.8352079151528365,0.6592761741676497,7.723743895525336,21.638536829793956,112.10344956970872,1
DEL_2890,138,30.408793605329087,11,34,1,21,0.16821357091085995,0.10076455866785233,4.092670963952088,7.588616484762346,31.629789624132766,1
DEL_2891,370,28.24824163344239,16,35,1,9,0.8417007737076937,0.1958277267519359,11.957517505664773,3.7656141092470534,72.83455850051546,1
DEL_2892,474,17.807017203710643,9,27,1,17,0.7568965414125308,0.3115764937485628,10.747844204167361,16.534723989977053,58.91606956456835,1
DEL_2893,384,28.274424246208824,13,30,0,8,0.7133834461083148,0.13129683570767797,61.07718960303595,18.526645558460746,76.90167995230303,1
DEL_2894,256,43.16816742259762,16,53,2,8,0.8121473472844066,0.1891146491808874,22.234156420547247,4.226020616152233,87.83848861174877,1
DEL_2895,174,35.83285309750012,25,36,2,19,0.7074867216248512,0.2621862884273112,41.789259574309646,3.0460587272367015,80.33072465326437,1
DEL_2896,471,18.051981268009396,8,15,0,11,0.18906068786698774,0.41157602598841114,12.939766258273437,13.380787949111523,28.908919119731486,0
DEL_2897,387,14.065876447408982,4,14,2,23,0.35406529687645627,0.06417735351766038,20.0786495650498,26.31723108486446,41.77206235289169,1
DEL_2898,229,16.93438416485731,11,22,2,13,0.34303932579455754,0.18097505668828184,33.81786709249704,0.25115925576072295,55.4821254588293,1
DEL_2899,274,12.639164062677192,6,16,0,1,0.5221432104315045,0.10480019140282196,0.6290736440427813,52.19780777323504,51.04087914206219,1
DEL_2900,183,9.303831321067218,3,15,2,9,0.7029644561856814,0.37149899927010793,37.0562144874711,2.5561065307203297,60.90368317963373,1
DEL_2901,121,23.861127849892473,15,30,2,17,0.8100563702968895,0.38443684312581816,3.569486082239447,5.1586655789802105,74.48451448455383,1
DEL_2902,126,10.098482197922046,5,24,2,5,0.41827027666891714,0.518078482046843,18.31251776841177,0.652577721933477,39.093144120760165,1
DEL_2903,294,12.736065097719695,5,10,2,1,0.5726273073403544,0.12192561452019135,22.264621982206457,0.6856994235218661,49.26317061454894,1
DEL_2904,436,29.629610795276875,16,32,2,16,0.8682200924710355,0.21891460105846478,1.736651996815716,3.8218549901330254,77.252524413315,1
DEL_2905,481,12.406967316480863,3,7,0,17,0.7774571075846868,0.32075662069519717,45.89603480981527,9.98943039574447,55.85888366074816,1
DEL_2906,335,7.874589534390628,5,13,1,17,0.7668306074752677,0.40172072445403645,39.16912772042618,27.7616645055787,64.35603929427155,1
DEL_2907,191,19.282498251254836,13,18,1,20,0.5262006715630805,0.42845664646577675,15.943731190237854,0.8688637150999681,46.95619922640579,1
DEL_2908,120,14.914359437988539,11,19,0,13,0.4721941326065072,0.21736348411557996,2.5321236891891843,9.473249804610656,42.090304681224154,1
DEL_2909,402,28.188733459746953,19,33,1,21,0.5396678045620724,0.303030359096149,12.522408759679205,6.45700629214471,62.963174968914025,1
DEL_2910,456,9.60651880624442,6,13,1,10,0.5479653071658843,0.4218828206759135,6.327229669046399,54.41068339910521,50.47996562562626,1
DEL_2911,183,38.829685445734015,17,36,1,18,0.7851663219261152,0.22866786959114377,40.05358755963155,2.485861512846103,77.2232048607983,1
DEL_2912,361,45.78050837458124,27,58,0,15,0.10468910494693953,0.5982431935744992,7.829707720944624,5.535194095330911,58.47124992891096,1
DEL_2913,246,38.45458282802875,21,47,1,7,0.7980319071271199,0.48510043136678727,17.750271073910373,0.4083721225164648,79.29137994361491,1
DEL_2914,486,28.977216683062743,16,35,2,17,0.8923200810480175,0.013423662473148398,15.20091076670533,29.474353660401643,86.6138600514397,1
DEL_2915,356,43.73005198049983,21,56,1,2,0.438957650151643,0.5370311062663964,4.74153750462082,11.687694989028971,67.1371504570444,1
DEL_2916,157,36.27132709016784,19,37,1,3,0.2534304907639844,0.5157765343814226,11.501803825341264,10.636025202967438,60.93396202065289,1
DEL_2917,479,5.474800510258543,5,8,0,20,0.26177906553117514,0.47481801729534845,7.913986799288575,0.5994946493168631,25.71810065048706,0
DEL_2918,114,22.73405687485264,14,25,2,4,0.30010151978526123,0.03557301754627178,7.041123683788621,1.2509951170443014,44.12202276340906,1
DEL_2919,261,43.292835473306,22,47,2,21,0.5776668002178927,0.18764416753482283,29.927107771400348,18.743462569969232,90.84064819991006,1
DEL_2920,262,20.563648608887117,11,29,1,3,0.3185789232721856,0.2712619302370815,2.2581291977713973,9.568023737974004,45.84548294538866,1
DEL_2921,419,6.584682808648558,9,7,0,6,0.1703361115295712,0.27187427329921776,7.92451010100778,2.662874308735331,15.790812217305405,0
DEL_2922,380,38.57808373485226,23,47,2,23,0.10317790333846186,0.2606450987670683,0.10163031354522625,9.577184574011772,54.511237313388506,1
DEL_2923,379,41.091722162729084,28,57,2,19,0.9345999257474543,0.17070750152258107,4.5549427898204025,41.347683236464235,110.14436879506039,1
DEL_2924,111,12.226716276948885,6,12,0,5,0.5694054468357426,0.21123651406324226,14.582871358549488,1.3137560874781957,28.99200896882079,0
DEL_2925,373,29.180322357943155,11,28,2,23,0.5774962678090857,0.22351413294035105,1.3738740408004257,42.16150039309906,61.07384290640505,1
DEL_2926,370,13.637994754807659,9,17,1,16,0.8346109604850278,0.08910348419202915,4.744951916808748,17.90456714011994,65.70757257914086,1
DEL_2927,307,37.36554885698661,19,38,0,13,0.4231816723932347,0.09162606430791777,31.832582966880302,1.8690584478284324,59.88514305121676,1
DEL_2928,126,17.219770482986853,10,19,2,4,0.49795900494056866,0.22097671509335598,17.65681581608482,20.228039857521836,59.09533396279254,1
DEL_2929,171,19.229680515349855,10,21,0,14,0.12794381260585377,0.2679912520374075,1.0932184174359245,16.351920776672834,41.36079723677091,1
DEL_2930,159,43.023688413804564,23,34,2,22,0.2871536495466287,0.28053947629257003,73.15431288571757,10.237606739837483,80.12877819857121,1
DEL_2931,244,26.434505849310696,13,40,1,9,0.7729944975777735,0.3028512417125029,43.54499752421762,17.86577904218405,79.88839024567298,1
DEL_2932,192,35.13895030482115,13,35,1,1,0.5491267146852449,0.3751932065197767,2.291846667829481,1.8272910447762507,57.99659473542,1
DEL_2933,408,23.106787282511043,11,25,0,11,0.4634147805681663,0.08251082717435593,38.24041826471545,15.345337395374319,50.64593111890272,1
DEL_2934,107,18.410308573718993,10,24,1,10,0.27503073290433944,0.09804398409609774,11.975740684519906,12.290835440637382,35.25074203278466,1
DEL_2935,178,33.146512719109765,15,38,0,6,0.5549911591931099,0.3893078142203155,39.75684818489682,4.020354033205764,65.98151890192295,1
DEL_2936,126,11.968590833546958,5,16,1,6,0.4323097241254795,0.09445869076434743,51.654107659821626,14.06860853738809,49.13149020685422,1
DEL_2937,273,21.784992600508836,9,24,1,18,0.8185348051678185,0.04692617606171266,17.74117422016495,13.63019846646371,60.835705148254426,1
DEL_2938,149,14.406666682366502,6,18,0,6,0.2927537709161039,0.5753035615691037,5.164796714722137,3.2780650918789123,32.4027260639151,1
DEL_2939,298,36.31077351233355,17,51,0,13,0.10107942037491999,0.2998868333180219,38.78565826249668,1.917607049890134,46.68916820813972,1
DEL_2940,486,47.48939772557484,23,60,2,11,0.1830842969967527,0.5656608465983815,12.781385403174422,5.398068796473343,69.30106742817142,1
DEL_2941,448,49.797993560713984,25,47,2,9,0.7679843518780597,0.5957863649205662,6.267806462930372,6.11315180029864,93.47123914617643,1
DEL_2942,280,25.262456469871584,13,24,0,4,0.11656201687425624,0.06788189917394183,9.243846201105294,20.857759658871466,37.941057131718914,1
DEL_2943,123,16.36386753364,7,25,1,22,0.39801962996757456,0.4451665963686159,7.818241763892001,6.874097840479452,40.388407626074425,1
DEL_2944,415,24.927321667294585,22,34,2,6,0.30456375338733743,0.08239167602132032,41.06759591060895,16.008769543689315,58.852108854391986,1
DEL_2945,477,43.12712344832257,29,63,2,5,0.31478934124046476,0.11258567286756833,25.708070772430094,7.454364013223508,79.88885388962463,1
DEL_2946,486,14.270255534841795,4,24,0,19,0.9584023189430405,0.1992204938701002,0.478163633555035,0.8338511486293214,57.64651859765025,1
DEL_2947,145,47.84430432438157,30,60,1,23,0.1337129142163366,0.5467530558619594,0.1485682492776956,12.692301284858225,59.4702064308252,1
DEL_2948,114,20.383959595916796,9,29,2,1,0.16116524808772612,0.2934689550778488,1.078477632210271,27.089753598399174,38.692434239677006,1
DEL_2949,252,49.36116467526372,26,58,0,12,0.13146967444657628,0.054347186869005644,14.139015487662109,8.765678045509445,67.44958258458294,1
DEL_2950,321,42.7373999390283,18,50,1,15,0.12695392957101612,0.2185931039811075,25.268869876320778,14.530234358152633,54.986777131342485,1
DEL_2951,305,41.385674036632565,22,65,2,7,0.8806116749164874,0.4209937380444406,10.852502974878279,18.106392128563026,94.80416946711102,1
DEL_2952,372,19.30571031979776,12,24,1,12,0.44830859589266747,0.22954693244371088,11.476777742489295,7.559457048226955,46.488792115965495,1
DEL_2953,481,5.394974537656826,5,2,0,13,0.1571026001115802,0.3181683367636734,4.124893634696742,3.448972894115299,17.914962419319203,0
DEL_2954,335,22.195980897169452,12,23,2,4,0.23074653285214838,0.11607531075766861,9.223146253678717,23.599510385438222,42.7914235772061,1
DEL_2955,439,18.581421634821215,9,27,1,22,0.42847459192806747,0.20697775355918768,4.452780951572837,21.17129062787191,47.203150177722776,1
DEL_2956,327,6.682864568395878,1,8,2,2,0.15613283137307318,0.12975417521225624,4.803345001395926,23.549698882386892,23.974582527588197,0
DEL_2957,108,27.741436542766834,10,48,2,13,0.555128124275992,0.055127610272700245,7.442994130670248,20.96941579198606,78.80251492232841,1
DEL_2958,265,23.13640900772315,15,32,1,22,0.33874208900072456,0.196352657503451,0.7306865682307483,1.7141467543647488,41.67750329161814,1
DEL_2959,418,33.555041048368615,18,37,1,22,0.5815287451694182,0.5460569377312121,46.502518452592646,6.427826903937543,67.80662136118492,1
DEL_2960,313,32.95338449873374,19,40,1,12,0.19625536930913742,0.26325535733305866,36.84699696874183,2.551443885797998,51.40152049457929,1
DEL_2961,216,10.433598615350604,4,10,2,16,0.7785056437080308,0.31552988865922293,23.864044926250145,2.023742471528945,54.82099807687282,1
DEL_2962,485,48.963449575698014,29,58,1,8,0.8394575026068761,0.14859629587317075,12.607702325339977,18.251575840400548,97.93309037813574,1
DEL_2963,443,13.411914324865112,9,12,1,6,0.2643691936265169,0.022365268392734023,25.15174459131539,7.878101057871445,40.137651761327575,1
DEL_2964,171,25.037331114411707,16,36,2,17,0.9375738525122177,0.01887422728201638,54.82452574056448,1.1409755182947534,82.55430345965817,1
DEL_2965,494,26.96528945451807,14,32,2,20,0.33682508535936806,0.3289184476601097,5.00241227095734,6.25228068047597,49.440902104497646,1
DEL_2966,163,41.587825874635406,21,47,1,10,0.3285780835287404,0.3235065836159985,6.794841347147173,60.06755144497663,67.8832756093288,1
DEL_2967,304,9.465331824259104,3,18,2,15,0.5255888171520858,0.3916141209171556,19.587085704903167,2.8650167215378564,40.234920127181724,1
DEL_2968,308,24.28899256438393,11,28,1,17,0.9744519534528093,0.13081605156583365,15.444638868720121,6.073310078174706,69.05831631906615,1
DEL_2969,171,33.28259766062918,12,42,2,6,0.3498174573039853,0.27988559865705376,26.129019687103046,10.831923434055126,71.22390827206091,1
DEL_2970,376,14.6820029730825,9,23,2,3,0.3080021307974484,0.0723505830526798,6.3922244043046,2.6715508587176657,41.21940404855906,1
DEL_2971,373,33.23605544447328,16,44,1,18,0.7738711642561347,0.062478856714931336,5.57797312748907,41.21454494535733,81.11893729896639,1
DEL_2972,419,46.56491768973437,23,52,2,21,0.1250663333591728,0.18439500147173873,13.207235426624377,12.091093820961337,74.13602611018119,1
DEL_2973,437,49.88831590277037,24,69,2,23,0.36471022098420236,0.4806202256686716,2.364864145816396,3.127168278927062,75.42096612354882,1
DEL_2974,465,6.460298455580407,4,12,2,23,0.339270328264919,0.1605668978627755,0.6056887625433441,7.100161389577281,29.26009842973255,0
DEL_2975,194,15.601470271010488,8,27,2,23,0.5867903056927236,0.31723398503328937,4.198401978264774,5.3723099313319596,49.0785236660044,1
DEL_2976,265,18.963820210626388,5,28,0,20,0.4779109078998537,0.17004026285331225,2.585410725310451,1.5655522323745643,32.138264060240786,1
DEL_2977,131,22.960674520023474,20,28,0,10,0.1774893093553507,0.3977305874155124,0.1004639794037339,4.019023369021472,31.400424354134977,1
DEL_2978,110,15.901572091314533,9,19,1,12,0.3546072194529012,0.4332169832375772,22.57676180852339,9.681650204030943,43.11584886993928,1
DEL_2979,400,14.156959754989064,9,18,2,5,0.49186846112307747,0.16926822655689924,11.753022485249442,1.106820925711992,46.562795700281654,1
DEL_2980,316,47.954922908787495,30,56,1,12,0.362284682757798,0.26455517182144184,16.582426646950726,0.5940696441637996,78.40279428230086,1
DEL_2981,388,46.33347212467331,21,53,2,1,0.2783503850787654,0.28607123710688426,2.669874403939029,9.353168870611333,70.419942347363,1
DEL_2982,201,7.114662545140286,1,8,2,21,0.28832768823926314,0.37394895994730704,4.449670965393912,6.831390809301626,35.06119022493682,1
DEL_2983,491,20.246585972218167,12,23,1,13,0.2835019729359578,0.47508400864021133,0.9299242920531687,2.5028331323524524,44.92276408400748,1
DEL_2984,366,23.231684915528298,11,29,1,12,0.10997723789481526,0.2698184038252963,89.7155299949898,14.968808628160556,58.57786218684162,1
DEL_2985,313,15.755654059967451,4,19,1,4,0.46529807308384197,0.1144057218083642,1.6319467183416754,1.1037612224731463,33.675164813841754,1
DEL_2986,278,33.2992803644679,16,50,1,2,0.40544187954995825,0.3795421307134526,1.420678019764409,3.783074993704024,56.391935618429045,1
DEL_2987,187,33.81713359899085,26,45,2,23,0.2343387610664658,0.27064262904847797,14.285316732915062,1.2815901541189036,67.19041130715398,1
DEL_2988,140,43.27269027478687,17,43,1,3,0.41501168663025956,0.06404599698134866,6.049375210689647,15.606130183797088,73.59993943442916,1
DEL_2989,175,38.339117077334805,16,40,2,13,0.25436469052896304,0.3123324047669055,32.7826041309303,12.019596076904099,66.55663778363957,1
DEL_2990,476,29.415799713468004,10,46,1,17,0.7118955095984547,0.2132725173557737,26.71394104437741,2.505776459301324,78.64956135998511,1
DEL_2991,145,34.41140465199889,14,46,0,10,0.4705764439974687,0.3828864790810302,30.391655461850185,9.78020458507186,59.14116669537688,1
DEL_2992,259,17.329495169435816,3,18,0,18,0.8899944453364612,0.27505626458639315,19.927759220156673,14.307389000778961,59.684784016517106,1
DEL_2993,179,31.687528548531095,15,43,2,1,0.41285431259277583,0.4519524525763387,2.119820114577081,0.4172020858166076,52.0937187052663,1
DEL_2994,409,27.015226463746366,18,24,0,1,0.49207331349893946,0.22721337227685898,0.9858759658432128,13.05995446502773,51.952653809975274,1
DEL_2995,185,11.000501029236668,10,11,2,2,0.2828500570626953,0.18799711253659884,1.0021895549704836,4.479276270714837,39.30207308289781,1
DEL_2996,191,15.914492446233682,4,16,0,22,0.13590189567460567,0.26763566648126735,24.275636044979436,1.7437161795608576,30.701797956742055,1
DEL_2997,247,18.12620528247137,9,25,1,15,0.40244280411441025,0.4820819137019122,16.0555151755102,20.654782506501192,35.440354463599945,1
DEL_2998,260,46.59393051736511,19,54,1,0,0.2279881245447676,0.17987310250544233,59.437406063993855,11.180841363992185,65.74722004611758,1
DEL_2999,301,15.367398772365025,8,15,1,9,0.9420154780566683,0.1862587812072063,15.471663340270613,9.489992063483895,60.978791208689366,1
DEL_3000,341,18.015975626885066,8,22,0,5,0.2790537775673543,0.10610224361394134,4.300506732432144,21.728584224789817,24.544169218992764,0
DEL_3001,452,21.620935854024452,14,21,1,16,0.9896522658083915,0.07108110350594733,1.4066561236193338,3.6964439107222757,68.99319147636974,1
DEL_3002,101,34.86842323814241,13,40,1,18,0.735194802707713,0.8195545396971654,6.826124743109516,0.17073323994418826,101.040307357589,1
DEL_3003,324,10.320727661246323,5,15,1,11,0.5087423940578537,0.1942349294718374,3.3414597415717733,35.64714361837314,45.83352912474121,1
DEL_3004,388,47.927534562219925,25,52,0,19,0.8045731852351214,0.5480209943501358,14.848871836955684,3.658217359667871,87.4278794068355,1
DEL_3005,332,43.950704904264406,23,59,0,15,0.13414886848944904,0.5587183058849908,1.5132718395963498,12.040111235269002,54.65194129437552,1
DEL_3006,176,30.974723285402757,11,32,2,23,0.2475578288713828,0.18590039117795495,22.20977266753698,45.283970975910115,61.14492159410326,1
DEL_3007,215,35.33170403412305,17,38,1,1,0.5354395687977294,0.3854393958889107,17.88810981431832,3.192959761523827,58.8863286745498,1
DEL_3008,253,5.74972120598972,0,3,1,14,0.3019948148717079,0.05656193822811841,19.997441312819415,59.076516078176624,45.71473209441416,1
DEL_3009,202,20.25251489068019,11,21,2,22,0.35743467171546184,0.2354989555208931,50.49192886474603,9.283347098716362,60.3738007896475,1
DEL_3010,293,40.80471037976489,21,51,1,18,0.7713694444097935,0.4010551632353434,15.771353097119592,38.321042628185644,91.90332107672712,1
DEL_3011,265,8.486733820657365,8,6,1,0,0.3763431338437192,0.39867226315610543,23.306671941576123,1.0796149951675689,35.57959402438092,1
DEL_3012,458,17.70412253948241,13,24,1,5,0.23230746602092664,0.35193151621288415,1.3374615067789877,9.086437279239384,46.74720087219763,1
DEL_3013,189,31.338357275044007,17,36,2,17,0.9180598618677465,0.05474810607908994,42.9944271189578,34.66744077428493,104.82692803666163,1
DEL_3014,273,16.538586246452383,5,22,1,18,0.9197893662473174,0.2770237534601954,3.6995011224573995,2.0285369760266585,51.85908635088571,1
DEL_3015,221,47.029008836503365,30,51,1,21,0.2799276034455951,0.42051018438014526,10.190167580542424,3.8624288752481206,60.33289292951019,1
DEL_3016,242,10.897638386193066,4,18,0,2,0.14753699120260758,0.2209701048421347,47.2312867321579,2.866308382949203,30.702200024445524,1
DEL_3017,205,40.88274610585004,22,38,1,4,0.3939910416127884,0.19562261340307427,2.9651260478496093,40.382773469506034,64.67900939417513,1
DEL_3018,474,27.85769113578837,12,36,2,2,0.570986032185097,0.05620074638141416,0.5422904323654324,3.670686812207835,63.22245206799533,1
DEL_3019,404,38.76488491189802,19,43,2,6,0.18657795694815374,0.11189406640079821,5.287345546440691,1.5470387181340424,61.67838830092275,1
DEL_3020,459,18.982189774015133,14,27,0,6,0.109868584751841,0.39884778192660697,2.5507177951052284,19.12313272851926,28.877546721658735,0
DEL_3021,416,28.152032104041744,18,36,0,0,0.3112315671960041,0.5931543940218879,16.540678327816703,8.646329654293718,48.397637698897235,1
DEL_3022,222,43.55759073754293,26,58,0,21,0.4742075803719582,0.2692821757812954,4.8937370454649685,10.696147290432615,72.73058708134342,1
DEL_3023,489,26.009514460539698,12,32,2,12,0.5875503215259068,0.593250211064662,0.9735078584315539,11.201677942521194,60.12451796868132,1
DEL_3024,108,21.187393785962133,16,25,1,12,0.12563953378191126,0.18964552614072222,33.52719510908021,11.392142312087023,48.3218975636162,1
DEL_3025,361,29.126992381373125,14,35,2,14,0.4929809435297481,0.13579043462443519,0.7611099410204453,7.267503994818546,59.38245369292794,1
DEL_3026,172,37.28132388663651,14,50,1,18,0.8659182202016809,0.302176556512194,4.746804801678063,44.540579074952426,91.81708032143676,1
DEL_3027,458,24.960350547432622,9,42,2,6,0.17686574872766267,0.10440110771007236,4.122364731052322,2.295506432704455,36.39687457160032,1
DEL_3028,322,47.249463881402285,19,64,0,16,0.9277378227596829,0.3046164459469839,0.35681170727549016,38.00114211169395,94.82285259615068,1
DEL_3029,140,18.27256208190539,3,21,1,9,0.9003793576125986,0.4571062177658482,2.7090342680110338,4.1505858767897035,60.22349926954772,1
DEL_3030,469,26.39586227761042,17,38,1,18,0.7574785419396637,0.10085033957007548,25.2987487988781,2.5274429067739104,67.15179061626915,1
DEL_3031,303,39.06174467036487,18,48,2,17,0.9948664991918834,0.343168172492044,0.5737559074719473,11.793416523914344,88.06617185683899,1
DEL_3032,363,36.010449072309115,18,50,1,7,0.7532278197566581,0.1917725303470177,0.35251923661283374,26.690790742925085,85.30306661378071,1
DEL_3033,427,43.86384735877203,16,42,1,7,0.9315100791874851,0.3608582779613727,15.077698686932507,5.410358611273368,88.69158009606554,1
DEL_3034,277,49.8564131306499,25,54,2,8,0.9904859449330334,0.15542046707931748,1.3968979465704137,0.9410514155011126,99.1771143217278,1
DEL_3035,447,24.20862479577903,14,25,2,12,0.42646058453319435,0.0618071375828429,6.968173836185991,9.228266606528926,58.191142223554195,1
DEL_3036,417,10.001789590249032,7,23,2,12,0.5997095382265867,0.2977280973708281,0.032157756414464514,50.5305996785766,54.076481271721676,1
DEL_3037,183,6.368714636358559,4,6,1,1,0.3328208585451885,0.25130528679381936,6.750189207039749,5.922929431157152,28.1375745621982,0
DEL_3038,417,37.709460776289724,12,37,2,6,0.5053574442101154,0.23510464608595247,5.741803349423676,0.2418226801407364,59.34344723526607,1
DEL_3039,210,44.330615208892205,35,53,2,6,0.5579329462330784,0.33881939198190936,14.228353288963454,8.338815722249244,87.7443047229591,1
DEL_3040,350,14.932066367498841,6,23,2,19,0.8923481166113165,0.334684525504986,10.370104211884726,5.809094096896352,57.05817155403777,1
DEL_3041,482,12.130161673545768,6,13,2,21,0.24447036426101462,0.13058521472010143,17.022538474212887,0.8281649900843508,38.01226886404308,1
DEL_3042,106,7.799229118656094,3,7,1,0,0.15017987651422784,0.4288220637593051,41.19930332457995,24.936701416068836,28.024345474829296,0
DEL_3043,183,42.02163147727429,18,54,1,13,0.4880301245215598,0.2473961237787063,23.783869208225155,11.572055787612,86.64259401943654,1
DEL_3044,307,19.012187295166296,11,20,1,5,0.38352521344692203,0.12712437199526158,40.669746000546105,2.0097983615252777,47.674634259477735,1
DEL_3045,487,23.076360174189944,14,32,2,12,0.14777997187529376,0.19397222072252995,0.8362706042567102,31.236396115510637,47.89159258536302,1
DEL_3046,489,27.623758622432554,15,31,1,0,0.3103621875575069,0.09356699179577165,69.59486337451268,10.303158398792355,61.056031853378556,1
DEL_3047,413,42.77539553942979,22,51,1,20,0.3569846860979583,0.2473368448117617,5.830434662789367,14.023109529109265,58.65007516746689,1
DEL_3048,121,34.28749497026682,20,37,2,19,0.988594758019699,0.30193854322462793,4.859340825718723,10.508000357163407,87.61276650783842,1
DEL_3049,482,32.67790834360151,15,42,1,21,0.48974211784155086,0.3317976545734091,7.750683449617832,45.99465171995321,76.6740865490638,1
DEL_3050,102,12.905244498015982,5,13,2,20,0.1439361009741252,0.3723365299448564,22.938736794311662,26.55689186002308,42.18659319449007,1
DEL_3051,226,28.093545126942338,10,37,2,20,0.34382279786717873,0.2748608999771411,46.27985082072475,0.1998888269428139,56.9524978107852,1
DEL_3052,396,37.192145773039485,12,44,0,2,0.1805617179356572,0.5330589830320214,12.119473312386315,0.17639188278495133,50.113194387453525,1
DEL_3053,287,48.79673973637213,21,55,2,14,0.47662777753301966,0.2533840383336662,2.515408637322648,8.037406510125418,74.81778683293808,1
DEL_3054,461,14.06328391460085,3,16,1,17,0.8586517154491171,0.27494814791001065,3.6130136147904333,4.523613649277413,51.13759538023611,1
DEL_3055,113,5.429450888025199,1,7,1,22,0.46150047706606956,0.27953788100714455,7.797277581765566,9.288987126742281,27.972955509011605,0
DEL_3056,111,8.388564511931138,5,7,2,9,0.7118593480322438,0.11894571256763349,6.829851498449933,4.9562699341812815,42.709069949251585,1
DEL_3057,186,21.913360933189065,10,28,2,14,0.3551623064757419,0.29540294651733157,4.082446759404079,25.264955292705952,58.929758832946185,1
DEL_3058,111,41.92450914856942,19,51,1,7,0.8573526530256695,0.3086133696155252,28.479639021725525,2.2330223612975386,82.70230375543761,1
DEL_3059,496,5.3213936795710275,5,5,0,4,0.456670699273095,0.3986178199967594,4.929903884949955,0.7078023746452791,26.50537933685473,0
DEL_3060,124,25.552876679862813,15,33,2,8,0.9821380580669173,0.2596510669767999,13.475036527394302,5.03936105806476,77.60089583242203,1
DEL_3061,400,19.81537769036275,14,25,0,0,0.2030522674185999,0.3944911148311574,9.788797680951507,1.7978846929512453,38.31778454853651,1
DEL_3062,342,7.361676954487741,6,5,0,18,0.8974682186594052,0.5887708920190428,38.549167502799975,10.743717049002715,59.2409007725165,1
DEL_3063,221,25.260632900267776,14,28,2,7,0.7022690243921822,0.2825893154733186,14.870080245755325,7.675104109625401,61.20718817252806,1
DEL_3064,246,16.46369183015235,11,17,1,4,0.3616285704893166,0.09834081926630747,6.054105402690305,14.770541147856415,43.58784932783293,1
DEL_3065,154,20.83481754561529,15,22,0,17,0.9740380072080735,0.5700160045800967,15.270359041703308,0.9069500595808833,64.76171754943636,1
DEL_3066,337,36.75268871529319,23,43,1,8,0.8064303869995173,0.3130491679610916,5.760835901999521,16.848032398922374,86.63051971525576,1
DEL_3067,455,28.469794275993518,6,23,2,0,0.4435213520758323,0.18881015505246132,1.4290011228806203,3.8849467872946257,52.24642539141094,1
DEL_3068,272,10.609134304676601,11,15,1,18,0.887808959461765,0.37113362216828266,9.959822169486335,13.356187329446982,65.5705746826155,1
DEL_3069,491,48.263654319063754,19,62,1,13,0.1552365433851701,0.264742369098079,29.512941600400982,4.126868482076917,68.26597532278383,1
DEL_3070,320,33.61598445693822,12,29,2,13,0.5928513212294454,0.7047011295834509,35.98329323425502,21.534098689307264,99.53978421968831,1
DEL_3071,218,39.464079154813916,23,43,1,3,0.38137261078476936,0.15793677146127205,11.770454002325993,21.55567825671175,73.47140403448692,1
DEL_3072,408,8.564591750376687,3,16,1,6,0.3417811930629855,0.09618686949609467,18.03580477311008,4.3887551855276286,30.399133443591303,1
DEL_3073,282,7.117627075700851,5,7,0,19,0.9038231837293382,0.11919493517235742,14.150741706766054,28.836159019702553,53.50706489384065,1
DEL_3074,387,5.8751622665636525,9,10,2,10,0.1701647209944767,0.5830772704767967,24.976228064668433,4.646277425264971,39.989977614784024,1
DEL_3075,406,13.495731249805,7,16,1,1,0.3718366764342629,0.37053149172144334,1.6342487299808202,27.1250509823556,47.16288605150938,1
DEL_3076,399,23.64837789733228,11,27,0,17,0.7030100346784989,0.15112773452440512,7.696724750166895,2.5752621385975747,57.07841531072409,1
DEL_3077,181,47.112176003127026,21,68,1,9,0.779167768539629,0.1948622492566624,4.376972587765843,4.07469805122264,88.31442649928331,1
DEL_3078,310,25.567684666959934,9,36,0,0,0.46815234601968114,0.20455532772142676,0.09896418113868075,25.86945323830203,42.30790861278916,1
DEL_3079,249,18.061479741763826,6,20,2,22,0.549581471207393,0.12606950626516783,26.572286664307168,1.011315769321365,55.91089784528212,1
DEL_3080,136,30.28708640838485,19,36,1,13,0.23082654356410223,0.18676412433376566,2.1612717734651277,14.519301059187194,49.82797067703109,1
DEL_3081,451,10.037056016065517,4,12,2,9,0.9725251189201983,0.18699099170880645,5.85958044304795,13.748129371401621,69.17321103400565,1
DEL_3082,411,32.427765095224245,12,35,2,17,0.989358706911676,0.46431738585456733,30.247194239518443,42.975366860009586,96.10402380755752,1
DEL_3083,460,30.579437944872648,19,29,2,6,0.30922075558841433,0.22960093410724355,19.16523399450532,43.025895781826286,55.552828754622425,1
DEL_3084,158,40.63968650325694,15,48,1,23,0.15552218554408018,0.4727530714410523,12.57999269607541,7.858488474168642,56.18397848970038,1
DEL_3085,230,49.40094252276609,26,54,0,18,0.8679947246540889,0.09103408597011982,5.5717723590294765,12.889520558234935,86.80015232961009,1
DEL_3086,301,16.289306227224973,3,22,2,3,0.5366140131057462,0.4784339546157803,10.864063311848447,2.0322368061934832,47.305055819601,1
DEL_3087,342,27.93454028616923,18,39,0,13,0.38329554044851755,0.10915784384258066,0.868216461380462,3.0753974790054084,47.25148438525895,1
DEL_3088,134,45.89894328435516,35,57,2,8,0.8100760672316341,0.56490011080407,19.490604442091858,9.809261764032932,107.69540697337406,1
DEL_3089,192,40.33354479902786,16,46,0,3,0.5717973705640219,0.1661661755385473,4.063665637119069,3.2552798721930607,73.07473058310326,1
DEL_3090,306,26.93328363953634,14,26,1,5,0.48715555161879,0.11198802064439982,9.785844875486063,2.9335298596538903,53.22486124952624,1
DEL_3091,452,47.541724232665004,21,48,1,23,0.28121517447754496,0.40954393313092224,1.4885186258145662,0.27727432425014503,55.98400102800345,1
DEL_3092,490,7.5756512082564225,2,10,1,1,0.4827214327184255,0.6338910178612004,18.608927794372214,0.9140643836612095,42.153666986647806,1
DEL_3093,431,46.894937887066284,29,60,2,0,0.39802614510777135,0.4271904628994212,33.9261581620099,14.91379110300366,96.4205675795098,1
DEL_3094,404,7.272832657226295,4,3,2,22,0.4419091849937331,0.40262616979491767,9.130335376199746,0.17321709839550642,46.82316991131166,1
DEL_3095,449,29.628713485160795,16,28,2,16,0.9283632058016504,0.171186505214977,1.3034058401518291,27.1351862151898,77.22725233787895,1
DEL_3096,312,45.069842660048856,20,64,2,3,0.20474772061727234,0.16090914137267445,43.526762315065234,0.9831253625665015,73.77482848572276,1
DEL_3097,258,16.822442460258628,10,14,1,4,0.22679032547705433,0.29470248296693385,8.887297203350421,2.0434035241787476,33.11026024499777,1
DEL_3098,123,26.251182452532134,14,34,1,17,0.7807106883413617,0.4004816838736887,1.2562597524337136,4.9924309863444,56.457426025239364,1
DEL_3099,392,19.594799561163498,10,36,2,12,0.3355188089656831,0.15339299748488572,3.131716186031776,15.564287589810165,52.34057393837473,1
DEL_3100,103,47.846476268435815,28,56,0,19,0.9078458679787599,0.120716740078288,1.9148533224634685,14.476331441564863,93.29063756857742,1
DEL_3101,319,42.06405176388909,24,52,2,10,0.10126983617502436,0.1807447051298724,3.300824943140381,3.397268750748685,57.7061515595184,1
DEL_3102,463,36.905068009687085,11,53,2,22,0.5281833334688085,0.1422645174157547,2.5402435144536915,4.751991124254922,68.42557299613162,1
DEL_3103,481,31.443214397679892,13,39,2,19,0.936813085472644,0.1915020830758993,38.43542622157765,20.65998141298826,93.86493436232259,1
DEL_3104,119,41.926630519586666,16,46,2,0,0.32337057592689655,0.1761688317422595,3.5182689404113665,8.240703903773436,64.09686600346285,1
DEL_3105,251,22.652016868559617,12,46,2,11,0.5835106126926118,0.3406629758759934,8.750048640093485,7.354351351753078,62.325610844122224,1
DEL_3106,149,25.139833479772786,12,28,0,12,0.5702708050967997,0.27266748692640375,19.633273745751715,12.044318247409421,52.929378033713995,1
DEL_3107,276,37.850077448638764,20,49,1,3,0.14754846421932225,0.24765322046172353,16.95029652819758,7.324372268934161,58.254025972400825,1
DEL_3108,195,21.09896434821714,11,30,1,11,0.4075696192128734,0.1362812959410677,47.013260671149155,6.82997121074618,57.402043407158175,1
DEL_3109,204,7.875542392176822,2,7,1,5,0.508511241522257,0.336966836094376,50.73396942013589,19.229763371214627,52.49152490839195,1
DEL_3110,349,8.345057399873216,4,6,2,12,0.18647592546439704,0.5203177265633595,12.683797158131387,32.15770570302942,38.42266978403346,1
DEL_3111,216,10.191326058756674,1,9,0,13,0.16398103620102675,0.14440711534572434,20.933292646005075,9.562501736937149,25.026986282141706,0
DEL_3112,453,44.13565955046482,25,54,2,11,0.22988888951235983,0.41411125467389154,7.317511281219363,4.098694590114424,74.5930981677341,1
DEL_3113,327,26.250189159029194,17,29,1,20,0.2398355726842473,0.2547450883012524,8.412062246337385,35.87841794428594,47.649365314857484,1
DEL_3114,165,37.07970662051314,16,42,1,19,0.9024607313029185,0.0254380128608093,1.6534424486689985,14.52541100802015,82.51827733860567,1
DEL_3115,434,22.6809201022202,13,29,1,1,0.4902386652856767,0.0716449164345237,16.7861836910132,12.747031532034114,57.05585910638373,1
DEL_3116,361,16.641992633703552,5,23,2,21,0.1298689521898658,0.18059935996074306,4.733173839903897,11.197255200070181,30.836797643399926,1
DEL_3117,394,20.623647540299537,18,22,2,11,0.4932407095153577,0.5935199174564307,1.24846309607592,16.182316126694342,62.26446448880604,1
DEL_3118,342,40.73820553927326,17,50,0,5,0.1848197591732947,0.32701731139639084,1.55095159534098,17.932503186434612,51.06944789759464,1
DEL_3119,470,33.13472562641472,21,35,2,21,0.27862097871045655,0.8195626536126627,19.2223651287486,18.795549725852823,88.3088210885018,1
DEL_3120,285,47.193790098105595,26,67,1,3,0.25925980376368263,0.2093387939990234,3.8995866641523746,44.657732582591,70.87357649413552,1
DEL_3121,345,35.586715035957525,19,45,2,23,0.23619078586509754,0.393065010587957,22.044181074568506,6.3560598918903715,62.092842110642266,1
DEL_3122,224,30.658173428961227,5,25,2,0,0.2543790163332059,0.4858220372886178,35.45414712272632,3.334937510402818,51.70312725552817,1
DEL_3123,367,32.458820404362555,13,37,2,7,0.9311770430278263,0.096866937877465,6.252034647939502,6.012541991113595,85.61095924883146,1
DEL_3124,230,47.40671477607866,25,46,0,7,0.7089358951599632,0.22160469075581798,23.689165613878703,17.470227721013735,89.05772133040826,1
DEL_3125,336,40.46904184400177,9,54,0,20,0.5003620484681041,0.24691428599311432,8.398907242735286,9.336615823299672,59.31652676907448,1
DEL_3126,117,6.081855681489702,1,9,2,11,0.14550849310489775,0.1997308011690427,22.19040875194657,24.002345322114543,35.87640833998694,1
DEL_3127,139,29.036286326106374,13,36,1,3,0.39758495566589624,0.2172113038750204,5.494886274583187,3.2324780024586452,56.1583956152083,1
DEL_3128,120,35.97522851959542,21,49,2,15,0.5315004363886582,0.5062194596357098,40.21098125712336,16.028474712315333,79.80071752025097,1
DEL_3129,498,38.69143152976198,14,47,0,13,0.13964858471638217,0.4825192433871541,65.38236278619931,3.4418412347905614,51.66478852919255,1
DEL_3130,324,14.59139536912715,1,20,2,13,0.4174438651057908,0.2016574873225324,7.320141724093314,19.260247627318883,42.15290362444277,1
DEL_3131,454,44.02298095031085,26,39,0,1,0.3558083758731121,0.18288317387768221,3.3270518286255957,6.919965258804248,60.777513189942724,1
DEL_3132,381,48.012941622882366,29,71,1,16,0.9553385272873186,0.5500364548912965,17.34350336961449,54.57756349629542,113.22268061352645,1
DEL_3133,107,15.65218876301914,7,20,2,23,0.15033726886045182,0.4067905023410766,13.141428181776508,13.257996080534642,35.258684848656316,1
DEL_3134,199,44.71769558827606,32,47,0,7,0.7372586728442078,0.24762625696605156,71.45872801474634,16.24500826695106,90.51181385218462,1
DEL_3135,339,9.364044313224293,2,5,1,6,0.25468898215523106,0.20866273833434426,25.037355124330155,0.5239623904886935,33.584366959568385,1
DEL_3136,186,7.506807625186033,5,10,1,12,0.26945951779627486,0.2955222680834446,27.036662498723068,14.571007439993062,34.35684439254357,1
DEL_3137,397,10.815071004623722,2,16,2,10,0.4587963676080411,0.7049402855775289,19.445730491203683,6.512404442039125,60.493117210934834,1
DEL_3138,113,7.59834857601662,2,12,1,18,0.8859141793357451,0.7779602103007742,6.479963020327298,4.6833310221353806,80.41768621013978,1
DEL_3139,433,43.02555067200991,19,51,2,18,0.8690842942363997,0.07927625769806641,41.19620258857719,19.02842119163533,103.6350847116888,1
DEL_3140,101,7.657256500622237,3,12,2,9,0.8174938137384431,0.07647940616199918,9.401128949023114,3.1151463539231465,44.45600370117508,1
DEL_3141,474,17.2248886113645,4,24,1,23,0.5783045137258648,0.0626003994853555,7.64847385725679,2.4081185537113727,45.70113305499348,1
DEL_3142,392,9.669035459113537,5,9,1,10,0.1489134751218523,0.24859758124191678,3.239444230209071,5.267961742435697,27.121165872566813,0
DEL_3143,424,18.293991634119422,14,24,0,15,0.3646009746222928,0.3037274004584937,5.435158283555345,11.909954047486535,33.58325502488107,1
DEL_3144,140,9.075176042041422,0,19,2,7,0.9887628951382392,0.47435585751598514,0.03385829379665246,3.569824206233596,53.11497376023589,1
DEL_3145,417,35.06014628343563,25,43,1,1,0.5125890154009161,0.2262211768842786,16.177936992220136,9.813549123202518,69.05270051247952,1
DEL_3146,415,10.99970673541588,4,12,0,13,0.24344535068360676,0.3571438044818926,13.950771571955075,5.830618389822223,27.998093949438168,0
DEL_3147,480,43.33306666274996,12,52,2,16,0.7841534875269143,0.21471392183423224,7.738406213490478,6.064379298397497,88.72761946261313,1
DEL_3148,210,41.773597282698844,18,51,1,16,0.9784079993830179,0.1948028659003957,51.217540774223366,2.724589239862093,94.65787285401194,1
DEL_3149,113,5.614775846177424,2,8,0,10,0.4945899071433283,0.3912540178648416,17.71880309039278,4.6651519766303515,25.62132753486944,0
DEL_3150,330,45.307685998180155,18,62,2,0,0.29999512559811425,0.25594639093035776,4.170258080035385,3.8399149404362527,67.59789433157844,1
DEL_3151,183,6.302494253451518,6,6,2,18,0.7644865213619468,0.29888138512419865,7.1391604307456,3.347668403154886,44.5615321394257,1
DEL_3152,229,15.784060323090047,3,20,0,0,0.5781772056994499,0.3995808942248398,10.878850993816275,1.010752004697566,40.64022202369668,1
DEL_3153,330,6.457511199919778,2,3,2,23,0.5434511477459332,0.1767364719613784,11.823512069597825,6.810230416417038,37.411909139986825,1
DEL_3154,425,20.11295691676922,14,13,2,23,0.4506470544322,0.0770723871589893,4.836905505452467,3.367439121125365,41.915497995367495,1
DEL_3155,244,28.123993657097223,11,35,0,3,0.5715319446551842,0.3825249518683906,4.304040843855243,38.9361283811245,64.66334994132274,1
DEL_3156,478,40.849019105681215,17,54,1,23,0.5379690241679982,0.3529269753101079,5.337774415992317,11.046717816002094,66.5307079930872,1
DEL_3157,444,20.209169771142626,14,21,2,6,0.464504536497787,0.16657185790322077,49.596338843821805,7.439139316498399,55.3800441490203,1
DEL_3158,127,36.74705111029026,19,36,2,19,0.9358056653276375,0.3786047878515227,6.683179800139854,4.949678034718224,86.95903033392939,1
DEL_3159,165,13.437700570354115,8,17,2,0,0.5086952321060475,0.1364363355974419,7.029486398457205,7.411255287993354,41.24578960375915,1
DEL_3160,262,38.77693055348569,14,52,1,10,0.35112704920543725,0.18016084305522104,19.10757375722484,5.012857617609516,54.98180959360909,1
DEL_3161,328,15.61984726591569,8,15,0,12,0.35114095158872705,0.1301350522426617,2.664650208710424,23.326818033172824,31.09118177231374,1
DEL_3162,360,11.459514017469557,5,18,1,2,0.1043953952049059,0.16586865827614156,15.45715006075763,3.545949024852283,31.085149569901716,1
DEL_3163,263,13.343398266832443,7,18,0,23,0.11512486701846406,0.29538708675339376,16.455051017184175,3.9414570260379787,21.245406196941968,0
DEL_3164,400,13.192840799683493,9,17,1,7,0.9702945110863193,0.06630222704225507,1.0003513662930557,14.83879873675457,65.25997554578755,1
DEL_3165,402,28.0788295719646,15,36,2,11,0.3773844500748532,0.18769226314593046,3.159800658001716,27.742838379741386,67.51836857400225,1
DEL_3166,386,43.015891153466576,23,42,1,1,0.4804790598665355,0.38866827045084157,9.424190128249958,13.677558282608299,70.24743265979069,1
DEL_3167,494,8.582228464662753,2,8,1,22,0.5748314095991313,0.1837030377168515,27.065143585325643,1.0624164622086378,40.83439683819827,1
DEL_3168,109,36.81303433220402,29,42,2,0,0.32626532778324546,0.44037600811155003,19.77074940994721,27.50955680970641,79.4694150855425,1
DEL_3169,294,34.445590684378594,20,35,0,19,0.7073657154719536,0.500864754445615,31.006896832255435,17.60089885647784,74.41561834373702,1
DEL_3170,217,44.26339783232131,15,56,1,13,0.4132797211604926,0.003007071902184816,28.557777517037028,3.2888120628183035,68.03674742381956,1
DEL_3171,369,15.986640222810825,9,21,1,14,0.1498669061903211,0.136245897454562,10.746298976888289,0.7758382381610397,31.041759230825782,1
DEL_3172,179,25.254943640826333,9,28,1,22,0.41065149556725666,0.33897791473151473,14.60418139034532,15.16804222570348,49.74435288351814,1
DEL_3173,192,46.66223184995828,20,58,2,3,0.36386942196127925,0.13993884648350421,38.03651321617222,3.2079540058257328,74.70401724082777,1
DEL_3174,365,34.699705256089274,22,48,2,19,0.8320594962488564,0.3357928963373601,20.268121251029864,8.903292725880204,86.0295188378078,1
DEL_3175,431,22.49457857877186,10,18,1,6,0.27547977855719985,0.6680518801231609,6.644623438134376,1.1259445216381716,55.06264755796667,1
DEL_3176,449,10.91355722848708,4,13,2,0,0.17193090048908463,0.17630803555469882,6.470078402449734,10.076463086412204,35.22772341462351,1
DEL_3177,460,16.811825355526597,13,17,0,4,0.21810524782367843,0.0630526026839646,6.85032112132253,0.2604916135471026,20.102711995478465,0
DEL_3178,356,31.15469648702225,10,42,0,13,0.44181717467215254,0.3158870366513961,10.253989146770797,9.162656932170929,54.921484453569235,1
DEL_3179,232,37.317557640223114,21,60,1,5,0.33908279112641915,0.05300608008360236,6.752732835075592,21.527208396942626,79.00225852596184,1
DEL_3180,375,10.598984908335208,5,9,2,22,0.37040874039807936,0.539790223752623,3.1147570234860846,10.431255069568937,38.95579281107749,1
DEL_3181,363,31.98187670198243,13,48,1,6,0.2614992112054568,0.1731244143703706,13.555026395554888,25.91727603023189,57.68649276231558,1
DEL_3182,270,29.765807547743794,11,39,1,11,0.5183510840917955,0.11938079528113608,30.512465951361566,9.552308219174227,58.98340858818819,1
DEL_3183,100,28.12799510108186,15,37,2,6,0.5997275397997104,0.10554552517791596,10.175310984367359,13.955145496768235,61.16380616777017,1
DEL_3184,412,36.055540295690356,14,52,0,17,0.8488509098431238,0.13894391463733916,3.7105596623084085,5.473577036043045,69.97675164315922,1
DEL_3185,163,42.685231778755785,23,61,2,21,0.4593258058619246,0.2611808169343357,25.153740214853674,4.225374284158754,79.42276654675814,1
DEL_3186,473,19.53453574295908,13,31,0,15,0.1855501221019242,0.4557583366656772,21.14308955068533,4.9104677481388,26.256401941532502,0
DEL_3187,383,45.005548554993176,26,53,1,8,0.8860676178745073,0.7057029701915185,18.070457159482558,1.3016864184987025,107.60877568264075,1
DEL_3188,220,12.22851256783478,3,9,2,6,0.31542568551699846,0.27100464898073606,16.846237366536567,3.5226540818477132,31.39430890308025,1
DEL_3189,206,12.786074138802395,3,14,1,22,0.40265284513874844,0.18165466433641686,22.867782903337304,5.873392797050185,43.0847785356214,1
DEL_3190,274,17.004742863076576,7,29,2,13,0.21878031551395735,0.40296969747793554,26.602571637551648,5.0143832036901905,45.511070342012914,1
DEL_3191,303,10.378889129618502,3,16,0,1,0.5258283676172107,0.44488808306362193,34.271617762052735,8.21237066510261,38.97915141333774,1
DEL_3192,264,15.36436511072949,8,12,0,12,0.18666765396433024,0.3171770699775266,14.121482067906568,8.039431409717599,28.07637827445902,0
DEL_3193,404,9.788529330628007,2,14,1,6,0.5643027203684515,0.19964445683362866,7.503053650127224,15.954518005936684,41.47908598000866,1
DEL_3194,219,41.97885876434257,21,51,2,18,0.8694715541525404,0.2714879736393736,1.4129502436264845,6.045060056893889,96.1172337363221,1
DEL_3195,143,11.253604634898107,5,16,1,1,0.24399077469690825,0.37049016874416074,19.224497492040843,13.56955426706908,35.142501597842205,1
DEL_3196,411,38.628390090193555,22,36,2,5,0.38147274883488025,0.0807562129733394,2.283420695345349,26.555849932783588,70.36364997037127,1
DEL_3197,255,7.156124056100018,2,7,2,11,0.5292342918466538,0.2598024189174856,30.433488345505094,7.300646689742006,41.18445086413686,1
DEL_3198,466,47.68341473812618,31,62,2,1,0.38851242836482003,0.26309221813608347,7.809973977145868,9.673866295910681,86.18002777109885,1
DEL_3199,306,37.002203938749474,20,48,2,16,0.9154258059096991,0.63623847270947,31.328636480333174,13.567838316214317,99.76297099322203,1
DEL_3200,489,5.30584468637503,3,5,1,11,0.52951669323979,0.40914199223353004,10.961945390980084,8.17716110496329,29.16371958161797,0
DEL_3201,207,39.37354250900963,18,48,2,19,0.7895362715818414,0.08911955595966867,9.062851001959245,2.1380204097000752,90.1968371527676,1
DEL_3202,350,28.13368643447834,16,34,1,8,0.9421006134515622,0.2703302412339246,6.778212710708779,4.170469925641333,63.70005987477355,1
DEL_3203,469,40.07143266508039,23,51,2,13,0.38092178097814455,0.28784658096153626,0.9496421028325455,0.34309797628240907,63.02846207236337,1
DEL_3204,433,28.51235640007648,14,28,1,2,0.4376496308367579,0.49508842467198666,0.17392375045112304,13.808667728804075,56.3279980491004,1
DEL_3205,229,33.84611859359096,20,37,2,2,0.4402637275547957,0.47758256638939023,10.660177710935239,3.934983000744941,66.6024628593701,1
DEL_3206,392,40.38492449277682,24,50,2,21,0.4620023044640891,0.6006020025350665,34.70585352675504,20.82083460632225,100.15800720335503,1
DEL_3207,119,23.229862456453553,9,32,2,15,0.5478690190441284,0.16681419235465492,13.232329671819773,12.802301847992984,57.79490184401687,1
DEL_3208,381,5.121866741920344,6,8,0,5,0.5124110246035104,0.05640815501853364,29.748653918833597,15.987604525788669,33.084044272538584,1
DEL_3209,384,43.24759231753348,24,55,2,7,0.8433204562032832,0.6277220969805225,124.66625164156042,25.69209179159523,141.23628743687894,1
DEL_3210,100,22.140066318109817,11,25,0,12,0.11608270272240853,0.19608010498423145,2.951481885809147,6.655257709002241,25.686203152531156,0
DEL_3211,218,27.321922670746236,12,39,2,21,0.47476118426710845,0.5917571445331048,16.163474565348878,2.5080970810251886,48.35440899248163,1
DEL_3212,134,5.349498896928592,3,2,0,7,0.9705306779979523,0.35557854585714316,8.091148724483169,32.895395014856646,48.538494807151295,1
DEL_3213,297,27.144140465754408,13,30,2,7,0.9262326103451299,0.29538954048019944,3.5131649220627925,65.75148563408604,96.28987781963744,1
DEL_3214,344,49.39193307072783,25,60,1,6,0.40344930843366456,0.19287552002704728,4.134399693326247,2.950306027579603,79.15752566360325,1
DEL_3215,158,17.522044736844634,7,22,2,4,0.48433330455936785,0.5490332933696793,4.208682767117275,16.210699920824293,51.787235670612795,1
DEL_3216,424,22.793822160907013,14,27,1,19,0.821310904032837,0.3514005095805771,19.620660707188634,0.9001967757201172,62.15779861203245,1
DEL_3217,260,35.92354984109045,29,42,2,0,0.5612744470104979,0.5469904629576302,6.5776206922302265,0.3342562162090008,76.21837768123706,1
DEL_3218,278,41.66571503856464,14,56,0,12,0.3366699798343845,0.3507409079822467,4.430357665557193,13.491917909554545,56.16209944242608,1
DEL_3219,305,23.782623080274515,17,30,2,21,0.36592338812804037,0.40051862749169825,32.56817579048897,3.535019168360642,61.84879003942301,1
DEL_3220,111,18.935099168058166,11,19,0,7,0.8312586085736637,0.6086701424872055,0.5242238663179226,24.285853844122368,86.41955097391774,1
DEL_3221,375,47.20216099932802,22,58,2,10,0.5501106560994191,0.29738807162405845,19.955386621653474,8.635611674843094,81.35490901056694,1
DEL_3222,280,35.47152350022512,11,42,1,19,0.8550687195909474,0.3328901179490123,48.49337886860362,18.281624467140617,97.77391128391709,1
DEL_3223,341,10.355958702191348,2,16,1,6,0.5892105371471338,0.5366730720052905,14.73819199103095,1.3106530242936953,36.11401424925748,1
DEL_3224,315,8.101754516059188,0,10,2,18,0.8892797043017807,0.11221271257584843,11.91650529718849,24.90175447955668,51.7967510174177,1
DEL_3225,350,26.759743285566607,12,43,2,20,0.22672783921285386,0.1241165402195486,0.951232636745353,2.527726549793785,46.87669693619455,1
DEL_3226,398,14.90405297212726,12,14,2,6,0.34231281704335836,0.5072920363126437,10.486235714348343,10.078169659542462,35.867521572004996,1
DEL_3227,225,16.42931390193141,8,16,0,15,0.4302500383848775,0.21508802805259228,6.727252440255422,11.289780431372222,34.47397837502278,1
DEL_3228,316,44.49614804725317,16,54,2,11,0.3203323038792748,0.04281376437790285,22.582967000764455,0.8186854239856126,61.62386857596197,1
DEL_3229,405,9.030471094233981,3,11,2,10,0.27590826578937977,0.2532667064036093,25.05185735410854,45.56445149822212,46.722823830182236,1
DEL_3230,384,37.191385185300035,23,51,1,8,0.7475124745853318,0.20808359490644854,2.7516768790109363,4.3185784140064865,77.8270753272702,1
DEL_3231,284,17.201401402126464,15,23,1,6,0.5791491590220509,0.5029291447999072,11.079829118109826,15.025957271483048,53.85551916172131,1
DEL_3232,138,39.2147699631862,21,52,0,19,0.7140996075630905,0.23084456887031418,29.485024870391587,11.984574471227514,79.29541647875554,1
DEL_3233,322,37.50851230085951,19,41,1,21,0.2640223942891974,0.16093601313236344,14.69351608517053,0.40371722721567305,54.22574942478934,1
DEL_3234,283,5.332635564993186,1,12,0,13,0.4400793205202195,0.03893277767729587,9.836934811087737,23.797328627132643,25.696379462505796,0
DEL_3235,277,27.91109358147196,12,38,2,3,0.4609561484957606,0.19168263577688974,34.25079431391698,4.3563240044153115,60.584915612159634,1
DEL_3236,393,11.269376707012086,4,15,1,2,0.42670856413067815,0.09705384249269684,50.937730651117334,3.4370944437495377,38.41382307740882,1
DEL_3237,439,43.98021637604045,26,54,2,8,0.8113866438333917,0.3092726415659705,4.023567231314516,0.7240205873453078,87.84925261020801,1
DEL_3238,250,44.2213647288083,27,61,1,4,0.3697378258348777,0.3459050350071772,3.0280003280360113,3.457489657917453,67.94189196314603,1
DEL_3239,483,23.825561337219114,12,39,0,23,0.4816258038076783,0.10701029817253767,30.018304895270436,11.612887221633102,55.82801910043719,1
DEL_3240,225,24.997802830298625,13,26,0,2,0.20040477824111833,0.3642358815343484,4.1748796868078175,2.690759377536461,27.60222925147146,0
DEL_3241,400,18.647732273203722,8,25,2,0,0.2741044151937425,0.39828586825362344,28.242201112528296,7.539582650371073,47.08404685127409,1
DEL_3242,407,37.2472834532014,11,49,0,17,0.9389305532689557,0.05445077116235789,5.375582379722069,19.295345245183068,74.37253974973751,1
DEL_3243,435,21.13976133619066,8,36,0,12,0.5434642772279177,0.19459811227904567,0.290596476087021,37.26307932228782,55.285932321464834,1
DEL_3244,333,17.05066135351852,13,16,0,3,0.5292658080269849,0.03484411866873815,8.22114231170706,14.467368001225147,44.1862934874092,1
DEL_3245,479,24.45039767770287,11,27,1,17,0.7294765536316127,0.18973579887073058,0.6180672835308081,2.6138895076005015,62.57931391517881,1
DEL_3246,474,9.116938327435642,5,6,2,8,0.7036854015282863,0.32483657768676244,3.497741173871257,5.7973515547395795,47.88978088964254,1
DEL_3247,107,38.59714420898917,16,42,2,6,0.28198803392634464,0.4834240726698825,9.790497633614978,9.690577716183796,48.057938882718716,1
DEL_3248,440,5.566838057230413,4,0,0,14,0.44308549188902835,0.23384869257137367,0.5888375733760804,24.613315528791023,31.389305441546888,1
DEL_3249,228,34.00182776842672,20,36,0,12,0.3466840730351528,0.11934809223401693,0.5066831958802864,9.521532480107016,43.53796709543723,1
DEL_3250,363,13.228903703969259,4,16,2,1,0.3359894672299121,0.20070432107059413,2.528898013225179,8.110633465649219,41.56943277332559,1
DEL_3251,256,15.45818207964859,11,13,1,10,0.5406424061884142,0.31153237320874355,9.319474578273077,3.608540387956317,42.88880798405863,1
DEL_3252,451,33.6034399388018,16,34,2,3,0.4184821327874383,0.20854567871231877,54.75466150789775,8.308218880449726,71.32758265673876,1
DEL_3253,457,49.68245596023082,22,49,1,21,0.21788397138263263,0.1903000038437098,1.4710462537495235,4.605306515329463,67.53372803265587,1
DEL_3254,104,39.99728700826478,14,44,1,17,0.7658369258281689,0.620575140172324,14.591340662830211,9.974035649341918,97.06579594787107,1
DEL_3255,185,15.16278345005264,4,18,0,2,0.5667034215056862,0.8350670170497081,10.309660517003525,19.847849066611097,68.98919006626309,1
DEL_3256,274,12.921113976851021,4,15,2,1,0.17669297576911444,0.08243501859879114,0.9306089478513905,34.964049988328526,40.944574475854246,1
DEL_3257,389,43.980479162045164,28,49,0,11,0.4670382359629266,0.28015404524386106,0.5210749636023749,19.90339547547594,64.61572820946965,1
DEL_3258,292,24.988277656467694,10,22,1,3,0.3479247585664089,0.13514212120954433,3.7622716460101007,21.14408115270336,53.84687221984339,1
DEL_3259,410,11.167376127266996,4,15,1,13,0.1700326913711698,0.13257815061030995,17.31587652876297,5.317858739025127,24.935673356504367,0
DEL_3260,218,43.799514049487215,20,51,1,15,0.4883278037951442,0.45949839080781735,49.20660534199031,14.26913793870515,80.58577575776016,1
DEL_3261,317,41.72415588114176,14,56,0,20,0.5522422680763838,0.247708272795383,12.181587236734968,5.894073637562001,64.01906860338026,1
DEL_3262,213,49.27578637537236,25,59,0,3,0.160753303731574,0.3159511123722017,0.7027940761227218,0.2943628084192184,48.53960299013343,1
DEL_3263,244,45.938465902070774,17,58,2,11,0.13354441404015346,0.35439820925414667,4.475595176896078,25.90629450652329,57.15427270407449,1
DEL_3264,125,43.33056523972437,24,53,1,18,0.833630480592821,0.548303985934153,42.7932647873383,0.6444956351728643,90.22085073590993,1
DEL_3265,235,7.365847901495142,6,8,1,18,0.8572462735461923,0.2772213924901024,0.18899370419929026,1.4731556800414638,52.73079070615508,1
DEL_3266,402,9.698691627415311,9,11,2,11,0.4372676285135215,0.19982729758739604,13.829036296807482,0.22274490290118115,44.5576259447717,1
DEL_3267,331,30.604243743685526,11,32,2,14,0.3207401686212782,0.7022725989003744,2.956982852361824,0.8355069403884638,77.94001624552864,1
DEL_3268,468,28.91656608268194,7,33,2,2,0.30621412821727145,0.308801786876545,1.0275732832152713,0.7299191336225127,56.962243923113775,1
DEL_3269,175,25.608344652029096,21,27,2,18,0.7566474011560744,0.4448827889236008,4.404219258621832,13.572636109894326,73.30309177383633,1
DEL_3270,427,22.85551964365629,11,22,2,21,0.38146407786812886,0.27470289583168317,41.4665379655755,23.048656231346893,59.17191638201522,1
DEL_3271,444,24.4044718188948,12,27,0,14,0.17990395385288008,0.3277528497256822,21.517095891112078,19.116169476536868,38.850620389141284,1
DEL_3272,401,30.618407036065786,14,42,2,19,0.7145147977566897,0.07593664088668534,2.817008705377567,11.811147120477141,72.93500776758589,1
DEL_3273,388,5.093443292003654,1,7,0,22,0.374714874629952,0.05640230385978692,1.019413094095641,18.501108233066095,27.177289769659442,0
DEL_3274,100,16.73189483597835,9,19,0,6,0.5237604230208394,0.13812778877857568,10.192987029238992,7.318137256015257,36.47454355561266,1
DEL_3275,246,28.322587430991998,11,33,1,3,0.5605070553820652,0.2629899053098183,0.8114751565664634,28.425455838336298,57.87458787074957,1
DEL_3276,386,37.49972444031408,13,41,2,0,0.550293381849272,0.16841237129123263,7.764220898162238,7.392205746503418,68.12484407722488,1
DEL_3277,241,12.837051157792835,6,17,2,8,0.7931446634041066,0.2602156884356744,24.160425979013105,0.34340852888365914,63.87200393603811,1
DEL_3278,152,29.609652820434484,10,28,2,6,0.25936715254942944,0.15996273294498112,10.41712577137243,14.547080561762941,51.71060235076872,1
DEL_3279,403,37.15068577486018,11,57,1,21,0.278584820531789,0.36418473901066567,34.072214572427065,21.315467635309275,69.58646331999242,1
DEL_3280,168,25.00824460612571,11,25,1,4,0.42626803212971065,0.20032473106634668,23.499796320378376,3.052198815438378,51.85261542232483,1
DEL_3281,460,6.218651015152297,7,6,2,8,0.834188113518955,0.1680521444134297,12.1542714088643,4.58997680675933,54.257350970634185,1
DEL_3282,189,25.21706713095365,20,30,2,5,0.18064276752482697,0.3197036585236633,23.43861119266021,14.247837178781136,56.10186028893943,1
DEL_3283,319,18.34001994848689,11,19,1,23,0.5989746683564356,0.20098192031116058,1.4950943341555072,10.234644054262386,50.53557110375253,1
DEL_3284,291,46.83423234655977,27,43,1,22,0.1537515495080279,0.41426683553045907,3.3727068877271615,26.483981179664774,64.32397775592604,1
DEL_3285,162,10.607602355524731,9,13,2,11,0.40354611865522194,0.3565025967700492,18.080630528767735,7.793561300422548,50.348541973705295,1
DEL_3286,172,34.36141799782544,16,37,0,12,0.3655118471484121,0.05053379671901511,0.08604590528411765,13.393476213154965,56.39558484215558,1
DEL_3287,260,7.372389485052552,4,9,1,0,0.3954940889343185,0.43575229644546504,0.0703535644346118,3.803473897580561,28.815515773017683,0
DEL_3288,268,25.07766970157134,11,43,2,14,0.36688243173965296,0.17282925327633322,7.17879985868879,31.814348023881394,61.098011503284084,1
DEL_3289,188,29.929076924903626,17,26,0,15,0.12895506143790222,0.2751941831886561,30.269730374418135,5.540571151421695,47.471699218424234,1
DEL_3290,275,18.407971909258947,12,20,0,1,0.5979627095474772,0.19470642425279006,59.331694670298106,9.306110237274185,56.832998789789215,1
DEL_3291,368,25.478403598417298,9,27,2,8,0.8492032104442311,0.2780621701476486,15.740276114692815,11.500435992208004,76.6799630702109,1
DEL_3292,172,12.359920753858432,5,18,2,9,0.8882086912505034,0.30927862262487055,45.018899887286636,3.5207521157113746,71.87406540075595,1
DEL_3293,344,18.685573226061628,12,17,1,19,0.9529957194860552,0.22143976335609378,28.225929895702986,4.570630759566123,74.26506975664294,1
DEL_3294,176,32.949784620959136,16,39,1,15,0.19147104462309236,0.033839301969351095,3.3749679408202824,8.376128019117882,53.800661201720146,1
DEL_3295,258,18.58100251375198,13,19,1,14,0.12852426609641862,0.5203699849618232,7.761608131834224,3.790725143650425,32.00832822916462,1
DEL_3296,423,45.48843852839923,22,57,1,2,0.405929477507347,0.5481950830158708,14.663383190110228,1.6732541580606748,76.11333653355808,1
DEL_3297,197,33.27831309384454,17,40,2,1,0.33911827512152404,0.28423099961939335,2.4609629978594354,21.73783714560799,67.77466437775365,1
DEL_3298,480,24.7392058296193,9,29,1,7,0.9506285608433456,0.1198814662744422,5.633587030927464,4.711639731485294,65.89001544733684,1
DEL_3299,201,6.744062099938211,4,7,2,15,0.36260667056887186,0.2766242279654366,21.182694756170747,6.453953378730857,40.297285092009226,1
DEL_3300,231,27.479675084210207,6,38,2,22,0.536426463379554,0.4305428952544488,6.33895121681044,9.506766190890913,64.95237527443993,1
DEL_3301,201,39.41493089562901,21,47,1,8,0.9413546329691469,0.4428080686743524,39.04183451100746,22.17387774154179,92.6481330951268,1
DEL_3302,118,16.950091910558612,9,22,0,2,0.37204463375846186,0.059437128135256756,7.83276935960357,1.814341701309914,36.11057631176497,1
DEL_3303,181,41.30481063419453,30,48,2,16,0.8567090594264717,0.33753848709986406,3.722304549958139,11.800515540895507,99.68250817684321,1
DEL_3304,496,16.331304472289666,11,17,2,12,0.5853444081085247,0.2621918366915226,3.5380891500799243,5.189307590531586,49.58679557270753,1
DEL_3305,378,42.06858745778602,16,37,0,15,0.4698460767333783,0.5501745090478308,17.433578265977797,24.44070178483679,69.77293420826818,1
DEL_3306,438,8.837075372525483,1,11,1,4,0.37405727160644986,0.3190658956969567,6.8865922036569085,12.987821035381582,26.509626174479806,0
DEL_3307,464,43.97826689910633,26,56,2,4,0.48338436093503434,0.21564711909874912,4.062412565313608,1.8825310764184873,69.89383889933758,1
DEL_3308,430,27.463390291999872,8,30,0,2,0.5985291136454206,0.016385414853225477,17.756005605718276,4.227709207617816,53.75636832839808,1
DEL_3309,228,18.34419153291179,12,26,1,12,0.5443671780574092,0.5635407975190607,8.207094144628687,0.44196379181063594,46.69715365319338,1
DEL_3310,443,16.930096268681694,11,10,1,7,0.8200873241292883,0.09383692193821426,28.061322817640555,17.665443729131066,73.57335205429136,1
DEL_3311,409,24.44047515186632,19,31,2,7,0.9862700703879401,0.11634920780237086,11.94359342064726,6.38845411282483,75.2230779172438,1
DEL_3312,188,49.957227414664025,21,60,1,16,0.8555381181317363,0.3255095280452955,53.728119276206925,0.598776556077282,96.95665086658036,1
DEL_3313,312,14.914732704691215,6,17,1,14,0.4359377412789053,0.2729850410036579,7.036964428994489,0.16257348476436545,35.91719540752871,1
DEL_3314,242,9.644749199554983,6,8,0,3,0.3084839314008757,0.2512939940115939,4.97146662864816,37.35982549119277,32.47397063715884,1
DEL_3315,164,31.326582592339786,15,31,2,21,0.2612221871605418,0.20936326061327018,15.515689893339646,22.953816502977944,70.45872209150559,1
DEL_3316,175,26.984410989811572,17,31,1,17,0.7027406778779275,0.21028825710898205,18.483760776842626,4.885564042945176,62.85550610126313,1
DEL_3317,298,28.58883219784883,15,33,2,6,0.30618436290796813,0.5208557189787106,0.2567113101302666,8.722590107172124,49.548139132098036,1
DEL_3318,242,35.01209379007477,21,46,0,9,0.8252931353338607,0.2576649514488418,16.60192672747198,10.293600743851632,81.94999565117251,1
DEL_3319,415,17.02148314417922,10,12,2,0,0.5183709133202725,0.1108895952683491,2.995454500033813,8.690459991575125,39.795056007799815,1
DEL_3320,192,45.97992479227498,28,54,2,3,0.2578277115926436,0.137466079374307,47.86270560872738,4.418033662432913,79.50817876226553,1
DEL_3321,404,24.605242975503067,13,27,0,10,0.42246196852155815,0.47082307367247894,12.870566738579036,5.942808661854647,37.17883173924798,1
DEL_3322,323,10.80887878141078,4,9,0,14,0.5367167190064698,0.5639865479501839,2.031109877784951,2.398526662924539,22.08635673011986,0
DEL_3323,390,38.40344405302749,16,47,1,14,0.4108859569802371,0.14041295460286102,0.8123822425139782,0.4053465242398708,57.19251095138408,1
DEL_3324,201,33.939695867803266,8,37,1,22,0.34639368615781585,0.02869232905643923,31.75446965784665,2.01709227447813,44.192248299174075,1
DEL_3325,366,19.20845311178167,6,23,2,2,0.11765135208048313,0.19006045753115308,28.519330413162393,0.15773601892201394,32.01433321971119,1
DEL_3326,454,32.968342581532184,11,39,0,18,0.7188359821709767,0.5851926523366312,8.539935759983493,6.810191869416553,58.51620998172581,1
DEL_3327,209,14.89378803660396,6,24,2,19,0.7517668859191505,0.39651260802781796,1.3735076281688097,12.977269934267365,64.76969355003807,1
DEL_3328,429,25.01777117032383,8,25,1,23,0.5042152766531364,0.4519765125670598,7.4140124879072005,2.3951271306331123,50.15420200022397,1
DEL_3329,364,45.47356349752964,17,58,1,13,0.4172330931771959,0.3867522052569816,21.43987789726532,9.160669742270333,70.4799140283506,1
DEL_3330,102,11.009040492233723,1,13,0,2,0.33457225102523425,0.2705680198651996,16.248205374682403,4.715959601820684,31.884526668829093,1
DEL_3331,184,22.40134024943579,6,20,1,7,0.8711707932259652,0.5249349482794019,30.05557873091318,1.5339104028881179,48.796814579052594,1
DEL_3332,381,41.951409112415625,22,62,0,9,0.8986144763662489,0.2822584545715166,20.86611427108201,1.6379285464970137,76.2123486051479,1
DEL_3333,427,48.62709047327802,27,49,1,8,0.8960794975004699,0.01302766690059686,6.010182563196023,11.55163251429607,85.38806070876082,1
DEL_3334,403,25.426676138980817,10,22,0,23,0.5435242253158122,0.464304702417787,6.25850839228371,1.5027843339494753,50.85718806274283,1
DEL_3335,216,27.814982906450634,15,39,2,14,0.2769942936248474,0.2872463193186422,15.651437501312929,9.669349995699932,60.25882806699967,1
DEL_3336,320,30.747738280269637,15,31,2,23,0.2998982047263351,0.23899206110213436,5.56970981092502,2.537875103093222,53.58586563625849,1
DEL_3337,253,46.95566637351699,24,46,2,8,0.941442834129317,0.47225131083610766,30.335724680323985,24.130821538958415,112.99107909023911,1
DEL_3338,252,43.61930559396634,20,56,2,3,0.34083117570247323,0.2789779145348698,5.9557998027076895,0.6152662444381554,72.97657876637746,1
DEL_3339,111,12.677050607973996,5,11,2,11,0.44022724507613675,0.20020805078818737,10.068819090226523,5.874381146564475,46.03131676451684,1
DEL_3340,232,24.654101803118376,9,34,1,18,0.8361290138844477,0.12188895826267657,0.6628459186166005,17.20113187848514,62.385049764564904,1
DEL_3341,403,25.880019268839185,18,21,1,23,0.4509187972877028,0.13717171554338947,1.8849865013903397,16.59495579174869,57.51243985497731,1
DEL_3342,392,40.509325024194055,13,47,1,0,0.4102911070093581,0.48584480643041783,2.1216550552981817,1.87673677240242,63.210172087370594,1
DEL_3343,399,32.13017971724459,21,37,1,13,0.28619413691399587,0.34761251886933686,6.3269017527246945,2.628698349511451,59.12316463969098,1
DEL_3344,327,34.43992079130558,19,46,2,9,0.7669150367288761,0.2587963904802662,1.8601023071289342,9.484553041293996,81.14187996786862,1
DEL_3345,370,49.91899584495279,27,58,1,0,0.5306646764445785,0.4543376599203521,9.162675284207996,13.83380453590306,78.60132709809331,1
DEL_3346,142,8.373201956150588,2,13,2,3,0.10596750452151069,0.3471783380766869,4.703307311069899,16.74565633148237,26.83755823186924,0
DEL_3347,442,15.035442059017985,10,22,1,9,0.778187386868408,0.2878977990893319,4.771217916439168,11.628338971966185,62.46907426303388,1
DEL_3348,425,23.355317181719606,12,25,2,2,0.3086269328179394,0.15543969533552426,8.845363866061515,18.340767348161826,53.78795041151406,1
DEL_3349,401,20.650208137199925,13,23,2,15,0.4588458861309124,0.2610340111510786,28.845764675255264,6.955238416917419,52.68662665838685,1
DEL_3350,463,5.974050260614262,3,4,1,17,0.8189976936045418,0.07810406074396146,21.51527921304334,9.868376049957519,51.666170324601914,1
DEL_3351,478,9.129992291202912,2,17,0,11,0.14193031868449993,0.5546906150734715,32.277052492540086,6.813667238173116,15.286980520196543,0
DEL_3352,120,35.642898113160925,25,43,2,20,0.5910261747063597,0.2532555729425599,69.34323851375204,17.172780454317106,92.21358511098774,1
DEL_3353,206,44.56960085131523,20,50,2,18,0.8746201935973797,0.31806588645762157,0.16746231365823866,2.3057204486989504,98.3743203041963,1
DEL_3354,435,28.140215506968993,13,41,2,8,0.8672734180848889,0.3705563297380444,17.689597041621795,3.490779130347926,82.08925270947668,1
DEL_3355,402,29.263598578113484,20,41,2,23,0.3101676402560377,0.29547033234459363,1.9145954446454994,21.755792057586426,59.98066819057945,1
DEL_3356,216,16.479204477457074,11,21,1,19,0.8181998216598545,0.3081854020264967,41.42743868418155,15.037643390102897,83.52200276183748,1
DEL_3357,223,39.55443636351701,24,64,1,4,0.24653611828739444,0.30882850496123615,3.859151279773751,15.94402879381515,59.89475587231988,1
DEL_3358,498,38.83075643152654,18,50,2,4,0.3843310702955409,0.12056128313008309,6.460718069895533,1.2526847655190185,59.210674725953986,1
DEL_3359,380,31.47645601479455,15,28,0,7,0.9498841189260344,0.25973091884662325,57.98651520774677,7.949225218100864,76.31165252836473,1
DEL_3360,391,14.569892893010428,9,13,1,6,0.2650737606373509,0.14931162904031872,30.282807759434064,9.970705893713141,35.27619018708604,1
DEL_3361,302,9.365819820669024,2,12,1,18,0.727971812837032,0.5211963157100066,0.7253820073844505,18.165193221992702,54.554668781150845,1
DEL_3362,150,7.890735913570666,6,16,2,21,0.3507311653529691,0.32514646887782767,0.7200053091135203,6.582988249832571,35.7786513731445,1
DEL_3363,370,31.6713229989295,9,41,2,21,0.38914331389284607,0.22829990267968947,25.625705565860713,9.336871882543825,56.76566208129708,1
DEL_3364,423,42.126589361426,23,59,1,17,0.7589915675309513,0.05108714701336085,1.0945619820063153,3.2669629128909667,76.25160773745637,1
DEL_3365,376,43.624869430141615,22,48,1,14,0.5632745302932174,0.31330227334413097,28.6312597261862,21.414254711769907,87.60375298766587,1
DEL_3366,240,25.86299334545524,14,23,0,0,0.15528552541964094,0.29062414823659005,38.77835193404212,29.425660340645152,45.46114867197462,1
DEL_3367,374,40.29220846880226,21,49,2,6,0.4451346149627742,0.24380250292619615,0.36188733455110017,7.487073554505894,66.25143674098099,1
DEL_3368,389,47.609608835346066,27,59,2,18,0.9263315199118568,0.5202203706180795,3.7270514426233836,6.899035235853614,94.30243411024554,1
DEL_3369,433,17.38265506196306,4,18,0,4,0.14201032571276964,0.32395090268929083,0.35194572921304995,4.774689375116129,22.007774933534616,0
DEL_3370,480,22.908215587134073,10,24,0,7,0.7313137965081985,0.3700444923491581,1.1343272107627056,3.724456679985086,48.06118357567454,1
DEL_3371,472,46.91655466685063,29,53,2,4,0.266576872578727,0.28970057738522054,11.455884595248982,9.672486976472062,73.81100756360917,1
DEL_3372,151,20.22039352927782,11,23,1,4,0.4949739666336751,0.3783062181058268,19.64911382573037,2.2181745641497694,47.45093807350476,1
DEL_3373,126,46.12443306448083,26,52,1,4,0.45868325875191973,0.23236014468018917,9.793723289884989,10.679229425807065,73.94357051667184,1
DEL_3374,256,49.14701880145096,18,55,1,10,0.51107854272437,0.43825227976786907,7.3150561045827605,9.887766905896495,77.13538407574966,1
DEL_3375,338,34.78148278584911,17,36,2,6,0.2987492725191666,0.47680206840270895,3.4736826025542795,14.212624237807633,54.428315584978414,1
DEL_3376,255,41.76006302768757,18,52,1,1,0.5968795091662352,0.11264716292347066,4.049127469697857,3.0702379723856428,73.89066791169479,1
DEL_3377,390,38.729550389948834,27,56,2,16,0.7708859681416986,0.22973351774170733,13.098336765404547,14.52629330907104,83.45425048463005,1
DEL_3378,235,36.47904159269857,21,52,1,10,0.5026916006809917,0.1703196175293822,29.044597405894855,0.20482299694362732,74.85321022159758,1
DEL_3379,243,18.811898284155465,10,26,1,19,0.826548282828442,0.29152068527645675,7.777076240030859,9.173853730053755,60.88375315062292,1
DEL_3380,205,7.569245205857467,7,8,1,4,0.209221885696432,0.43714564092496905,42.10835403844487,22.300326513459254,41.40945705249545,1
DEL_3381,257,20.437327963384277,4,26,2,6,0.26833453653088457,0.24961499935768483,0.8028926860565878,15.614821717474072,45.25051017738494,1
DEL_3382,245,35.01211933417579,18,33,2,0,0.19633888224142695,0.3794151714894812,26.509862738891176,22.832210661324574,70.66589212497857,1
DEL_3383,101,9.613813920251062,4,5,1,8,0.7578024904570126,0.24003195264798552,6.20277577716412,1.9269031406823431,45.445155856953185,1
DEL_3384,176,5.536309234020894,5,4,0,10,0.2819819536918151,0.12400018892789506,30.461762946575146,15.228256092681862,35.103637563671256,1
DEL_3385,231,11.28615676713224,5,12,1,11,0.17339709274176388,0.3152286625594525,37.77694532033855,7.59763936748411,35.675575137066936,1
DEL_3386,189,37.20811668848579,14,43,0,9,0.8301755245562515,0.3243021491253279,18.080027640970947,4.683959377232817,66.70201489003128,1
DEL_3387,444,48.77571657453998,22,56,2,19,0.8397134796543732,0.3785538283606703,6.578812318512101,5.2762634343099855,98.37773629236607,1
DEL_3388,449,49.237911482666924,23,47,2,21,0.3156638790695053,0.5042434149190278,9.15787710724781,1.2902443849356324,71.50769251863655,1
DEL_3389,362,27.229061711308457,14,36,1,10,0.579002760701829,0.14789033220179135,12.03693913755854,14.326392589309684,61.282072775301515,1
DEL_3390,450,44.12085354465563,27,50,2,0,0.27942245603022775,0.6064619555426861,9.300678993673767,11.992688353852792,91.28608990160195,1
DEL_3391,207,38.157190508817685,14,57,2,19,0.7347275062347646,0.05819426139448262,23.492427579687266,1.9872894839368023,78.55750703213792,1
DEL_3392,173,27.546810664307156,10,35,1,4,0.2525983651820056,0.13482371454778747,22.14514313597022,9.429021922376005,61.97265159502281,1
DEL_3393,138,30.774223982978906,13,38,0,14,0.49563895666661506,0.38864701312682653,0.19104277425173752,1.66659599615184,48.99458834324399,1
DEL_3394,496,11.175221597759197,4,12,1,23,0.2568295479442829,0.23001792933427073,2.467139921169353,4.51110506932387,22.621003669190777,0
DEL_3395,258,47.19476572774664,26,64,1,21,0.29174796847428297,0.3384228052271806,6.777713682404998,0.541506106734486,57.38989706842908,1
DEL_3396,170,20.836839682929956,6,27,1,9,0.9676439049633578,0.26848711528940855,16.740572204761044,11.644880618951579,73.98281959985559,1
DEL_3397,411,25.07671654057263,28,25,2,11,0.2302802470789446,0.33201506538140657,3.9145883601747182,0.15017538397352415,53.19467440241579,1
DEL_3398,340,35.22471039490544,20,51,1,13,0.33914534019886666,0.3667943545823908,5.846594017885754,3.6251831048229937,58.9292481759825,1
DEL_3399,397,20.025611218694927,4,22,0,18,0.8426455343553081,0.15420107450637383,9.300681690048783,3.722345381658747,56.174094939618996,1
DEL_3400,135,16.441662244501874,10,25,2,9,0.9867376316235106,0.5333311696330205,13.357716185924927,16.556864201145284,78.88089197676665,1
DEL_3401,183,33.397222697159926,13,42,2,23,0.20472365443182525,0.31902607155847057,34.81069394868631,7.187777546298291,63.1456686167862,1
DEL_3402,473,6.1242837026832255,6,5,2,21,0.3317907981776138,0.2526915988528322,24.493103047164762,10.21767702039569,37.07744266488171,1
DEL_3403,362,37.43263004120055,18,42,2,11,0.5104901899583455,0.5098920768464748,6.6759774802198315,3.4376795926645034,60.808120386510765,1
DEL_3404,409,28.13105164444294,13,27,0,17,0.982386691629314,0.20584771815187047,21.91422526747671,9.518999253683049,68.60526643745959,1
DEL_3405,484,32.258917873442044,16,58,1,20,0.2902438789435233,0.35032791320717915,26.815734016001766,1.9389821284034032,60.2097785440266,1
DEL_3406,271,33.43460716610983,17,35,2,18,0.7130337028741103,0.6719813246899402,11.082760023369506,58.49578527531054,109.47631346649489,1
DEL_3407,475,28.717257042165368,10,37,2,3,0.2602455273659473,0.33893909805742717,5.265555339983998,8.732205015473712,55.51813456137275,1
DEL_3408,272,31.21401998483312,16,38,0,18,0.8713892556735829,0.3484764196798606,42.98953323996143,25.381323528329723,87.65424123120563,1
DEL_3409,461,35.77046904004436,14,48,1,20,0.5497016419149489,0.2563668220355698,49.15256526645376,1.3404592798525927,71.02936725925211,1
DEL_3410,146,38.89034812308534,20,49,0,13,0.11218806531675271,0.5445539594363357,3.815473581310228,10.711491189020336,43.90969209502844,1
DEL_3411,478,37.73535760787542,15,60,2,7,0.7746139892197976,0.1480674961657938,23.061371801566306,13.342184928649957,85.64286144992846,1
DEL_3412,240,44.13274059795177,33,53,2,22,0.5438414525116416,0.3013984578409624,0.6397715447648328,18.668125709445317,86.83960474305235,1
DEL_3413,474,13.524954492533125,3,15,2,3,0.308480044807232,0.1392913603188048,0.035842448538328776,7.9844529756978275,37.40720524078151,1
DEL_3414,217,23.05165862713089,10,20,1,15,0.4254568045850964,0.01923061920683173,6.4980940567603,0.4409782961948424,50.931995968623205,1
DEL_3415,376,47.650822970650566,25,62,1,11,0.3928572898527226,0.3235127363439104,9.313470741960916,3.6325536014273783,73.91821903165719,1
DEL_3416,313,22.846575847384837,7,23,1,17,0.8291396131899433,0.14629440508253286,11.855994846226361,3.9522594331313647,62.04099949367106,1
DEL_3417,319,10.619153460766519,4,9,1,11,0.16870892342219765,0.29145312050386435,7.128608112983756,4.6003825814102965,15.195654945383598,0
DEL_3418,492,28.645030686298078,16,36,2,17,0.9582340483161402,0.4454949605526098,2.0682195508038443,1.1607992861086749,82.82193054745309,1
DEL_3419,125,9.927093764950797,4,16,0,3,0.12872256704967697,0.33056051295459904,6.3420272829852,0.007609197754012678,15.968587795571064,0
DEL_3420,108,14.128395742753934,8,19,1,15,0.48236372675055916,0.15451266609487,25.874902757601678,8.799858158745417,38.28197419728039,1
DEL_3421,370,49.924344045693054,29,68,2,17,0.9510038728442807,0.11206888374279819,6.135546164251766,16.01728864166514,96.52288125150567,1
DEL_3422,109,29.36131872782594,16,33,1,18,0.8712997795656247,0.42186019707440303,13.45848801936951,3.1380028136949427,70.70066759912119,1
DEL_3423,477,17.782627506819306,9,17,2,15,0.2450983305933974,0.3561651246146552,17.132664528242668,14.202408181262294,47.80637340874063,1
DEL_3424,220,49.76487295582577,22,49,1,20,0.502336069705396,0.11504823447603572,19.775997536471095,15.76193685730681,73.1517712207874,1
DEL_3425,224,48.49515133498144,22,66,2,2,0.2546021919454481,0.2045514004419224,10.04108057468663,6.356846255224372,72.35658098092293,1
DEL_3426,269,24.83325684879186,15,27,2,16,0.7791111056684167,0.09396161091258363,2.0151846200439065,8.934488027528184,61.573466966290724,1
DEL_3427,171,16.718139895455877,10,20,0,2,0.3669053643028911,0.36365309168636817,34.61520508533183,4.5224921241186955,37.20737777831959,1
DEL_3428,251,42.72798371414855,26,47,1,12,0.5726477791042058,0.18408231961863156,4.522838260895171,5.644341219418977,69.98149297226426,1
DEL_3429,307,37.20293226373036,18,48,1,5,0.30719702451601116,0.47077322304581093,6.209020624045572,10.673022712549917,54.86595281773503,1
DEL_3430,148,35.912364575157966,9,38,1,18,0.9844889572630222,0.2475990576323152,22.29359732689364,5.3914835750097305,84.42416036803377,1
DEL_3431,253,45.19011835951127,22,50,1,8,0.9131250055441194,0.2624571547335931,21.628616662386147,8.343921746636227,90.6775947675401,1
DEL_3432,446,36.02377102420961,11,57,2,18,0.8269719495569745,0.20425981951251526,34.00622692672392,16.339963884149977,92.79272508276091,1
DEL_3433,392,17.770907436869713,9,19,0,10,0.20717764912367984,0.5057910955648196,0.5149617550358622,40.09353087280165,39.26477616574414,1
DEL_3434,167,36.22384228440795,20,35,0,2,0.31124118540612067,0.30802209034087275,31.13301568368748,26.603273729728595,63.87217095680196,1
DEL_3435,149,18.761608007764877,7,27,0,14,0.3484504851849094,0.17716346654181744,23.569526973168774,29.510647604909803,43.95740677529952,1
DEL_3436,251,39.165754084564774,13,55,2,15,0.4724292359959541,0.17965347033204213,11.169600684269687,29.058784635451683,78.58994188878542,1
DEL_3437,118,32.888653452120465,17,39,2,2,0.1699159160016485,0.5437617653893593,2.606122385252296,3.317451129123289,50.81562752645522,1
DEL_3438,199,8.483519839313775,4,10,1,4,0.3858069589299854,0.5221945614415653,11.811660401276848,35.11683317924345,39.846427510487295,1
DEL_3439,159,28.077591309581393,21,32,0,6,0.43109656181402667,0.2850798764831684,3.234019080419221,3.017968181160965,62.52644693722988,1
DEL_3440,266,20.44854361380834,12,31,0,20,0.2913963281766969,0.24168025895868725,50.26772398613073,23.96021564918767,50.373135106995235,1
DEL_3441,301,19.785678472953244,8,28,0,8,0.8318360208214842,0.054726614831547886,18.506813829886703,10.441023835477608,62.998727476311494,1
DEL_3442,444,32.101533606976574,21,42,1,21,0.4553710257928154,0.33973774216263647,13.603874910633948,21.893397804884177,66.56863238194522,1
DEL_3443,245,19.50461710112412,10,18,1,0,0.33255060558070115,0.23092217264811,25.178895459114045,48.3602180706432,64.47245599353758,1
DEL_3444,263,39.96021866921927,16,47,2,18,0.9633530153935583,0.4069862416068645,11.403645379601222,25.020954997619313,91.13703314839873,1
DEL_3445,341,8.18561462050285,7,9,0,23,0.5123516112377287,0.3614274401506285,0.9322778765576286,20.34673325272638,40.930734388005156,1
DEL_3446,168,34.717471357812144,20,41,2,13,0.594408440603783,0.4720826767289168,4.496918533580845,2.7756973386272703,62.42762090744209,1
DEL_3447,274,41.41376616455336,25,58,1,14,0.208317776397313,0.3192208244054497,60.00261327944089,23.58535595995891,72.00327886283438,1
DEL_3448,148,35.27742604641935,18,41,2,2,0.5446973736868509,0.40257507169791446,28.53831949290894,2.1747694014984527,76.82738466704679,1
DEL_3449,207,27.37531377589981,8,50,2,23,0.3727144320584007,0.027583866133128774,39.351120049588566,8.626948549485006,65.86733862402544,1
DEL_3450,325,47.763815618128156,16,62,2,3,0.3239616312286989,0.23523642581480908,1.5443014144829532,8.374180133674814,65.1976934695308,1
DEL_3451,260,18.497232040912863,11,25,2,16,0.8784066300204953,0.05082572490285557,4.275251803708561,8.776199785831395,66.33856042113301,1
DEL_3452,218,5.862554938624,0,7,0,13,0.5551694329649026,0.1735517612618073,0.9799296277687524,15.411184894393434,36.556087347262505,1
DEL_3453,248,24.439521715854838,13,34,0,21,0.23632837872454762,0.2289009861007088,25.90343320645302,6.050841163081812,49.0333496097687,1
DEL_3454,249,6.485537115514726,4,3,2,6,0.27918613577584417,0.35795062486047924,2.8655983417239677,7.319924912945041,31.734302636583553,1
DEL_3455,392,47.927153863688396,21,60,2,7,0.8715796243575209,0.28069764578141526,7.9158319326191435,12.911204394397043,95.66336482537513,1
DEL_3456,242,14.446312058662318,9,15,0,15,0.3454122651183402,0.08655700273700957,4.710431905035613,13.762409841108983,39.14164513088881,1
DEL_3457,259,40.50171607769958,28,41,2,21,0.24401434715561357,0.3389041065194425,39.965696589806754,6.9050567486932914,69.7765133562966,1
DEL_3458,110,39.85574374284642,22,42,2,15,0.5810879620458018,0.08479364079596882,14.06195709987746,0.6426312040182813,73.60887943402943,1
DEL_3459,237,14.797800485732008,10,19,0,13,0.20851904153980397,0.1294926706966557,24.104437073695017,3.5984535679646195,27.017882983041584,0
DEL_3460,177,32.95519387160753,21,40,0,16,0.8137403084445982,0.08411474428257927,13.82486863289104,34.59211438349099,73.75793307084408,1
DEL_3461,176,7.16355358189026,1,8,0,4,0.3139582101020587,0.2168329663831987,14.222555557516033,31.47508878355906,33.59167787409796,1
DEL_3462,353,26.760856356674037,15,30,0,8,0.7668877537307032,0.3288170104112292,7.241183198125086,12.585824651844494,63.10655068324046,1
DEL_3463,357,5.659120727261903,2,7,2,2,0.1529940858695489,0.09095202986693247,4.096834942539165,2.458297824431979,25.797863807265617,0
DEL_3464,419,46.45147460813788,22,51,1,20,0.2285691526903416,0.08070654966051782,6.424566007473419,1.2072473877118568,62.41868902983517,1
DEL_3465,390,48.923871088980725,20,66,1,21,0.18349854644602595,0.2825950907117262,5.240386102263903,35.83556954543947,80.0927001194287,1
DEL_3466,362,15.002724498736336,9,22,2,4,0.47481243499061443,0.18269805649611212,17.627197063402367,24.778684173645452,62.42336288744541,1
DEL_3467,184,14.364771556836775,10,13,2,19,0.9582682971425482,0.32563239076456946,8.237370627391204,6.08853537494789,64.83020498094793,1
DEL_3468,245,38.917407945295835,22,48,1,17,0.9230125268605859,0.26592212202675075,11.98307733826683,11.918136394312874,87.66892641848852,1
DEL_3469,422,16.40207294732005,2,18,1,20,0.4496314398983683,0.07316646239043206,22.10666726034631,29.462113113311915,47.20514822943987,1
DEL_3470,141,45.27844516228303,21,43,2,9,0.9667299072716289,0.14726664782345958,4.650042004605957,1.7841437895862244,91.3018185318833,1
DEL_3471,473,30.8268111255342,13,55,1,0,0.5892959901212779,0.12649998964890727,8.26559270214332,12.135874406305284,69.05250079340284,1
DEL_3472,224,20.784993035464048,15,29,1,16,0.8183481830589725,0.18422465137661198,10.993521262132713,30.231809511430868,76.07310812738103,1
DEL_3473,266,42.4712185857239,22,62,2,7,0.943165031147717,0.2213363356039925,0.8296334325402498,21.733073531754595,105.82259109811758,1
DEL_3474,340,27.203301518602782,15,41,0,19,0.8157828981968984,0.4145813547637159,2.4764216954969855,4.061437641239843,70.46540587058921,1
DEL_3475,379,46.0234811168814,17,56,0,16,0.9780209580285244,0.12016282283593745,0.9842564564307111,36.45045227927082,92.81277739367424,1
DEL_3476,287,46.76064065282215,19,54,1,17,0.7457563384143534,0.3325553152023093,20.930434860305873,2.7252630749300035,80.03864899409399,1
DEL_3477,401,12.44390684577842,6,17,1,4,0.5382875720506576,0.42885700366556495,5.34816334786385,2.807017660330045,42.34738995492899,1
DEL_3478,118,5.104553275936862,7,3,2,6,0.2660074750192245,0.38023037686448424,8.238130542986022,1.2191839418020338,26.806641057589655,0
DEL_3479,167,49.2768923064081,23,66,0,4,0.4327921227423682,0.6495205151008905,16.73596991774051,1.508369934997162,93.6985463948372,1
DEL_3480,317,45.77618912573657,23,50,1,9,0.7586048446276551,0.3783662820682511,50.929513141925945,17.208345787802898,101.39426724749978,1
DEL_3481,201,7.495035606672864,2,7,2,5,0.5866003644959118,0.14130276957191526,24.99374389345781,3.8732989611653754,48.819884943052095,1
DEL_3482,141,42.486541877348145,18,46,2,6,0.20514284542540748,0.32056254108395593,0.8930592477899943,24.402599368108568,66.2256048053911,1
DEL_3483,387,25.6012219651643,14,25,2,2,0.1614640562829973,0.09531109845278406,5.473499967004368,23.389822664920857,52.28909995477163,1
DEL_3484,266,16.653272226123885,8,10,1,9,0.7900666256163273,0.211683816410147,0.7548360002826288,1.4861168908246651,50.547336450865195,1
DEL_3485,208,44.54359356546184,20,48,1,20,0.19410091272495308,0.16743469846153958,0.9547767775184209,9.120430339119643,53.777310044551726,1
DEL_3486,135,13.850025457563827,7,15,0,23,0.39009510134525605,0.24417403895117656,2.0451335722119888,16.139968920375836,36.37447074376069,1
DEL_3487,331,47.62849997390301,28,53,1,5,0.3663225836473377,0.28417636876627284,5.808819664239139,13.772692388972947,80.02365231882148,1
DEL_3488,328,14.252966946470348,7,12,1,1,0.3799616501193802,0.3939293069899557,3.9497046908727946,1.31336234374427,32.0694559085917,1
DEL_3489,452,32.61574344779346,15,36,2,1,0.4248964201693365,0.27062280688909,6.512013212440162,4.6587737893577845,59.06135795904958,1
DEL_3490,263,15.038885053803869,9,17,2,5,0.5254460380103759,0.36615110241705573,25.890418910350817,11.360269233440642,59.350473573159896,1
DEL_3491,486,29.555089923588564,12,36,0,17,0.8697859395137792,0.507354725723361,23.968901247320574,10.534551160285556,70.38995671271928,1
DEL_3492,172,35.77888084618136,18,50,1,9,0.7856447403216117,0.45682996463808495,6.478804681335533,20.18582914976848,80.3918786916299,1
DEL_3493,235,13.56025688690619,6,16,1,6,0.2683425129675798,0.026581837907137532,16.174260707747436,0.6925540453080488,28.868477349700118,0
DEL_3494,452,28.439860221530566,13,30,1,16,0.9552608826172553,0.30141866846103654,6.994087256643267,7.855364105865559,76.28317667371746,1
DEL_3495,478,26.107688497555355,11,26,0,3,0.11020977501514975,0.5183880187237487,7.31535541346148,22.68163369647536,35.82051113817184,1
DEL_3496,169,8.196683963150356,4,11,0,11,0.3997012214965706,0.4014335239737475,16.892330854969558,60.727832566392664,38.76437639378966,1
DEL_3497,295,41.823851795388634,12,35,2,7,0.9686308027845945,0.15948470771707665,7.275460030215701,1.6504118986500327,87.52176717784752,1
DEL_3498,368,20.10570802892788,7,20,1,8,0.8120078860139014,0.36487881333075706,11.9529612418077,12.458368327898174,64.91868025918755,1
DEL_3499,148,30.85619888983458,20,42,1,9,0.8344341686788235,0.21920820133946503,1.8363450596333535,0.01598589451845974,71.38853670697348,1
DEL_3500,415,28.165290571991047,10,31,2,18,0.9033741280722909,0.11678763160074312,11.609281991244998,5.160717202810027,79.91892569959874,1
DEL_3501,229,28.0967227056699,15,35,0,8,0.7333193365638969,0.4782556770073207,20.32190395889341,7.060072261774823,57.99338085503181,1
DEL_3502,104,9.825007739381935,5,9,2,23,0.47682467574715237,0.20312183107268833,32.88869215058319,5.093301312772654,41.97233426218942,1
DEL_3503,126,24.056690416219976,10,24,0,3,0.5274661822051199,0.22226469102792623,2.3894867140096268,11.754258593799486,44.749479568727686,1
DEL_3504,259,25.35650416429566,10,32,1,15,0.26716472689192516,0.4960119639482144,7.9325750292360695,0.1859922132467474,41.74718868627266,1
DEL_3505,248,38.013927816400184,16,49,1,0,0.10109339806645759,0.28682499684813506,9.988366163534243,28.665173961074267,58.27904489769315,1
DEL_3506,363,42.80084743643143,15,57,2,9,0.7424646626594376,0.11711938926720589,35.27852214197595,4.601974474256908,85.9902720918916,1
DEL_3507,329,29.52420251450081,14,40,0,15,0.20292818916119323,0.08627244723507045,4.46413588654721,1.9553345814578245,42.68367352061028,1
DEL_3508,299,8.905232932924571,7,7,1,20,0.409307290556584,0.30714042759095855,2.71676823649183,6.812799887348659,30.703610495968885,1
DEL_3509,149,15.658226176844583,4,12,0,22,0.24503644174406883,0.36943299712192107,2.288367995615982,8.658216214604007,13.032529131979306,0
DEL_3510,166,12.422031208372898,4,20,0,20,0.11802314906540798,0.31172521941409653,2.524142396819864,0.6410576014428069,11.031329036844712,0
DEL_3511,399,10.607677843510613,7,10,1,4,0.36566728948644844,0.05922244964988629,30.548504283158344,19.258178684042317,50.453216150993995,1
DEL_3512,480,21.46546843780134,14,27,2,20,0.5373428375046075,0.3957587068550221,14.506152831027446,16.0474532527762,58.67910280292693,1
DEL_3513,157,15.322707596947192,4,18,1,2,0.3256695071782887,0.14740150340245717,8.189739184384365,8.604248164714143,32.52376173838996,1
DEL_3514,358,14.823640031518053,8,20,0,21,0.28814873540045294,0.49957478600823296,30.23156176619451,2.4690052676574386,26.445554532672904,0
DEL_3515,441,7.461192855932044,5,11,1,3,0.1892581481853344,0.36510619158930324,5.307942028365042,31.338913652926195,34.32773680648863,1
DEL_3516,425,5.795152015794525,2,8,0,9,0.9928483456242776,0.6830676874320548,39.437254073712346,18.96875777015015,77.14767663642573,1
DEL_3517,229,9.624570919240181,6,10,2,1,0.26545948275667897,0.13740679025939653,21.335470525795014,3.1943873851846725,35.18192160486246,1
DEL_3518,314,12.748886574063487,12,19,1,19,0.8658169513728387,0.5140094917034714,0.3119114825675227,15.981046783656787,60.07433874856359,1
DEL_3519,271,24.394267798169142,13,28,1,21,0.1152347525382624,0.25404509268754405,9.316115303512534,1.2825401489678065,27.708565876096046,0
DEL_3520,357,27.97341175844801,19,36,2,5,0.21942418868086164,0.5710024610024259,27.721799605842513,1.5128161682752328,52.848597295341264,1
DEL_3521,201,11.326636317801452,5,12,1,13,0.1343144963313407,0.40570053102844505,7.566302016381002,7.056571967679612,30.660318602657057,1
DEL_3522,308,24.115250368588384,10,35,2,23,0.5287091557691673,0.34224361615023674,65.30884680603236,14.516917733953653,73.36071247734576,1
DEL_3523,390,20.37869790466673,17,22,1,4,0.3086547007125944,0.49952632158695287,28.11917597583546,29.910193096572684,45.63102380206724,1
DEL_3524,453,13.254063957408022,5,19,1,18,0.9416393504725946,0.1805297732546512,20.97860789450618,42.480798725883375,71.81020455356325,1
DEL_3525,385,5.30783366667636,3,8,1,19,0.9381584565080027,0.018415517866552822,2.1841919539701955,14.12831408000952,50.72943549125376,1
DEL_3526,215,26.01580399347838,12,34,0,20,0.5640157905008933,0.14078339428288586,1.7120912716277488,18.345397061885173,52.216128293106735,1
DEL_3527,363,35.85432871693397,13,43,2,14,0.11188212087280378,0.36989014570766265,15.3744132720041,8.571093911121679,50.191459608236926,1
DEL_3528,249,15.182480036471317,5,24,2,16,0.8349601030288515,0.36404531910602217,16.245157842325817,0.6904737213931249,58.77480488512497,1
DEL_3529,399,10.931307345350572,4,9,1,11,0.4510163962091007,0.44880232956721117,2.3940477361091426,1.6064137424585563,32.532016880010175,1
DEL_3530,135,44.916923500113285,15,53,1,12,0.39261189301435795,0.2777794025308494,28.85866137043997,42.396735163296974,76.48341911292822,1
DEL_3531,432,17.3761147619509,4,18,1,19,0.9949225863082407,0.2452310587064889,31.040077510618197,5.9907377897185174,71.4052651446525,1
DEL_3532,386,15.062567890669914,4,13,1,23,0.38773986227456325,0.1187693081493805,8.083020592106413,17.734107039135417,36.07926733653966,1
DEL_3533,402,43.569362282446214,24,58,2,20,0.39051060674173954,0.3902314874140683,14.03710044222604,2.9887579965338835,68.73485130227938,1
DEL_3534,410,41.76981946250426,19,59,0,15,0.5662870134956587,0.0533159549050315,10.72278839018066,9.134848114596663,75.45320368622801,1
DEL_3535,307,25.175591173608513,13,32,1,14,0.5606461162428521,0.4824154654598014,0.5447106984063175,1.9882540341923978,51.196611630588954,1
DEL_3536,205,27.015748764249853,19,28,1,10,0.11899833718212918,0.1305916895280098,1.421478543015962,19.84868201824449,42.96780935260584,1
DEL_3537,257,14.798691717530989,7,19,1,4,0.3068342653444538,0.29823968070325707,22.69667874138492,2.2080119572681105,28.233214722909267,0
DEL_3538,220,8.523575171580088,4,15,1,17,0.8081683796167141,0.07256772755357369,10.050661271937363,14.68753534746417,43.285605648231304,1
DEL_3539,154,30.80443214100475,8,23,1,23,0.27895223858013285,0.19030724234996527,14.15884358740606,1.9630761194880897,43.48931907728043,1
DEL_3540,499,9.425521471559591,6,11,2,12,0.12477920985263039,0.4367158853913539,14.234804462857623,20.488868235362236,36.67631281751386,1
DEL_3541,111,25.217354613049242,10,29,1,10,0.33614916743467826,0.3185891165557046,7.161339858377074,8.38797701230353,52.153060472582624,1
DEL_3542,244,47.32237393308548,14,50,1,9,0.796808739034092,0.10578118928767184,0.44780766603062044,6.381056297053669,78.87062119593257,1
DEL_3543,499,47.877547512676294,22,51,1,14,0.1361056402830957,0.4115702563316277,23.190587952871933,4.927821193269048,62.03029009857403,1
DEL_3544,495,15.769952894631137,8,20,2,6,0.5083392132808527,0.6591113194798743,9.479089523818665,13.96649372259554,69.29775164491599,1
DEL_3545,235,33.08510390205445,20,45,0,11,0.1978262845109939,0.43024501029834084,2.243289808693541,1.1060717322940492,47.65733761525071,1
DEL_3546,102,26.333431884853592,16,35,0,17,0.881546368112599,0.11892084162283705,0.3195075366367894,23.27177209695242,71.79995798771004,1
DEL_3547,243,44.40583074137477,32,52,2,5,0.293515351939329,0.17035944737944314,0.2651443355393084,17.187785485994098,72.19207042699409,1
DEL_3548,129,17.214388892422395,7,16,1,8,0.9211927604642589,0.46841329268329535,0.5087380965457057,5.600711755046383,56.66658552396522,1
DEL_3549,336,5.166608307458758,2,5,2,15,0.5352068018661116,0.09903956549448928,2.5266987249411486,45.602627157050605,43.329547433557686,1
DEL_3550,378,12.31525426691368,6,17,2,7,0.9632273473489965,0.06046816401351894,3.9490580402553874,21.409890536053616,65.37679478075046,1
DEL_3551,447,20.72852605262291,12,28,2,11,0.2933335597148543,0.095655945660059,4.258208264061224,3.79002668380581,47.21557987374365,1
DEL_3552,214,19.207450839671985,8,24,2,18,0.8165116715589106,0.3542762306009662,15.00031704669728,26.242893707325166,73.77274008574733,1
DEL_3553,203,40.61133136052987,19,48,2,22,0.3782068747372548,0.04671169805028626,4.1474566355285765,1.250620774582214,61.59465651354765,1
DEL_3554,217,35.6252299762477,23,35,0,15,0.13846080092981136,0.2235021076757969,16.810899289423485,14.037628838498275,42.00762337319388,1
DEL_3555,104,18.480034382670375,11,26,1,3,0.12058044582851549,0.014155631624389155,26.003561542743682,1.689691055861063,34.130571192433074,1
DEL_3556,459,25.598471772479602,21,40,2,19,0.8755852132120425,0.5859777078420063,7.286866187214931,44.71880959625746,103.04878098491993,1
DEL_3557,347,9.300159678125084,4,12,2,15,0.29726712730367466,0.6609497765814177,19.006525637877445,0.6117183715649975,56.33176005653235,1
DEL_3558,463,45.416590016904536,26,48,2,6,0.2537870720085714,0.48241353794927516,1.6493694176130864,3.179496096210604,60.792307450869515,1
DEL_3559,420,47.094117100184036,24,56,2,12,0.592791383139545,0.5833921704923587,5.960765819437058,9.063571581125725,82.64260337976536,1
DEL_3560,220,49.09115909214221,17,67,1,22,0.14261499911906125,0.3952211890601723,17.21566595254722,10.52375746874076,59.510710083336235,1
DEL_3561,385,44.084877385362695,14,37,2,11,0.23453127590516962,0.25846347423997357,40.27637091741195,8.63178456994027,68.11961428433028,1
DEL_3562,248,12.828239946330148,9,15,2,0,0.5284008362869657,0.24808684109652257,14.339233550964824,16.169393954052477,46.36168590883674,1
DEL_3563,183,7.078841744073298,0,4,2,10,0.3074993789806011,0.6256662308498392,6.784498530600575,0.018673498136343177,51.06460074020794,1
DEL_3564,330,31.08185273357033,16,48,0,16,0.9679367804438228,0.7439584658006497,5.646392525628832,9.956302652684242,98.27883990387032,1
DEL_3565,387,46.06722620973997,20,47,2,5,0.12419108715155266,0.13338630598429854,7.452599752996082,11.452745145092544,62.1164382828531,1
DEL_3566,260,12.980811274688428,7,20,1,1,0.5601459519747995,0.35743660998064314,15.872109087127662,2.8146222306372426,40.15234239252058,1
DEL_3567,371,5.316931158086383,3,13,1,2,0.16845936213336773,0.3864796137303153,5.939944217512618,12.915286046541326,19.863638908010273,0
DEL_3568,137,41.247322071450995,23,65,0,1,0.20668304809433694,0.418739596903458,9.523116145948208,12.735152677924379,48.54041303933511,1
DEL_3569,325,8.45580579290303,3,9,2,17,0.745053973710275,0.1796741559230288,21.344418929567826,9.064236961830176,54.22068498544192,1
DEL_3570,241,23.616771435951367,12,21,2,23,0.348750274465078,0.23837049210956193,4.072773848333126,3.601739640438306,52.876859791191436,1
DEL_3571,391,35.549930173495326,12,54,1,23,0.508426935818841,0.3233421268899274,18.90867875047969,6.4658338423449955,61.71208064359437,1
DEL_3572,250,15.655891345528106,8,21,1,12,0.23346141049955968,0.5667697164198666,21.498210265679283,3.816814320125925,34.882198936597455,1
DEL_3573,213,8.778315355102702,2,9,2,21,0.17116022062673633,0.5070022666172085,29.890669162970262,17.621760652055716,31.507830674257455,1
DEL_3574,336,39.65095528051229,12,58,2,18,0.9162745941853131,0.2820956434604949,0.36239271758832237,11.566883475264335,83.47940986442424,1
DEL_3575,165,33.35787881991686,14,47,0,20,0.5908275415976547,0.2324465671511139,1.8115356542609415,1.967371981546059,52.78214081194659,1
DEL_3576,460,49.482071801906216,21,55,2,6,0.1055290394119536,0.5111955015519398,46.462340157244974,10.06113471727537,76.71891256299052,1
DEL_3577,440,20.493861499398168,10,22,1,20,0.3519989764389354,0.006316009429894721,2.016372173343349,28.028596036177554,46.99592225372033,1
DEL_3578,357,7.7793073830589865,3,7,2,15,0.434684063031045,0.2539779574220259,10.037640177631165,21.46265640811119,37.23154415318661,1
DEL_3579,348,38.04575159008831,15,38,2,22,0.5033603775336808,0.4378896364728703,2.7399156219417184,26.619449937054444,75.58824498041095,1
DEL_3580,430,28.478003848396053,16,36,1,15,0.4730954143111433,0.267452486416367,25.06076131294302,29.86811946153276,61.57578256926729,1
DEL_3581,422,14.594176912511077,4,18,1,9,0.974050965431592,0.30766704197366984,1.5222417752638535,2.502141984963182,59.119263135102024,1
DEL_3582,279,40.177804505214176,24,50,1,6,0.33093522252759644,0.526161749395291,1.3425834837292099,15.259830702348065,64.22001344839963,1
DEL_3583,289,14.168996863247468,8,23,1,19,0.7019691621148352,0.279503525516189,10.538972770614317,12.406151280701266,59.41362827415595,1
DEL_3584,253,16.729774467482144,8,25,2,15,0.4099276609205246,0.3514622379078934,4.080661534464588,0.4075201625423033,45.41930112522939,1
DEL_3585,295,9.16378494650236,4,7,0,9,0.9171750720102356,0.513131157667115,16.25095582431346,18.072045435714195,55.33179027183417,1
DEL_3586,410,22.97445255638845,17,25,2,13,0.12420740394450527,0.5219657245751084,17.318103436896404,2.786105395687757,42.32552445170721,1
DEL_3587,361,23.85181507718385,12,27,2,21,0.2530140722143186,0.28450414095137383,13.230100236308058,29.868264791500337,57.059600381923886,1
DEL_3588,242,28.15528056567343,13,30,2,8,0.9953616076895488,0.23281406066427335,26.993949463350482,21.641964498500492,86.68977538831555,1
DEL_3589,441,36.90339202056998,20,41,2,3,0.45499826719437975,0.25454274634467705,17.92773588198608,17.578517311136448,75.53273675423024,1
DEL_3590,415,45.77454179061916,21,60,1,11,0.10201299180336851,0.1731057815680914,3.1149013695295364,14.31973976361196,61.79685990780282,1
DEL_3591,200,11.198034449951388,10,17,0,16,0.7565720346861434,0.14244505529859527,1.2247806734533095,7.6203878052885035,56.3343665578153,1
DEL_3592,343,7.445664425689568,4,9,1,7,0.9455252976356601,0.07655799929591217,20.660772573105618,19.184597778436515,47.01714300851093,1
DEL_3593,111,5.833905511744998,3,7,2,3,0.2471554707858363,0.18213707419696223,20.207346856919816,20.52646036446192,31.93480658817914,1
DEL_3594,338,11.462962013096732,3,14,2,7,0.8779814341698807,0.3861462047677827,28.489121193510073,1.2440848610486532,53.60736244302604,1
DEL_3595,148,34.607726860173166,19,39,1,8,0.9565665736004442,0.158975786916067,3.391200360830968,4.824694159861,75.48925057095416,1
DEL_3596,141,37.73646850984235,16,41,1,11,0.5020539038692484,0.23901863162230405,3.7875805503013584,4.569014264353688,63.36754444316334,1
DEL_3597,265,40.392757108765494,18,49,2,15,0.5549950483883958,0.1923536241395381,12.894092795107355,1.5971177588527996,74.47273509597815,1
DEL_3598,181,15.96686953569542,11,25,1,7,0.833702157017447,0.3126076298435501,2.537277633266917,44.65210018551197,76.49215225832666,1
DEL_3599,390,18.765266596768395,9,32,0,14,0.5312988584779188,0.2971604489449737,5.27185309664916,10.513147619721142,49.60073536930983,1
DEL_3600,257,26.741059050447475,11,20,1,16,0.8436530634056677,0.15954290474462984,25.10410242616032,10.693265261387381,70.94236521578989,1
DEL_3601,315,7.843239358710193,6,15,2,12,0.3688779243812562,0.5335230081252564,6.101764607083014,5.784062125636252,48.397400287045784,1
DEL_3602,257,32.50136854450608,23,40,2,13,0.5773153800995424,0.34339145501337126,0.17090068372300293,17.567684054382216,71.39283366136232,1
DEL_3603,233,49.2680765154091,23,54,1,14,0.5738704664291722,0.31132747356180734,15.782787666138693,7.747148090257955,85.30990415106695,1
DEL_3604,166,21.236284012010117,13,25,2,8,0.9908148533208578,0.17086301195977477,2.9874907289829564,16.269058642600676,73.48702053815762,1
DEL_3605,435,38.87813637911228,24,48,2,20,0.20111366103636194,0.5082979707949487,3.26921357001123,25.246389423752326,60.00430546713049,1
DEL_3606,106,27.50152620063236,12,36,2,23,0.203943374455844,0.42138713577089776,0.250016479674251,12.83767764887492,46.46832423386112,1
DEL_3607,113,10.751532996217222,3,11,1,11,0.5505014758619741,0.4317961960813569,12.94238831738448,11.710122352574771,46.52489775610092,1
DEL_3608,172,31.200685196116385,11,36,1,21,0.29895657545042353,0.5383654349213786,12.379762719095003,18.552893213150373,50.43807692711819,1
DEL_3609,498,18.49434207998292,14,12,1,22,0.49872213009818855,0.19696914813065428,1.5211239422499858,8.39024288216585,47.0619269991915,1
DEL_3610,262,6.5481443804056205,0,8,1,18,0.9538714144787581,0.4614900976025653,0.7762005178886752,20.032903964939997,50.58423767060456,1
DEL_3611,165,33.57183785529847,25,40,1,8,0.9940836217153997,0.4752229926024217,10.124778891949353,1.16472511451486,83.85244880525661,1
DEL_3612,446,43.651955719612744,23,64,1,12,0.11313691640080134,0.24700277169496357,22.800158051911836,3.3237057293599657,67.40518726382507,1
DEL_3613,229,20.514639510494337,8,32,2,17,0.9309238071952906,0.06412964066939672,46.10286847072023,31.0186218752736,84.54590210927466,1
DEL_3614,305,22.56329962457467,11,26,1,3,0.5285467528838705,0.26528172124813965,1.1719207333751893,2.2532324384205253,55.129884121715094,1
DEL_3615,375,45.09597573352452,28,47,0,19,0.7863207513065552,0.19684803583565577,18.47386311654242,7.241103462027932,76.55686832791613,1
DEL_3616,355,41.61239660153102,22,51,1,0,0.44506695918645134,0.24118788504411948,3.1876349663496346,7.863789995287492,54.990988558948445,1
DEL_3617,365,37.17287705982997,12,40,2,19,0.7530274143023479,0.16170995263548424,0.5184962153418601,6.485485825760121,68.57466600492299,1
DEL_3618,124,16.195867868891657,5,21,0,2,0.16037919025042444,0.2398845744886154,6.1143676760373635,24.20066851732622,31.23008309516592,1
DEL_3619,380,45.959749473499,28,54,0,10,0.17787278412404442,0.5396190465675585,12.795560883209355,16.622869812616017,61.17564456220075,1
DEL_3620,352,11.948709089264586,7,14,1,1,0.46227680892051193,0.27269674964314305,13.795147407435932,19.941808591879095,41.676031985918264,1
DEL_3621,409,33.20467337377498,19,43,1,5,0.1272852750265965,0.17393313113911343,0.756803516606884,56.927170033294544,53.61699286021401,1
DEL_3622,388,6.2960531245933415,4,7,1,2,0.27094765933439957,0.11733147151354974,39.42413070319794,44.180648804526584,37.16367061896178,1
DEL_3623,263,33.967391284622565,18,50,1,9,0.9368810671089902,0.5336222792377532,0.8420243546434605,26.7191986701335,82.49975204558824,1
DEL_3624,194,17.471495834301194,10,24,0,8,0.7024614736961176,0.10699666518991373,3.673014892421704,10.006408725918044,51.02832786016415,1
DEL_3625,369,25.2354639732674,12,31,0,13,0.5552392759606938,0.352022767004285,8.497841185610856,4.302456319096074,54.031141519007214,1
DEL_3626,420,20.536904842567388,13,21,2,15,0.2547082257372474,0.4585604500269563,43.68530618815764,15.435432013670244,50.89038486950443,1
DEL_3627,209,12.774054031079444,5,16,1,23,0.41831320456854837,0.5814589038165698,71.05049617846781,35.77636755967291,54.70622551966216,1
DEL_3628,435,32.98913555422433,17,44,1,23,0.24337138619237278,0.1670626917568433,0.0052774538794274975,55.53832170975822,60.267730577642766,1
DEL_3629,409,44.68889998132733,16,58,0,17,0.7212122276858333,0.5067394230856898,3.814013710339182,11.398960094321284,80.55680662170444,1
DEL_3630,337,48.158790902708155,23,52,1,21,0.5953476572682146,0.43828866519153925,10.437778615373366,14.479818415027447,79.89812629223562,1
DEL_3631,480,13.655586341926178,6,22,2,3,0.18811607472571698,0.3099628344091254,17.781957570132423,3.9208659338203966,37.5754779596106,1
DEL_3632,486,37.281774832833804,17,52,1,17,0.7148851903759248,0.32561133450910024,16.039280427040325,2.701374097591562,73.23384573670928,1
DEL_3633,489,34.895271497255706,21,49,2,1,0.5209591844573472,0.2847433267070385,4.345478636051552,12.22120208458904,65.221138682012,1
DEL_3634,124,20.452000530855763,9,31,1,9,0.8061833690679607,0.5256901886655819,3.3006057427957,3.0608726517971596,57.92618595607769,1
DEL_3635,240,5.859463970917663,6,6,1,11,0.5889149321899729,0.29524573619973604,0.21565129508226352,6.037182145020932,40.74692820157772,1
DEL_3636,216,36.040606129078974,16,46,2,6,0.13587200772286426,0.007935008452732468,27.75926148808622,8.140889106668702,56.93837316564034,1
DEL_3637,491,47.54726872517751,27,50,2,15,0.1470627963451571,0.3121950959467575,7.141460958448811,32.382439129404816,72.6664026940901,1
DEL_3638,124,33.44540548620431,13,34,1,16,0.8640992039336808,0.4116436514922107,29.964140434485174,45.562256086943535,81.72755695592062,1
DEL_3639,178,24.588172588443534,20,35,0,13,0.39587371573674324,0.28908876532530514,5.8669096292861855,3.405911551279081,54.95639672661643,1
DEL_3640,167,28.631925235023278,14,35,1,23,0.119014591472654,0.14581085808083455,21.160944578736665,1.698517486724319,42.59873409036119,1
DEL_3641,272,13.983296344696289,6,19,1,20,0.17919489800839875,0.4500167032902543,1.0830946191971527,3.056882524984826,32.72960301546996,1
DEL_3642,111,38.77448736891819,26,51,2,23,0.45166773136271765,0.3074979444756846,25.025145127366276,8.779873527736171,75.85813000618856,1
DEL_3643,387,38.5888923504432,22,61,1,17,0.806545622153933,0.013424017821679268,33.24781058633678,18.32955443702099,95.07367059298852,1
DEL_3644,227,11.548278517434122,5,14,0,0,0.1448431017938522,0.5481073340850672,4.61582987247184,8.857502090967293,21.397486387304916,0
DEL_3645,195,44.50902721248466,15,48,2,1,0.5658330925933444,0.03672416603665291,2.294906894989566,32.461066565446046,85.22030345416249,1
DEL_3646,191,17.113538276298737,9,19,0,13,0.22738190251703574,0.43657977085615096,3.275042835913152,12.173984566947901,42.58534773046449,1
DEL_3647,240,49.20152274214767,21,60,1,5,0.5436153232385968,0.2444742821357394,30.349846194001525,7.931747812083195,82.93412004423251,1
DEL_3648,130,22.230635631676062,7,33,1,14,0.5614940852817446,0.25580831352333006,5.057407670725642,17.651400059196167,53.785950011663125,1
DEL_3649,433,13.004782643052483,9,11,1,3,0.345034855293871,0.29525641279906917,3.946881032761812,36.87175784609567,47.022991207232316,1
DEL_3650,119,20.82740501055435,10,23,2,23,0.3059832543708917,0.13585399850320556,57.86519689450186,4.862427260694768,51.224296390359314,1
DEL_3651,245,24.80811479137369,17,28,1,8,0.7469404996969095,0.19541122820497014,16.63044455058951,3.859007203146193,61.811480225815245,1
DEL_3652,415,8.118849786723267,5,10,2,14,0.5036909993842777,0.4051769830818372,26.776976083621243,2.879740702754358,44.87618982745622,1
DEL_3653,489,31.019827155048027,23,34,1,4,0.19829428901321058,0.33181220111788,20.618724868647817,9.205298079011886,53.77303099890868,1
DEL_3654,259,31.893459794100515,20,28,2,5,0.4110622839290873,0.6059818487621313,7.026401010792483,7.578641541387227,89.65560899940026,1
DEL_3655,448,38.25187049072625,14,46,1,10,0.38356702418026256,0.2502987979974192,29.788872862501556,3.4076846239567478,56.94225649924609,1
DEL_3656,142,6.312645153083448,3,12,2,12,0.22444749381490367,0.333561591316961,13.30713559265976,15.347168342684789,33.60912460354509,1
DEL_3657,353,29.355719649522356,8,36,2,11,0.5915235853133013,0.2733147954739053,16.067726412142083,4.238172048581431,64.83246668954918,1
DEL_3658,229,7.380834497179897,4,8,0,6,0.5231620986835873,0.20311078930507015,5.91961494892955,16.95263715676328,29.06497821994116,0
DEL_3659,159,36.551489898499405,15,34,0,19,0.9156273285865082,0.37204143523445593,59.57968657842545,21.907872302321984,90.26879219063508,1
DEL_3660,250,7.507759356544302,5,13,2,11,0.3111262119648358,0.1344109490791864,28.92419418270408,24.134448402496425,47.69195867735992,1
DEL_3661,386,46.02775317537347,22,50,2,9,0.7753581717560761,0.2745993274491759,2.4045460942190915,1.9004295723954474,87.0323228904644,1
DEL_3662,104,36.593715509802344,17,48,0,2,0.5414046296884727,0.12582708164436013,3.4200263652735794,4.382340256328491,64.15882114725873,1
DEL_3663,365,27.83253942883207,14,34,2,1,0.2322477492071526,0.3410042543769393,20.709677395836152,8.912125915048847,46.03650230938889,1
DEL_3664,444,24.867676547652874,9,19,1,19,0.8691538351975163,0.18007368541119992,0.39133720660490956,22.4173264028899,72.10454916816288,1
DEL_3665,229,10.880268368596807,8,16,2,20,0.20003979677026343,0.5037981456063918,6.129687009031424,6.151077359552419,29.087819265455074,0
DEL_3666,481,18.09497253040984,7,24,2,0,0.2219422933233395,0.29110037714950204,11.405933568239162,12.94104525771984,33.78229336634165,1
DEL_3667,366,44.10315972594033,26,57,0,20,0.4330408112131946,0.05524483751348391,3.4395201133503854,7.273803379985848,67.2181557790777,1
DEL_3668,277,45.700376520312226,18,51,0,5,0.18052843665149124,0.1932171672804576,30.97138320630869,0.36074590498867243,44.555530572532874,1
DEL_3669,352,5.033646876673898,1,5,1,12,0.5444011027649927,0.34210996203254185,33.009657037970214,4.56367776226639,39.017851305761155,1
DEL_3670,155,31.736137616489806,13,31,2,9,0.9082109423458994,0.4818190047395339,47.144753657251464,16.96251480999824,92.16735064925774,1
DEL_3671,182,37.36852740613011,17,46,1,12,0.5916587097542768,0.1849504600897739,2.373174298980796,15.725033960530219,62.81559931627619,1
DEL_3672,492,32.84361421059228,20,36,2,21,0.5373215643399841,0.4448384416034755,1.2391124399249196,25.81516259592578,68.33949872172344,1
DEL_3673,198,8.675589418985929,3,12,1,4,0.519828253285117,0.27416260081679916,12.182153940512801,10.783898742505903,41.53583373808946,1
DEL_3674,248,14.7976204459506,12,26,1,7,0.8304406152766769,0.16107109606122572,23.58451152309355,17.451845430565776,62.29246029416223,1
DEL_3675,428,16.26531203216237,7,17,2,20,0.35682082890322653,0.3015273569785397,5.159729878808154,6.437114803113017,35.89437724766909,1
DEL_3676,255,42.427608408729036,21,55,1,10,0.3281789440683338,0.37263359066818763,4.135740628088829,5.16387638974393,61.225249784427206,1
DEL_3677,289,25.84397463390142,18,39,0,18,0.8324444208995676,0.5724144944679586,10.938480236764745,4.983238276800115,71.7117653631799,1
DEL_3678,470,26.907269537355656,18,28,1,18,0.7624218933033204,0.655745975712021,9.868320772061413,2.0785987849027734,92.95424768019522,1
DEL_3679,362,47.070187094952885,18,57,1,3,0.290854487422224,0.06612825402263314,9.79592234897554,6.910455157045489,59.50462289296034,1
DEL_3680,179,33.6688649984622,10,30,1,9,0.884052836961156,0.3680399807033618,7.794892856096748,19.97382401896195,80.51359651421242,1
DEL_3681,499,45.44004656986987,30,42,1,23,0.28469510762433037,0.3107592129578689,19.47741437038949,0.14666183894017407,71.59825981214695,1
DEL_3682,351,25.542898490368984,22,30,2,8,0.8905351068490801,0.31323241687125736,14.305634602371219,10.264868730901014,90.56900285019674,1
DEL_3683,196,11.724631633323241,7,5,2,6,0.4156503732086373,0.29933589939407856,10.036049208114191,2.2777834975766993,38.2901200485976,1
DEL_3684,359,46.84710173333386,23,49,1,17,0.7370143095138513,0.49484818823991783,19.132058656894777,16.359385514063078,92.92741193710083,1
DEL_3685,359,25.64173020503922,14,27,1,8,0.7944654891920588,0.6159260041976836,4.55099607658351,1.8128832364752578,82.91712091573004,1
DEL_3686,202,13.173413984546984,5,15,2,5,0.5738027000273425,0.37932940102505547,33.36170784443474,2.150170786267191,48.78572004016692,1
DEL_3687,139,18.6078083136765,12,22,2,5,0.24128084415500503,0.2388919834209276,7.2717081220344415,0.5225883834480977,43.242153048864516,1
DEL_3688,372,7.286116536002401,5,5,1,12,0.5076972327434407,0.642459065774858,5.9533647112324095,7.015191770765966,45.62466520636098,1
DEL_3689,200,26.073526615537332,16,26,1,21,0.23791906797128334,0.16506229801211203,11.722299147797894,12.514202893006065,51.88971477684592,1
DEL_3690,458,43.390767735960644,24,44,1,16,0.9793966448109441,0.7255112525538703,4.72907598585448,4.089448076923914,118.38865198104688,1
DEL_3691,479,47.01112052030102,23,49,0,14,0.5061512734214765,0.07756033213076806,4.694796656061052,0.5070869448100521,68.9465940699572,1
DEL_3692,407,46.96709933766397,20,52,1,8,0.9011928557738567,0.008655080027363482,1.2161114820888321,32.373599891358566,93.04145895702061,1
DEL_3693,320,10.635351153293604,4,19,1,5,0.29537447065517464,0.3674840692308014,15.83066515596441,23.63789802778657,36.50689031478976,1
DEL_3694,407,22.192424712997564,11,26,1,22,0.3149414867399287,0.35502637448682,36.58129044308117,7.456901565498397,55.6617069469037,1
DEL_3695,223,6.270294184281786,7,9,2,16,0.7036564395518854,0.5928733059309628,17.3402950427326,20.798077624250304,49.534895719280165,1
DEL_3696,330,43.48244052371628,17,59,0,4,0.23134672762453898,0.42170222597655754,12.580831714096675,19.383404097205272,64.63655287926946,1
DEL_3697,277,21.14400929095732,11,30,1,2,0.21863726617726,0.15798760458978703,18.660916771827956,9.896041105288116,50.52014934368056,1
DEL_3698,162,33.40026625515057,19,41,1,15,0.34171960968914017,0.25575096073797926,50.921153636567745,8.979318856373048,68.25911401724628,1
DEL_3699,215,37.170429713477986,18,54,1,1,0.11781668472335174,0.21812468567732837,6.153254905993246,12.633055420761806,56.55901671443668,1
DEL_3700,290,24.343010138441993,18,27,2,19,0.8999830355211667,0.05245534054688858,8.44996736099075,15.367238570891718,61.28055626307443,1
DEL_3701,161,18.789905144760937,12,16,0,2,0.5114220391235926,0.32805247995768216,5.057674144929873,20.631404542393398,50.98925987914943,1
DEL_3702,355,48.29958095521751,27,59,1,8,0.8757602403943519,0.6318586369312262,0.252936490872319,10.253687833204848,112.90122532250221,1
DEL_3703,106,48.401970126073444,17,59,2,18,0.9127592514195275,0.18971842529300062,6.402473648741758,16.456756387279988,98.26671469418685,1
DEL_3704,254,18.024636561350988,4,20,2,13,0.3826951576574704,0.21704330069650873,1.114640385480644,2.464050768404711,41.21953287579482,1
DEL_3705,191,26.583129353500613,14,40,0,13,0.11309039095193055,0.3664037208433883,29.321105560390635,16.450845207635037,49.60797879947728,1
DEL_3706,113,48.777987139701004,35,57,0,16,0.8842578886124846,0.13767585770334784,18.861088627702138,0.7187976486332799,99.60175421911697,1
DEL_3707,328,5.219078344497645,0,6,2,7,0.7993059175092503,0.17584049926030942,5.436761218091018,12.891463413962171,52.66015824525841,1
DEL_3708,185,23.570521177061714,9,23,2,16,0.9056001985914444,0.611310905724985,5.961218862883068,14.958529438713496,83.95515990489668,1
DEL_3709,232,9.52058973564358,2,8,2,16,0.893674864722826,0.1429582352724702,12.645718153395505,41.135714708223134,70.04648465131376,1
DEL_3710,282,27.912108450317117,14,32,2,6,0.4298290427798942,0.2114302358198702,23.99468401744974,6.573659149545508,61.23336197091727,1
DEL_3711,485,6.1101479543219215,2,5,1,8,0.7548836209949268,0.12441068591007784,19.025392504943962,1.4531338666713656,49.55576411405266,1
DEL_3712,161,23.310429412578255,13,20,1,3,0.19392128861142002,0.439705901909009,0.43862286432373654,4.889069311640613,36.6581320445358,1
DEL_3713,318,14.931458365340081,3,23,0,9,0.9974148315297204,0.01351678319576844,23.077427098751095,6.520048280666754,61.76861655504631,1
DEL_3714,345,28.998876310643336,9,35,1,3,0.43809068260825,0.20686869126009416,31.971612897675435,17.63545408567968,53.73693274709583,1
DEL_3715,329,49.81971420953148,26,51,1,20,0.24882736688802484,0.18509157606192286,1.4128439532389772,2.473052496829681,61.53555379171507,1
DEL_3716,178,41.02412473070365,14,48,1,4,0.3546382862862868,0.17233510260518334,22.049035449994115,2.233174355289393,55.52729877665156,1
DEL_3717,248,43.053894123098964,12,45,1,1,0.22743963556910565,0.6218019322795624,4.3498527133153315,2.9782927267529073,67.79454509550901,1
DEL_3718,237,33.586924431158636,13,42,1,14,0.1358407541701642,0.457148959936126,2.862113007679863,3.150965564688283,44.52109727061426,1
DEL_3719,413,6.870193172251636,5,6,2,8,0.783399674038299,0.2572757578019386,11.77487620201262,30.890598239811524,63.769809561009794,1
DEL_3720,475,14.305895421986484,11,13,1,8,0.9891626359485289,0.08818612463896175,12.066943442344213,2.097416666095941,60.3105223475995,1
DEL_3721,488,46.627905040117476,29,45,1,0,0.20692521600006727,0.12105022676396981,9.548011360323157,6.3926651240302945,66.71904143720775,1
DEL_3722,164,21.475090306793806,13,31,1,23,0.4772517066936055,0.16817082131511235,34.81172075964482,6.195911379961208,55.729352633684876,1
DEL_3723,112,9.6636526916358,4,14,0,23,0.43474616808316213,0.4425702076804785,4.148473247530424,1.6377472451875548,24.99799463391998,0
DEL_3724,312,36.608241463979084,9,38,2,11,0.35368518505231905,0.6780397870135771,13.840056514191476,1.3845278844941546,80.65695230387325,1
DEL_3725,341,18.47559757704146,10,15,2,12,0.5857278374045327,0.14119758832049623,7.911115564941451,28.867590507147376,57.151559644380534,1
DEL_3726,312,17.098561080687723,11,24,1,19,0.8170065887819089,0.10472930159822855,31.045813846479493,21.72198453335333,72.84354985836657,1
DEL_3727,280,49.908985500121716,25,50,1,12,0.3815881099125499,0.0601246975366617,2.1375466051009115,32.47760045129842,73.56341099907382,1
DEL_3728,437,43.61625162619944,15,52,1,13,0.37888993741531785,0.35286158783440813,1.2983312976863006,4.577293766740236,73.66830241583381,1
DEL_3729,272,23.357201826552846,9,27,2,9,0.9569962828364564,0.09938599252988481,73.9224237632069,8.971293933017016,95.62592035790871,1
DEL_3730,259,49.111754351742455,24,66,0,16,0.7940563510063524,0.48724069583445845,12.912968516744664,3.544955609774142,79.73320807336883,1
DEL_3731,263,34.255095053864615,16,34,2,16,0.798716384534002,0.11042905556092102,36.44635428643948,5.9690621957552965,81.5827103933639,1
DEL_3732,287,38.39101033458921,14,56,2,13,0.4710284612507104,0.20519278973455868,7.869232240047898,18.967653403835342,70.49463880084309,1
DEL_3733,494,6.418086938699521,4,7,2,16,0.8893045398185306,0.13898190452758946,13.906305200148852,7.761416404931482,54.57501668665818,1
DEL_3734,290,10.47223667066257,8,13,2,18,0.9184880464345099,0.10694186810621488,17.76695753409001,1.3929486357745247,66.50653391452484,1
DEL_3735,407,33.48883069233072,15,44,1,2,0.22655697701180114,0.3292915500578083,64.15200224273396,0.03834070944722164,62.31206755783375,1
DEL_3736,355,45.45607921922677,20,59,1,3,0.19440489727238394,0.33890697992451624,1.7942330150102532,3.2324903745921083,55.3675889386616,1
DEL_3737,282,33.068467673941804,15,48,2,10,0.47960584527097716,0.21629224367045968,1.9992137952259992,2.428450840511092,61.329746369044635,1
DEL_3738,216,11.03112024435463,9,11,2,15,0.5798664691234307,0.2945357379553444,11.109982126414234,18.963553335944745,56.706180818756096,1
DEL_3739,381,10.209202081084609,3,12,2,12,0.15445286249704773,0.20895287951624086,0.8612620584435026,13.181978901620871,24.20680392466544,0
DEL_3740,295,42.98836531208367,26,58,2,17,0.8596254338402409,0.1442415941903323,19.50063734188341,21.864697045718387,102.59951694654447,1
DEL_3741,133,11.268605241856143,7,19,2,10,0.20961724420743336,0.19334246098048494,70.25590751391124,6.511164726120513,43.35189314397076,1
DEL_3742,151,28.410438222681144,12,41,2,10,0.5814555377097343,0.38632095034901365,25.024749453161082,10.514306815108197,73.08131900325408,1
DEL_3743,211,6.670099398303602,2,5,1,8,0.8635872682922692,0.05301158311372414,4.63478760149998,6.482247342136866,45.281088253912465,1
DEL_3744,351,8.630139532602982,1,7,1,22,0.43914397966086793,0.25412007131947106,24.10870535369557,3.0000263146978305,34.5037572542841,1
DEL_3745,181,35.25567204392892,8,36,2,1,0.3525134000650417,0.5576208533992142,14.82793409287979,11.961573931986486,57.30148975994897,1
DEL_3746,331,36.01316346923825,14,38,0,2,0.3687978914654505,0.23234284600255442,1.9076134559558584,5.90392628159041,55.578731447907586,1
DEL_3747,326,20.366123297379907,12,24,1,13,0.2450866264696648,0.381188385226632,12.518039874773912,3.441469977342403,43.39201595018035,1
DEL_3748,332,14.702439435937015,10,15,2,15,0.17727401789078354,0.46087138230655356,34.062895943103726,33.45903292400082,50.547500874406865,1
DEL_3749,320,41.61696218407886,23,48,0,7,0.9142431252318902,0.38760538055588234,5.135726620909536,1.3689646382943423,83.90845265726301,1
DEL_3750,141,14.769645326145065,6,19,1,15,0.33534638044010956,0.27974372522953034,16.142822225084885,17.99607824648829,43.174597117592555,1
DEL_3751,120,29.391218134987085,16,36,1,3,0.2280043453298972,0.12018573113074389,0.6367987996597273,9.569707869898313,43.77639810945794,1
DEL_3752,141,48.569397838830746,26,53,1,8,0.8406752091927413,0.21684607508174789,26.95598004123575,17.27818179584753,92.41018000700693,1
DEL_3753,496,11.65335970380727,9,12,2,3,0.20472961503061812,0.41303131929217396,3.458893871307902,1.1300339859870383,32.274226782700765,1
DEL_3754,212,47.3394320372619,26,46,1,12,0.3443881615518237,0.4427044669505589,14.071345546334442,5.939684617828434,70.3355437307011,1
DEL_3755,204,13.230187388090089,8,16,2,1,0.19511004833942577,0.2866582845164954,11.141158468494591,19.077816867904744,38.37274815944394,1
DEL_3756,291,30.53494436104533,11,49,0,22,0.4798356940636417,0.07841856741469953,11.915421653208059,20.25386892598482,52.31687733007861,1
DEL_3757,116,21.965347038143506,12,13,1,17,0.8592829719037988,0.11240497905243024,4.390153646671962,18.66553442953095,66.56235441597345,1
DEL_3758,219,48.421787067582166,23,60,0,23,0.32084948081203357,0.3880151542884131,12.284466232979916,16.367297533984804,69.9566679576496,1
DEL_3759,492,17.30939130508716,7,23,1,21,0.477440617554316,0.1714054422483948,13.847893344175981,5.670758348170738,52.143607312268216,1
DEL_3760,228,22.984610093858915,7,26,2,4,0.42979818066651887,0.32099690851657575,8.312697168943831,15.11359770263119,52.640846991383484,1
DEL_3761,229,49.228705303493925,30,46,0,16,0.750851876299916,0.09991655306039522,15.046247538681108,1.3907856820262963,76.04990436391354,1
DEL_3762,159,29.141167603481293,12,45,0,20,0.13551400011995576,0.42000940900387795,3.1899887370601485,2.129539299572004,36.64555887487081,1
DEL_3763,147,27.61835520295641,15,37,1,9,0.8440488372729987,0.15441547843707384,10.779906183011484,9.316269269600697,73.06595857671336,1
DEL_3764,128,16.60003196917961,8,16,2,22,0.10396258810341594,0.15868772576338017,18.924112140338867,9.571600863688294,33.16117093618576,1
DEL_3765,196,36.56136021396986,17,39,2,22,0.46729707123303965,0.18827829751637587,6.882891488249617,7.658962003174299,64.23904064231364,1
DEL_3766,109,5.646782829999994,2,4,2,3,0.5727019959259407,0.2055292443272992,7.943663835213963,15.936283689728114,48.360417572239975,1
DEL_3767,341,7.228068336603209,4,9,0,5,0.25333552694517447,0.35254150378955185,2.690560329867943,9.956282408045652,19.646676542159973,0
DEL_3768,413,31.971136421111122,21,37,1,21,0.13772117753471078,0.09580841998224415,14.374244693382197,0.8154995262911207,46.73090845911043,1
DEL_3769,331,20.375355821830436,11,30,1,9,0.8576934591404705,0.11148011936158048,1.9776072969144178,26.185502522555435,63.879574391707465,1
DEL_3770,376,47.899236749043226,32,48,2,16,0.733485044310429,0.3626613589654859,10.42147331418822,11.867349975095568,95.01231890804803,1
DEL_3771,383,45.64358108252536,22,67,2,4,0.3256601411449389,0.11238480391512426,3.5438310550923675,27.096136611312993,75.42222402877063,1
DEL_3772,302,37.116781640451826,14,46,1,6,0.36261954579182554,0.14210922532469092,3.23746378455549,6.735115560460464,52.997744737486926,1
DEL_3773,346,41.81655115075106,16,53,1,4,0.4626651246924687,0.16768505162908215,1.5110610201421482,0.022056514898715254,56.21467766147209,1
DEL_3774,389,35.0299332350462,19,28,1,7,0.7173294456872463,0.24684982976670097,6.633442933764031,17.260485350778218,75.19533043813476,1
DEL_3775,363,10.65119462195723,4,9,1,0,0.3323967910462594,0.28345205390396955,30.30747524224156,10.016909221437052,33.15350575873602,1
DEL_3776,313,39.44945163601412,21,53,2,1,0.4731642177463693,0.4037134542862316,13.92973950740775,0.238215773144711,68.16427187129291,1
DEL_3777,299,14.458638592348088,5,17,1,15,0.1635994651242654,0.30023329847628966,22.65131199989653,10.200777624649746,30.893740925385735,1
DEL_3778,178,19.554928479508852,9,22,1,7,0.8004028064899611,0.34142349797917365,1.8252412371588158,32.0983158379624,69.13082746646239,1
DEL_3779,442,41.86553954460891,24,57,1,20,0.15903961256135332,0.46692282842217847,5.638178468442659,2.809490584194297,59.65936317232052,1
DEL_3780,443,29.14365237770517,11,33,2,14,0.44587059338503965,0.2662604586627937,7.380403874661255,3.971262221492882,57.77434499418261,1
DEL_3781,272,43.697332138253415,18,61,2,22,0.5538226823332558,0.10567422220025754,29.492667938195517,12.581234247950967,89.69265953613939,1
DEL_3782,168,14.586589392946888,1,17,1,10,0.544529067298418,0.34662329581142537,16.37745302749915,20.638685698196667,51.83665842513013,1
DEL_3783,186,32.350029737309924,16,41,0,15,0.26322417473091586,0.06566832687058584,10.114247509008818,12.317762136165705,49.23687766572497,1
DEL_3784,200,8.770593764671773,6,10,0,6,0.21710972024299538,0.3344659693594455,5.360458685307838,13.366054669549262,25.077241047772787,0
DEL_3785,107,33.937744709301334,22,41,1,16,0.7715916248665841,0.07920908337116982,21.403596798972824,4.746722062758341,81.05950182895461,1
DEL_3786,432,39.31403169989906,16,65,1,23,0.24366731073043088,0.34186041933248823,32.8822543748986,0.1209716675078511,64.81184246345246,1
DEL_3787,299,31.321890229042474,13,48,0,2,0.14112287842288204,0.30106628685848463,11.544350662214951,21.980630648974685,50.037229335438774,1
DEL_3788,186,16.98041756744646,12,16,2,14,0.16667206972961193,0.09245672760328943,0.6659653201764368,64.18159787318989,50.15200010570257,1
DEL_3789,142,6.410420098649002,1,8,1,3,0.2072418238067488,0.374679462694853,4.758756767074235,24.156074928299,24.972842799896437,0
DEL_3790,484,10.37519977839286,3,12,0,2,0.10408450137603528,0.3679191405099549,20.544910928789754,6.080071506045259,21.72567810028796,0
DEL_3791,208,33.00363405833118,18,26,0,10,0.12361499845444193,0.15878337348880334,7.355598426435439,5.203079025872542,40.039447068734425,1
DEL_3792,251,47.048909757913115,17,44,1,1,0.4492751384028165,0.07033194363237558,14.749181603633058,38.58697924459179,84.89644530830897,1
DEL_3793,116,14.294048178740288,8,17,0,6,0.4096618762029661,0.4702497988436059,11.151512153044628,53.47369012628347,56.87301610215404,1
DEL_3794,232,38.076176709729445,18,41,1,14,0.57271112390976,0.31780873651120145,35.74343498053859,11.368245551381014,78.8996641242937,1
DEL_3795,247,43.99029784620687,24,64,1,13,0.30087856220902864,0.3959780306109114,5.500916015127055,8.670109384960423,57.091526222751455,1
DEL_3796,376,28.439698030137997,11,37,2,20,0.32216583899159024,0.5650448108456207,8.860440628560383,8.716533179428236,58.348358783232925,1
DEL_3797,331,35.1169608129646,20,41,1,6,0.13386756090985605,0.3786127543859298,1.0045984202789,2.7048531526165958,46.713826186958265,1
DEL_3798,413,41.675689250426665,31,48,2,16,0.7595586269138034,0.3125335547576026,24.518431781794625,15.632258277572129,91.43959690923353,1
DEL_3799,465,16.73038209832671,7,17,2,9,0.721098420554506,0.12547209039839882,5.913916528749705,2.2514022351054335,53.165354000404065,1
DEL_3800,327,18.360305342061935,8,21,1,17,0.7374285967897939,0.15567422654206262,19.19844914385878,2.822881560426302,50.55813147443618,1
DEL_3801,238,5.028238248280528,3,10,1,13,0.48663867885118883,0.3584028329944455,0.045542774078750584,13.456300834898794,39.380770812439074,1
DEL_3802,498,48.33923589040111,18,61,0,5,0.45284003881469326,0.22745223071858717,30.310037599089362,24.416337831473207,79.61812016979471,1
DEL_3803,310,46.289520256835516,22,62,1,21,0.47363120401737346,0.34166176747291377,53.611856427917225,13.156663920530857,75.88155202148356,1
DEL_3804,490,39.405571869174366,15,52,1,18,0.7653715236667974,0.17646720568631233,9.522063408602103,7.730632637867257,78.03976201680443,1
DEL_3805,127,8.558420943949166,3,4,1,9,0.9010077494330044,0.17620410515277496,9.88421069941289,14.258755685083138,47.70403022466778,1
DEL_3806,150,25.137630036477866,7,26,0,16,0.7173643058754172,0.6655077487223429,14.370978425933535,7.28327438369795,79.40544161362455,1
DEL_3807,360,9.585128928719875,3,4,1,18,0.8974722778911222,0.06024139051498146,55.40024926885534,12.743005822412261,57.19634409329691,1
DEL_3808,360,5.716412026825937,2,5,2,19,0.9384157616965623,0.021552371784737175,12.266361307529733,18.189139491041495,48.53084747391202,1
DEL_3809,449,32.728233434566874,15,36,2,16,0.881442384653389,0.14391347434171756,1.1508745845565962,0.17756970479080936,78.34309312598518,1
DEL_3810,451,48.237323768608476,31,57,1,13,0.20880378345864495,0.47529761491235223,12.491974468287609,2.965957698917138,71.1131538552017,1
DEL_3811,107,45.62906105444676,18,58,1,6,0.30265134617262834,0.16298442478002675,8.14630138416839,14.572248370457586,70.59352778727185,1
DEL_3812,419,36.35396667209319,12,47,0,18,0.9415544046583786,0.15720675549114774,21.46054843023182,6.1578028635132185,76.31068115081891,1
DEL_3813,237,9.348826287419215,6,7,0,23,0.544648423545848,0.42042331727658266,5.421835904016617,8.86139920783715,34.528758939752784,1
DEL_3814,137,17.337381695253505,8,31,1,6,0.23413310333950785,0.4933501708664865,38.74738117595532,13.862365543841799,47.88752525616294,1
DEL_3815,210,19.402552709838094,11,19,2,11,0.12576903126495317,0.4124937310387986,24.147266690435785,8.971756047435415,46.74449688574554,1
DEL_3816,467,39.34175259855026,9,54,1,5,0.3122128041990747,0.20547879511257436,5.930500950231969,21.76333584083357,59.19696539231965,1
DEL_3817,319,41.10121306558013,17,52,0,7,0.9417144131644659,0.3212565833389055,6.5077451868260505,5.720180320284112,78.28552859613863,1
DEL_3818,436,22.329775534546418,17,32,2,8,0.7073505654718913,0.04271867639867711,10.941472335354346,14.123168419473494,59.04281467488913,1
DEL_3819,322,23.804779847792435,10,17,1,17,0.8018009749489299,0.07885026462479806,1.5736286700834048,6.648807377816981,60.03571486359328,1
DEL_3820,235,7.00290676742771,5,13,1,9,0.837669070714899,0.5384557076606894,17.573469242812003,9.04259242206435,60.070375866359385,1
DEL_3821,355,18.011152328844243,13,21,1,20,0.38719023743389513,0.22176386328594122,14.091330689081373,1.4489500657381678,47.055120245089924,1
DEL_3822,459,25.307832972993797,17,33,2,15,0.47959484441615874,0.3153279934200147,5.75641570403204,21.36827222450686,69.63629053196814,1
DEL_3823,428,10.264237087336591,1,10,2,16,0.849386065815755,0.23033404266860996,15.243574762657286,4.626913455063531,58.434956959724914,1
DEL_3824,148,25.39703573397596,9,31,1,0,0.4531038739691281,0.1140313941042087,1.551165850057591,4.300781043926816,49.64083363679215,1
DEL_3825,391,43.39291155160102,22,54,1,6,0.10226931119439589,0.3684509397471777,45.56436913583471,1.1154762754628718,57.31169016658869,1
DEL_3826,481,31.1594458876274,17,49,1,21,0.10103921840364441,0.13085736267250794,1.039796215804471,8.47218608168382,42.537116186777816,1
DEL_3827,423,8.551843476728553,4,13,0,8,0.8168962121115522,0.3051212724669021,5.9811980589203255,6.493486491352748,38.46563258621007,1
DEL_3828,177,13.625209347362345,5,16,1,11,0.23210255226043677,0.40418064872715914,52.86742796473744,1.2501707764193948,41.13222887748006,1
DEL_3829,204,26.35449575713503,21,27,2,0,0.24117519797244055,0.4764553725516096,7.621310157771079,16.711242609497152,61.12511120672274,1
DEL_3830,268,21.266921741981545,18,24,2,9,0.8953823698185412,0.2999779999411054,32.52099279127851,0.8246325738055643,82.89374742421501,1
DEL_3831,316,21.142715879574443,9,16,1,9,0.7672827064070116,0.35273036637373795,2.45366319650865,1.8803536870616524,49.707412123203405,1
DEL_3832,477,28.817035166461558,14,44,2,9,0.9486550387141277,0.2231803162702798,1.0360237708535331,7.409748986320716,79.04789421703354,1
DEL_3833,218,31.297816471525582,11,39,1,6,0.15821984912611067,0.14928287612665025,1.7172344376418316,5.313444397219329,34.385225649093506,1
DEL_3834,289,40.8587706624286,23,58,2,23,0.14074383314206826,0.09741476595794395,53.66141536485111,3.867532409687768,65.41054682863142,1
DEL_3835,354,20.34349535581181,8,19,1,14,0.451811592453071,0.2470786758116687,1.3945126226388247,9.959352519728462,38.56436911904345,1
DEL_3836,469,41.245982736826406,24,51,2,9,0.7502208133928459,0.12546809654751423,15.821950351572477,8.915366758890737,95.6525012058717,1
DEL_3837,365,20.237505310068464,11,23,2,15,0.3179051275015158,0.34134765161871816,8.713345256552152,6.796368993804249,45.006239998412624,1
DEL_3838,248,7.494484502355522,1,6,0,15,0.46806303659245185,0.18268946084276239,29.577365233056394,17.962978316261076,28.95379092540127,0
DEL_3839,263,29.938444295215604,15,33,1,19,0.9898972225299032,0.3367069215819771,5.228744418500763,8.273788992466592,73.35880099163626,1
DEL_3840,239,31.455604620266655,13,49,1,0,0.5367930303478703,0.03141286243741674,0.4400772247221695,46.24278010277078,77.77123121465539,1
DEL_3841,446,47.05431105298371,31,60,0,10,0.5320168309095633,0.3125573220271974,20.710657971046185,19.422462229601415,83.00309078335256,1
DEL_3842,357,37.67275967281135,21,42,1,18,0.7612364068404068,0.38897079204656015,13.328615775645039,1.3506273899570391,71.13403830108409,1
DEL_3843,473,46.299769362249776,28,51,1,17,0.7711969737545068,0.563020803741669,8.550756397854187,3.8420036652747642,92.45177249046115,1
DEL_3844,368,45.875624460935434,18,65,1,2,0.4418311612462029,0.09231882709182716,5.851614551941424,9.211271355336084,73.64540938779041,1
DEL_3845,280,32.205834961620894,9,46,1,14,0.5432438426396039,0.43187950267702285,34.45453832622126,7.593396397693123,61.79642908446869,1
DEL_3846,259,28.74929294014014,12,31,1,5,0.1444622836216036,0.5862351081577567,1.948207384494807,0.5774552184329578,37.614236521897844,1
DEL_3847,450,30.084843522361997,16,35,2,9,0.7936122083122998,0.2703736512452574,2.2859898681799264,9.013141874308555,79.48250940820486,1
DEL_3848,499,49.02488634547615,25,61,2,2,0.3148231926204358,0.3789821555354136,0.2241000373383024,11.15726733088243,71.65630397451463,1
DEL_3849,387,39.79254612861315,26,39,2,9,0.9486062845769636,0.09835769643335528,1.1299659143232854,7.469262717266487,93.43378725458679,1
DEL_3850,387,9.781965715657812,2,12,1,15,0.3042663662609967,0.14456419307737628,29.20327478032861,24.13096230625655,39.93364448872691,1
DEL_3851,479,40.029278305163,16,55,2,3,0.5423235671828981,0.1451118861552579,23.672706355975237,9.759118675195074,74.13556661016555,1
DEL_3852,325,12.674212200420165,8,24,1,0,0.21738670219255316,0.07041813985298286,1.6208232972956977,18.526959479658366,30.03589559322808,1
DEL_3853,110,25.130774705253156,10,28,2,21,0.11967206750362522,0.26647801491118217,22.699330464619067,10.606568264239376,34.19807851933945,1
DEL_3854,109,14.470685247944042,6,18,1,17,0.9514384417365923,0.3987513359891439,15.368557309127727,28.80335755273073,66.44376300826222,1
DEL_3855,370,36.03123794899534,23,43,1,3,0.4130841943451765,0.17608768232374528,7.352730032329891,2.8924515872204726,52.58905218544609,1
DEL_3856,372,44.47893812868661,26,59,2,4,0.32004527880865863,0.17986250523286362,1.3194348255095723,21.382683802928497,67.59723749579894,1
DEL_3857,282,18.066284841500643,13,15,2,20,0.5226288452217329,0.02045846864903292,13.832810662501252,7.130285106697598,43.71717266889289,1
DEL_3858,252,8.690483354368443,4,11,1,3,0.5120878531066522,0.04306408078936714,27.45835701065617,14.351075063703934,41.956028540880205,1
DEL_3859,414,18.432189413373347,14,17,0,18,0.7718888876892083,0.3152648218950164,8.189267880983772,10.01946359251511,59.229273744857025,1
DEL_3860,433,35.25628360694875,19,39,1,19,0.8849348868305729,0.11782062706652474,8.284811915506856,1.3829694716127996,71.46379839594208,1
DEL_3861,223,19.794205739950247,11,15,2,18,0.9983404008837264,0.10078722379081471,26.289504433191937,6.884902389348713,80.98419223274661,1
DEL_3862,213,17.515047539921156,11,25,0,2,0.41095140912675754,0.16469294478339802,3.5471042407632787,13.445823175146492,45.97762018283824,1
DEL_3863,377,13.299583576291923,9,18,2,19,0.7004364053526638,0.24787617456989994,2.839623371055927,27.441001900495387,56.47205738983371,1
DEL_3864,312,27.38823920934951,15,34,2,12,0.23209609189923877,0.2135367400620214,17.840211183245117,2.9578570410459504,41.63395103882307,1
DEL_3865,271,17.417697267073443,9,22,2,23,0.3239390581855962,0.4003939076427777,16.026992078539163,5.265451571706418,50.28105908602137,1
DEL_3866,387,37.89546571127674,19,43,2,19,0.8475656905464062,0.29565161289305486,36.4778323224263,5.366847604287386,95.94427559030683,1
DEL_3867,273,8.448008089649122,3,15,2,17,0.8610154595163112,0.1480964968142372,6.102689753818638,8.917208242102102,56.76530605025028,1
DEL_3868,212,34.881486490009294,17,46,1,5,0.3411614259018986,0.17543176773752603,3.3847185410834166,23.853753464904575,61.92575094517085,1
DEL_3869,475,15.690200655549644,15,24,0,23,0.35567870532856394,0.15234011156571023,8.401015779349237,6.0407609420339465,38.03750704457925,1
DEL_3870,221,27.017566747322142,7,37,2,19,0.8432263923956369,0.108400673562188,7.262519336308777,1.9052495646692718,71.95280431974791,1
DEL_3871,131,17.874046491406727,8,21,0,23,0.18715665268799073,0.2693098963354324,41.73229003337966,8.47610223792042,39.493528181451616,1
DEL_3872,321,37.5245904204858,26,40,0,5,0.11467353818202344,0.11401285400204332,37.44370725008673,0.46075252303908604,49.4427923726752,1
DEL_3873,218,47.53881681132365,31,68,0,5,0.11517531094827524,0.32744645122706667,8.383168568640423,5.067492634271209,54.985547639814385,1
DEL_3874,138,46.2684550761416,25,59,1,21,0.27931560365644104,0.22536942209953192,7.978061789551286,8.664294748019088,65.30392162913436,1
DEL_3875,367,31.2541796814841,20,35,1,16,0.7413998160585107,0.13165625309694057,8.83161256156632,8.749812099495836,71.96703522821953,1
DEL_3876,332,25.81746364656403,12,36,0,16,0.9554260111760847,0.09376521877368625,19.689832946125968,20.54558380013879,77.0641395936371,1
DEL_3877,117,41.823522924772185,19,52,1,4,0.19970708636140075,0.24463462630557403,11.979618618314966,19.380636704373266,66.60670443620103,1
DEL_3878,248,35.749686318247846,16,40,2,16,0.800423182178379,0.20729024539059604,5.093567429992854,3.986009415144352,81.51002711165673,1
DEL_3879,496,13.26038513976198,5,20,2,8,0.8988973591416844,0.3321847504155368,21.96251652957055,4.298024062195792,66.2930526289033,1
DEL_3880,248,41.94136461258501,15,55,1,19,0.8777614452189835,0.40784410572913604,35.1244134879621,47.98712783568199,98.38947139919586,1
DEL_3881,225,24.29979752276196,18,19,1,1,0.1308846692871843,0.2214231823284245,18.97484051027245,5.960815000855529,31.478907489806595,1
DEL_3882,491,13.50435469870288,10,10,1,18,0.9297295102754479,0.3528261770784432,3.247217533717007,1.8493495454362199,61.362703150428835,1
DEL_3883,401,17.68088076784216,10,24,2,8,0.8851667288529155,0.38621690643583845,23.53693986984112,12.838153882066504,81.91112699736875,1
DEL_3884,459,17.038716361175403,8,9,1,7,0.9565995558570013,0.09002743757191356,67.58142636988667,3.3488713323509547,70.10925845741168,1
DEL_3885,337,28.364313857155704,17,38,0,18,0.8606490730146883,0.35088176908372654,17.33512874929357,11.097506668156193,76.63792055966783,1
DEL_3886,234,15.546654080504398,7,17,1,12,0.11941645373280982,0.06342233471193322,4.193450908862973,20.663184526325388,23.915587823336352,0
DEL_3887,250,10.560491933070928,5,13,1,23,0.2771571018070168,0.2514059241861089,0.08344580613167238,2.288978704771876,24.641913211962496,0
DEL_3888,335,10.566088277619233,12,17,1,3,0.28164336255480416,0.12318135266731903,7.301904520077053,7.209748717924992,28.242786102133746,0
DEL_3889,323,31.24742887125935,10,36,2,5,0.5114915004653305,0.26151962794916433,9.530253861875952,5.793643268542009,69.92332627585964,1
DEL_3890,302,38.06416799822203,25,39,2,3,0.4676424989735213,0.5456777991691732,36.061705425392276,88.76678619855157,98.393311445037,1
DEL_3891,355,19.468985397725334,10,31,1,10,0.5484718749874169,0.5767293883259172,14.501123890216508,14.922231217575796,55.6359384608901,1
DEL_3892,185,6.559281941630768,5,4,1,20,0.17025876479506022,0.1964520594291609,4.961343033655006,1.031514119557143,21.170922315676645,0
DEL_3893,249,10.725119912165482,0,16,1,9,0.8491589064984923,0.283478582562916,17.651706811482796,3.1145210758175925,61.26804242379851,1
DEL_3894,334,46.16125521516757,21,62,2,15,0.11009523383661049,0.04177534678632377,1.4507895396872137,2.0531618967794785,56.96876084877836,1
DEL_3895,444,27.209464681525386,12,34,0,17,0.7438334081744393,0.2497152126073551,3.6011225231854262,0.1841017380276989,61.12135141280697,1
DEL_3896,121,25.410776432682866,19,25,2,18,0.7768391780832351,0.1500413623705222,20.467443332719583,4.554963235923357,69.32636865043565,1
DEL_3897,447,6.712213023954091,2,7,1,20,0.13465332328940918,0.5568070822392198,5.290880727733135,4.706864130762833,17.926434397035912,0
DEL_3898,384,37.788666004260456,14,41,2,22,0.26232861718312994,0.10830206264187418,0.47455034098588633,3.2144499273313016,66.6917173337736,1
DEL_3899,368,28.76306364194355,19,31,0,11,0.24345620644083807,0.4087437742319689,10.300560802622009,9.665103530779454,45.31946711791146,1
DEL_3900,357,14.093642123893435,7,11,2,13,0.4830006003618713,0.27047588750631363,16.09636280736221,2.9577152356221976,50.49739887431783,1
DEL_3901,128,9.953319208147573,7,9,0,17,0.8828341953314052,0.1570209997032645,23.339899462107027,33.97594426294015,61.53212802698295,1
DEL_3902,312,22.252453863439932,7,21,0,19,0.8830307845201705,0.14011691930475542,5.4799394035115725,15.821933191944467,61.030005417399614,1
DEL_3903,382,42.67228838877615,24,49,2,0,0.49695959344879603,0.15069503511703697,8.289697352592336,1.5531155749515548,78.6995493152508,1
DEL_3904,149,43.938255164046105,21,40,1,12,0.4697690497711826,0.3520711572987778,12.197936943863528,3.7578214342705096,63.33324885395498,1
DEL_3905,194,32.12808711780364,18,43,1,2,0.5679525594332011,0.24528754947718098,1.1640936386611216,48.50423720523297,77.89313317296104,1
DEL_3906,187,37.73913922535642,18,60,2,13,0.10031487519568641,0.21241147254940737,3.3030371424530003,2.6805004442557987,47.25307765222335,1
DEL_3907,143,10.182010433129166,3,9,1,21,0.2769007674623979,0.26742494577416004,6.912783301733115,1.4925791699868816,21.21529124503408,0
DEL_3908,377,31.465672946053466,13,37,2,17,0.8579636722725928,0.24318957624504967,4.662769847017771,3.172550597666918,82.24071635384522,1
DEL_3909,270,35.01345665692318,19,46,1,23,0.11665420543967334,0.6953808851876567,9.405577937358947,15.015135922487177,68.77721499239928,1
DEL_3910,288,14.03207793112065,5,8,0,22,0.5086333030961644,0.4294668754725042,15.778786521493302,8.754569218539956,41.25624489844422,1
DEL_3911,452,44.606962980961654,14,47,1,18,0.7406034448311893,0.1726174931370075,11.6376930954785,0.8394649043369522,57.076058648440075,1
DEL_3912,283,13.774853188445888,8,16,2,0,0.3640411952323894,0.12423985727460395,22.322130878791558,5.388963537293665,41.34937325502001,1
DEL_3913,102,19.106481193090268,10,24,1,14,0.3025094684160927,0.1566223526388024,14.766579068806951,1.087246055552784,37.17065551121066,1
DEL_3914,290,32.92505811605564,15,37,0,15,0.5477078463680879,0.1829460137942884,5.177804118447748,4.121427824811686,52.41283718999775,1
DEL_3915,217,33.725752930882884,13,44,1,9,0.7629977597173699,0.5001213785703503,1.9169736567397064,2.2498764969007756,68.09972908947915,1
DEL_3916,118,36.47231334443153,19,41,1,19,0.7175067417792704,0.22206959973558887,15.311894998152129,2.990376329241079,75.40154810188598,1
DEL_3917,122,10.040527088069256,6,10,2,3,0.5763157259790377,0.38375051720320724,3.572953794251475,18.069734221145215,47.27842020889982,1
DEL_3918,129,43.22589934678499,20,50,1,10,0.132312511713958,0.3225342719918903,5.755524007691264,18.36183115868106,60.54448465260306,1
DEL_3919,394,28.978120952746693,14,44,2,15,0.490306148384382,0.6306142314790151,23.785988164774714,15.819863730134173,88.06282519018838,1
DEL_3920,207,26.209480734728075,11,32,0,4,0.45902986909202215,0.3723997614986553,3.725265747209984,13.986602187352467,54.38834938577229,1
DEL_3921,466,49.14939310310793,25,43,0,18,0.8480167187473414,0.18885287627942754,11.577509656358052,3.3750759931329215,90.45260696968711,1
DEL_3922,380,38.317023362345886,15,37,1,10,0.14528166349155744,0.5111796477837834,1.494395892666055,6.973567751524853,49.234061995739594,1
DEL_3923,227,10.31027119787187,6,11,2,17,0.8595010773666607,0.3656110484848917,8.081677606308727,7.395253677352167,63.86774631144691,1
DEL_3924,328,39.044262525180834,24,50,1,14,0.11441896717757435,0.7456360335611949,58.88961322123357,9.18495242542492,88.28928851429382,1
DEL_3925,210,9.286202028779126,8,14,2,1,0.268851720849436,0.2660409820713516,46.31206350725392,23.284183349866023,53.83296694724295,1
DEL_3926,235,6.236175313084319,5,4,0,23,0.14241325711209238,0.08724116795527613,43.94756735323323,26.338332991514577,29.56781179277109,0
DEL_3927,461,23.16316528714537,13,27,2,12,0.1255880973052653,0.04527051800396208,13.564007050785744,2.92096213015585,41.20735316165523,1
DEL_3928,285,49.71101777686484,34,56,2,22,0.5823605365957243,0.15803943135514012,5.236840051294494,6.787481151875284,79.37002140689866,1
DEL_3929,243,12.869777128768819,9,19,1,11,0.4598341255802687,0.45131101191705775,6.576449981732423,1.922367992525686,41.74429357339751,1
DEL_3930,171,35.26899545870555,16,37,1,13,0.3528449228626449,0.17742005464360588,3.460916660563049,12.535478319674297,58.30332685273531,1
DEL_3931,228,12.802822979275371,7,19,2,0,0.15409453837825385,0.0867896956228809,1.5404270670296945,10.185552935834606,27.502312432152426,0
DEL_3932,463,37.61541387312737,13,44,1,11,0.3630117085119474,0.15125012410668054,2.774207343466,22.831765270465176,58.08558512168046,1
DEL_3933,360,27.740915070702176,13,33,1,12,0.2600261090010454,0.3172204091105921,9.445865535224518,8.779953943262122,39.083796069664004,1
DEL_3934,102,35.598726954021934,11,37,0,2,0.23579363868789402,0.29066873592506576,0.411035861796219,18.229275718121105,49.47315955299628,1
DEL_3935,487,14.129292916140557,6,12,1,2,0.40905177359188083,0.4319871929997333,42.001550269843634,4.59429633266825,40.1249281621068,1
DEL_3936,203,38.55327496342259,19,42,1,0,0.4954626095356579,0.27558276645888974,12.370140791507183,14.219986131011904,72.46146472038949,1
DEL_3937,323,49.8028576830218,22,56,1,10,0.32162940876266466,0.6538350846238606,2.8586982330483366,0.4918798493507405,82.84708930041297,1
DEL_3938,419,34.95427252816819,13,52,1,3,0.346649276831393,0.1839219167228689,8.07656625766829,1.9718065450244011,50.961658653580876,1
DEL_3939,461,27.206599913279497,14,40,1,10,0.4257143858545148,0.7055789300859754,7.080969791512304,7.108097783324806,80.58439893728983,1
DEL_3940,453,46.54282948786692,17,59,1,1,0.162319021327524,0.2132144978000598,27.058978730293656,26.153164919094216,65.22221983778775,1
DEL_3941,109,5.713332900434434,3,9,1,18,0.9734551117260972,0.22293220980781175,1.92593800134431,25.965792196355864,63.384045196155114,1
DEL_3942,483,37.84655836786195,16,46,1,11,0.5184693277386646,0.46281573402652676,8.428380033955325,10.958642235057923,63.10063138723607,1
DEL_3943,401,44.99359325662158,26,56,2,12,0.37052330698153635,0.26435377341036437,18.636031489969056,1.6695981597090275,74.9187350647084,1
DEL_3944,330,7.7753562629430855,2,7,2,16,0.9481294285740592,0.5141641730407784,7.0066516183899745,13.709474011288222,66.17085215871111,1
DEL_3945,318,25.252887668709118,14,39,2,18,0.9508826054343447,0.06506492375579043,6.637990862280404,2.3358583767029977,78.89075365174247,1
DEL_3946,165,14.21237542774995,4,15,0,3,0.1529696409134029,0.3630370184126422,6.242696674770806,5.177986604868148,25.48166113989978,0
DEL_3947,211,30.493317451452352,16,42,1,5,0.48164474878182406,0.24713533165164878,21.53291690147074,4.525809135332738,72.17248538215432,1
DEL_3948,112,34.22943313716472,6,42,2,2,0.2555769459603954,0.45612723032345864,1.9056375512040948,25.898258855948846,56.207803883108674,1
DEL_3949,492,18.618043231793976,13,26,2,10,0.25554732654897716,0.21077232899235432,29.142674183008282,14.193197481070676,55.93189308169951,1
DEL_3950,185,25.699175135514537,14,37,0,21,0.5725244059508022,0.23046875393004504,1.1028401111271335,0.884490198506034,50.57859872367335,1
DEL_3951,333,17.570276837445178,8,24,2,11,0.3109293049190045,0.3501179531650439,5.762985266960981,22.24771319187705,48.579917204058205,1
DEL_3952,189,21.62260240048012,11,35,1,11,0.49478764790974716,0.4062832984748955,7.391007455447631,6.753875822236189,49.47887620293018,1
DEL_3953,413,12.17929805097906,5,7,2,17,0.7587845153181765,0.036388246180245304,7.502951626261533,16.866439218882153,57.5738398169494,1
DEL_3954,153,44.85017496135342,25,54,2,13,0.2580878523246335,0.2339735613156102,3.117809855485845,17.989729161346634,66.76103427128153,1
DEL_3955,111,5.45046847516114,2,4,0,10,0.16189538022367697,0.29780491343443843,13.863287829747955,79.57007278181014,43.48106770132151,1
DEL_3956,308,44.70841338997048,26,61,0,23,0.4988711534654796,0.3029009863647239,9.065294880324974,5.113112518566016,83.8980116841735,1
DEL_3957,113,30.725549525738234,15,46,1,20,0.4812518403441841,0.603512513219009,12.5751332137339,23.980384518062955,85.33501623840931,1
DEL_3958,220,19.924602987965788,12,22,0,16,0.8428587491692913,0.3291884743159245,14.314360167226166,4.055864358778828,55.77183327311573,1
DEL_3959,476,37.53757064571484,21,46,0,21,0.22455794025604767,0.3619849446872579,3.185579686635707,64.95166490383681,76.56911640656261,1
DEL_3960,119,27.848846833819895,9,42,2,15,0.4831186511972151,0.2825910084502888,37.940651315977064,6.3367037422971695,64.09437287629278,1
DEL_3961,174,27.459889614842293,12,35,2,2,0.5918154527463079,0.29220771194935635,26.587684896612338,12.952079787581146,67.45797190337308,1
DEL_3962,499,9.956402731353489,8,11,2,3,0.5218206433096184,0.16551452654994417,26.43922568896887,62.45741392386415,67.34031116842185,1
DEL_3963,342,22.52822116754339,12,33,2,7,0.7088493026019439,0.2391316240888711,11.378212297641834,2.6839862196578808,63.33149863951973,1
DEL_3964,322,15.847895563553148,5,16,1,23,0.5577129704280392,0.376782245104113,25.726464947878746,11.737986164128268,55.848008502565264,1
DEL_3965,169,5.706315751832584,4,8,2,10,0.24261783436378606,0.38777390792257116,14.812168864648216,77.08178821125934,44.027394435119525,1
DEL_3966,411,21.204483385195097,10,26,2,12,0.10482609964692682,0.24404746719216444,8.982696692695363,34.580297518529655,48.546997382844225,1
DEL_3967,310,9.041995824152213,4,11,2,23,0.26048403646032603,0.12475905895303614,20.942782110564693,2.9929379379295398,41.976180062928364,1
DEL_3968,200,16.557351697633337,7,18,1,11,0.5859671592477087,0.5750086383699002,13.742231328238026,1.2473403558310783,34.85734093518465,1
DEL_3969,285,9.16324795323925,2,8,2,4,0.5409851651718094,0.32457788857671,0.03023501903617013,6.663030476794546,48.9641178456706,1
DEL_3970,231,9.542373150037948,6,12,2,15,0.12517812804861014,0.29539570040775837,87.15112714203887,17.29435283451021,49.23912281742467,1
DEL_3971,210,13.955508248683472,6,18,1,0,0.35097921563951573,0.227472031674163,8.42786359268175,18.71123547208194,49.43859072317432,1
DEL_3972,480,49.99321600188801,20,80,1,8,0.9089722704976211,0.21628593335431862,12.719950690556608,11.220422552825523,106.70369668672116,1
DEL_3973,231,5.098286428576195,4,4,2,13,0.494515708706433,0.4261525246419675,7.811520593465605,11.450651645051675,33.219068499504566,1
DEL_3974,119,33.74026862541824,21,39,0,7,0.7998115267416976,0.26067840298532763,1.5854484297434062,1.5429935144209221,78.66574875563362,1
DEL_3975,493,11.35596641119508,4,15,0,2,0.5559725449853115,0.18753961289163756,26.937417906043798,6.9837572993998345,35.128714121857406,1
DEL_3976,123,46.428266151984914,22,45,0,21,0.12722624400528423,0.20512777468811097,17.2117767928213,10.301027950501943,57.085737264734,1
DEL_3977,326,9.213480200013315,8,9,2,6,0.46699823669426443,0.49337588832518076,26.448966002074982,13.8089321986982,36.44091294779137,1
DEL_3978,253,47.97784342068064,18,46,2,3,0.29968288476295113,0.1672515909575488,9.92316210148855,1.155149205926629,70.15312098377218,1
DEL_3979,392,32.49168743675651,19,40,2,14,0.23411320765432805,0.34353975777272694,23.53215456093207,14.07942277113783,64.56135361627076,1
DEL_3980,329,5.057063461197061,3,5,1,11,0.3587245690582407,0.16750742673496088,23.971488657442585,34.01741059071061,47.832193683209724,1
DEL_3981,409,45.230323906256274,23,49,2,22,0.3427433489645787,0.4413176580013243,6.148791219447026,18.51455826449775,77.74778913902342,1
DEL_3982,458,28.477031061511322,12,36,1,8,0.7863788707203666,0.1388430396648577,0.06122241993310275,11.734047989850243,61.36576738630176,1
DEL_3983,301,16.820138089871804,7,20,2,21,0.42442826854093807,0.39025393540622993,29.468934966385355,1.2261961673371122,53.03994030023905,1
DEL_3984,137,39.52756298820336,21,47,2,17,0.919946430699418,0.2213733747214575,3.061758877013547,18.979332620663072,90.20544509383572,1
DEL_3985,359,46.69994992490915,20,43,1,21,0.13856909199883385,0.1344051078521876,30.455569093987545,13.050484031317932,72.88929050530737,1
DEL_3986,287,26.766087041605726,13,34,0,12,0.39770753588714924,0.2691195183514538,14.446761013726242,9.547318193561287,50.70238732084104,1
DEL_3987,156,19.19990634993999,5,27,0,2,0.45536756411828405,0.5696537913720888,15.10729110208317,19.44255127917832,43.00550658450709,1
DEL_3988,119,40.5025305770717,22,40,1,6,0.13794422934968145,0.16867325304358186,4.259701383780471,13.468793460331707,60.28431672171175,1
DEL_3989,372,35.68034740048046,18,42,2,18,0.7501454224443455,0.057682489523962585,7.727728910601051,7.611731901497365,79.540579661634,1
DEL_3990,218,44.99386176876226,17,42,0,7,0.8964212928901104,0.5753972805666092,5.611500811915691,3.207866319868571,86.51744292400541,1
DEL_3991,170,36.163130574253685,19,48,1,10,0.51597199479586,0.21027244116935923,3.1672702810136335,8.422384993393543,60.31585214835826,1
DEL_3992,103,15.958775250479134,6,22,2,4,0.12082368542137947,0.15232923427319803,19.337857848089858,2.0078341001638176,31.96119629880376,1
DEL_3993,320,46.924666239155854,27,63,1,15,0.4487087366437721,0.3528669466627771,1.5112900514133258,0.7450029706475995,78.07438355584485,1
DEL_3994,113,9.717608624269609,4,11,2,2,0.49848828546077883,0.3793639102272562,10.760581466139381,3.1982432668932357,40.17052235084019,1
DEL_3995,102,17.057423754808156,7,26,2,0,0.29841139919372517,0.3947871969707526,11.51833310888432,5.489334753026881,47.785920365422214,1
DEL_3996,315,28.408757347574852,12,34,1,20,0.3714203821137475,0.18043443737861115,46.6457727318826,12.488830635143444,63.1820434174898,1
DEL_3997,328,30.458391173190563,12,43,2,9,0.9632510009152812,0.23972966199871565,30.533332890459967,8.3027545924979,82.93009844239081,1
DEL_3998,435,5.688976398210745,3,6,2,9,0.916847077959311,0.21801149663474795,10.149919788739137,15.942882646638331,60.802288196912485,1
DEL_3999,285,40.1257726619423,25,46,2,15,0.3508097746329846,0.15003412748926645,27.88604496787137,16.04896366808701,75.54200698114506,1
DEL_4000,154,21.27232932914253,10,28,0,10,0.1755691625697711,0.28485360801014414,23.451037375127424,14.693172942225452,34.34321108034181,1
DEL_4001,487,23.288834345096202,10,26,1,18,0.8691637034435457,0.3893050471709392,0.42439407187483497,9.514974066889112,67.95547973227598,1
DEL_4002,475,41.42162949966256,16,57,1,19,0.8435640066176546,0.20075441638127142,38.29208132803217,13.053251638144266,86.59081539549759,1
DEL_4003,353,22.067752627739505,12,16,1,12,0.21912480162933043,0.2527195430929665,17.466703464127725,45.491708052752585,51.66074344940706,1
DEL_4004,123,7.125119442263967,5,9,2,14,0.34194435455301386,0.0717328148152424,16.718946124607406,14.681187712978675,49.000807020118486,1
DEL_4005,261,12.939789671165764,6,15,0,9,0.7473635035806816,0.48406893376556226,18.749281852556145,16.279896818384866,52.131303692518564,1
DEL_4006,257,48.01564275746821,19,62,0,3,0.22113104826461374,0.09894700257764787,3.8187755604361877,4.1300612621017425,53.97748242611009,1
DEL_4007,181,8.168241308113137,5,16,1,18,0.9611712491116187,0.2536478300668143,0.4440956306046458,7.800727650874068,48.20186113624852,1
DEL_4008,258,20.97190404356073,6,19,0,14,0.22709631089616347,0.1879107487552774,3.9564247283171814,6.85553892833457,21.479313652138963,0
DEL_4009,287,27.643062517310504,18,30,0,5,0.1710417268737535,0.3276236936814333,23.740328984071272,5.2336324926963425,36.72598614699153,1
DEL_4010,159,27.197637230235202,13,31,1,21,0.5716609525829882,0.3559743808974923,13.644016109365126,7.384490446756576,57.80900280316407,1
DEL_4011,404,5.178197435546424,2,9,2,16,0.9111180469302278,0.14238634797027977,6.724303758832522,10.936278330395687,44.29891914758474,1
DEL_4012,418,27.552322915587066,10,25,1,12,0.1522981137404004,0.016538224604835287,4.146568182575211,11.744359175205282,38.396869855369424,1
DEL_4013,465,22.269760608983415,10,20,0,19,0.9919038257977251,0.22060799391263403,24.12894123664439,21.95911002855136,64.20878728255857,1
DEL_4014,310,48.74357009635507,16,54,1,16,0.9643840882179269,0.16145151709831268,9.183720378964173,12.816616400078004,91.85028093302185,1
DEL_4015,251,12.162158779722343,3,15,1,14,0.5438982419577836,0.12097748282610436,14.191363441793088,24.42505299557425,47.18522414526829,1
DEL_4016,208,20.936938854177274,8,21,2,6,0.2237354083466034,0.24407796120721537,0.18975868221049538,12.826767655489547,43.38543949640218,1
DEL_4017,175,23.876666829041888,12,33,2,22,0.5033989413263412,0.46110975920313463,8.429994685844678,5.170848241921902,57.932003030383804,1
DEL_4018,129,22.581209169542696,14,28,1,21,0.19959761686391678,0.059277330889740965,0.2333222487719498,11.959309508512456,36.827401999370124,1
DEL_4019,413,34.96238724433381,22,36,2,10,0.37914516412930965,0.02696271002540124,23.227141689827842,15.668505671891594,65.32834478353685,1
DEL_4020,216,14.698078589649597,6,18,2,17,0.9930571376749857,0.6167690610130054,4.30026845050617,13.887146574880134,80.36257287893255,1
DEL_4021,455,14.948219876629633,10,28,0,19,0.7651638216921088,0.2904251326875682,2.7430285091498043,22.758429537678555,62.695320362979764,1
DEL_4022,291,37.814492682538386,21,50,0,18,0.7200000038936802,0.7300132571033586,39.135455153151334,28.31977702559535,111.49929503989416,1
DEL_4023,118,27.513073340518083,16,35,1,7,0.7993449352087088,0.6261591224932286,0.27257646253663287,4.899442090409292,83.9937584899325,1
DEL_4024,272,23.682005422578968,18,27,2,17,0.8466505783277496,0.3694449713432971,3.3063525099472364,0.9864988970892956,71.19125108990359,1
DEL_4025,327,12.614137325476332,9,14,0,9,0.7278029196150062,0.18720395806552406,4.126118022612807,12.819698849074136,47.030522214338994,1
DEL_4026,449,13.438725031047497,8,11,1,17,0.7421978672442873,0.19225224261028756,25.95747717935023,1.4019476886493503,59.510312290864334,1
DEL_4027,282,5.474823656715524,3,6,0,16,0.9915097365935097,0.603212700130882,18.572454355065005,25.84816018031323,72.69901474701479,1
DEL_4028,212,9.114182098776915,3,11,2,8,0.9211901788979102,0.11143941767431531,51.35554333618557,20.72276097629983,60.83650190482638,1
DEL_4029,282,30.057741261060848,25,43,1,2,0.21926398764339608,0.2609362554379671,17.80463248064662,15.001366370856648,60.61161532604255,1
DEL_4030,245,45.13429085037844,29,60,2,14,0.5585182809787526,0.12901661038203383,4.04407535164984,31.272858568159982,84.1544307210113,1
DEL_4031,418,17.922414430875087,3,21,0,23,0.2734440163793397,0.5481331712750691,2.737872964967568,26.183867397249394,39.349471688089416,1
DEL_4032,215,19.748625165325766,8,26,2,22,0.48148405748002254,0.2095464341395855,21.122316174771296,30.757027277950996,56.77361118810546,1
DEL_4033,212,10.202252477518048,6,12,1,11,0.22925967187235877,0.517799794144353,34.674897187216004,15.956468500442213,38.17673259120624,1
DEL_4034,350,22.488392552319624,8,27,2,16,0.8655001602315965,0.34114505621382923,36.400614200015845,5.515059016641262,72.9041794310289,1
DEL_4035,350,6.674976705619812,2,6,2,5,0.11576470787493373,0.10456651512592884,22.116831980961976,0.5870660099564105,23.661397355986846,0
DEL_4036,402,46.29203133178551,27,56,1,23,0.2477589340332861,0.21112358441793228,23.72486787425437,0.7624437176594109,70.72611008979162,1
DEL_4037,412,35.29001066560379,15,37,0,21,0.14644513268746698,0.4941701429125073,16.287030107450164,18.90888132201917,47.99425627101451,1
DEL_4038,217,49.58369642269485,37,65,2,8,0.8739209687692129,0.3918267771123765,19.967272047491903,2.549116099815515,103.94609420086819,1
DEL_4039,400,44.72704232053221,15,51,1,9,0.9849553598001155,0.14615310468593493,1.8503109291524034,4.5066922361942385,84.60142359898288,1
DEL_4040,260,26.28457671641687,15,34,2,2,0.279504086074301,0.20356078280580026,5.98943489851222,10.585762792419505,46.376309660802775,1
DEL_4041,297,28.38582640176696,12,40,0,5,0.5905838840564521,0.12897388253647515,9.190074209478668,1.6862028007023437,54.892549822621994,1
DEL_4042,359,13.575922093273723,11,13,1,12,0.22204527356281187,0.7169672515337752,16.37409146396259,50.66199869419577,70.42703000755886,1
DEL_4043,247,25.79177042778,16,21,0,13,0.49552556298538897,0.2852525237061384,8.111070947848397,20.385966097418013,68.31325456872064,1
DEL_4044,339,45.63625430717652,21,53,1,3,0.3237235706095053,0.36716863471173883,7.050006942500802,10.545361818167489,67.23792532739641,1
DEL_4045,146,7.288404063611951,5,11,1,9,0.7498886951973527,0.27356358176615625,12.437836521641511,28.691597820378092,53.83188511406544,1
DEL_4046,498,43.86005613492394,14,60,2,18,0.7072489783022787,0.07434603175350038,7.52374871983685,8.164448066585551,77.77608106965435,1
DEL_4047,297,20.342651073917438,8,24,2,15,0.41670194751413725,0.45985025407255675,1.1295989959816028,27.270131937212653,52.198903595275205,1
DEL_4048,146,45.478074429333944,17,54,2,23,0.26683906443621375,0.4523419833028507,52.30958368329188,20.983033720100288,79.60240372638985,1
DEL_4049,177,47.33959578536681,16,59,0,6,0.5064593798141359,0.20388240984620487,39.08823806502696,0.17020118143434104,66.70091648214286,1
DEL_4050,223,35.18891991508576,16,50,2,22,0.5842324243440884,0.1270274018970216,0.5968499308051065,19.119137495343793,78.22014391271203,1
DEL_4051,174,34.8990703966705,17,36,1,4,0.21356578240966992,0.07132835341004436,11.299406373823933,18.385814068545663,53.342316160246085,1
DEL_4052,458,25.373945196893303,8,26,0,11,0.1643351929158595,0.1662955749197868,18.71228712098806,4.5818115336927905,36.82226729623294,1
DEL_4053,236,42.59931010446684,28,47,1,14,0.25775890060125306,0.3800506549561921,14.118853350283135,8.151919252462498,60.94755076446662,1
DEL_4054,189,48.27257412949774,23,51,2,0,0.3335558835277427,0.27954454423016234,6.540101231877953,1.7847140126369687,72.27513642029525,1
DEL_4055,499,39.87868101526036,23,63,2,21,0.2504834079746252,0.120627433576007,24.38924632963948,13.18028989933436,71.83128100796581,1
DEL_4056,424,32.98715301905192,19,41,1,5,0.5852334030273992,0.5110219146873506,14.307831699608137,13.46477481733146,75.91460219353203,1
DEL_4057,160,32.30568031196016,8,20,1,18,0.8080750698018467,0.055906310799951286,4.095455127869574,47.8531408561404,76.85325286207474,1
DEL_4058,237,43.2261455712648,19,54,1,4,0.5830703665211379,0.0641194060348118,14.171615397250548,15.394168650463147,71.37486134633555,1
DEL_4059,149,29.354169459708427,17,36,1,8,0.9202921181650335,0.23669241928032672,4.816954825778142,7.1163225452996635,74.07219356300673,1
DEL_4060,358,41.17369488119702,17,41,0,6,0.2523374304991446,0.2293050643233648,13.589532114304497,2.3854087621091895,42.15070522614704,1
DEL_4061,206,27.89983648284106,16,37,1,23,0.30368126384410354,0.15621511665786045,21.679103808339164,18.59792931041986,57.91039757789989,1
DEL_4062,212,7.809992373826586,3,12,1,8,0.9370951164173469,0.30665175721477556,5.404738803186325,5.239673666160432,59.878559857023106,1
DEL_4063,449,22.277615400686987,9,26,2,21,0.47077760155879766,0.09152402192339903,4.980189869512182,34.52998871324539,62.21318341204378,1
DEL_4064,353,24.999843095217443,17,24,0,15,0.5405509375481584,0.4497690060407397,19.457913088582018,3.893619997084266,53.84645798497719,1
DEL_4065,217,11.372776024397774,6,12,1,4,0.3315899376895005,0.20780740201401388,10.650434646770046,2.626878123385383,34.19469515110601,1
DEL_4066,297,9.612334813514575,6,13,1,9,0.7785112210684285,0.4061031564644351,2.2414378109182125,11.62474530355646,46.05123067382147,1
DEL_4067,436,29.095922734562937,14,34,1,20,0.2594232871777308,0.18036458839807548,11.834811436965992,29.670693702472608,51.20721191709614,1
DEL_4068,464,8.831463645023696,5,11,2,20,0.448474129182197,0.28215204825967943,16.32439324392737,1.8247781604315858,43.491240261100934,1
DEL_4069,150,18.63253255505378,7,20,2,14,0.3837790169957481,0.11926585045134767,10.138916179985978,0.5066648992043795,43.202573939153254,1
DEL_4070,344,38.50686391833842,23,48,1,14,0.3432470654886286,0.39513569669918586,14.678926153017386,41.075813078587515,84.88117321671618,1
DEL_4071,134,48.39944808055913,22,67,1,12,0.20138703938808702,0.11801226986722178,6.808514025697746,1.7642459307603198,70.76954047049526,1
DEL_4072,401,37.304176124836786,18,59,2,19,0.9112829597169932,0.27264601349726,31.533155784190704,11.22322617696937,91.8033923297134,1
DEL_4073,168,49.66814968037916,32,56,2,17,0.9069702868001619,0.3104413710220345,4.115850875856051,2.664197340203619,96.32212683807036,1
DEL_4074,448,36.42520870757312,16,49,0,22,0.1703193008696148,0.33559415166756146,4.955613877480993,2.2024861785066383,37.670514011784825,1
DEL_4075,419,18.22075117944474,5,25,2,6,0.2836942273010683,0.37058630064055803,22.285743794926397,2.0358791278136423,39.228304353104235,1
DEL_4076,148,35.24236432274128,19,35,2,7,0.9671924229182103,0.17240960306873848,0.8939957347020953,14.853261282352346,86.16861647932521,1
DEL_4077,173,36.59705443386068,24,40,1,7,0.79882148243814,0.3151556700038148,65.58731838168302,17.10650836244846,94.9176634177131,1
DEL_4078,291,21.727714307740726,8,21,2,10,0.2988979193688692,0.2592887346767257,14.873913630924175,1.5312760940625423,43.84694671289414,1
DEL_4079,360,5.797123277422505,3,9,0,23,0.4594159487802647,0.1285330240569217,24.710591280487794,1.7620915204825776,40.26922090707288,1
DEL_4080,455,36.64399031489691,21,48,1,8,0.8854764913377063,0.12595536448989297,13.154025999528853,32.67750868136187,95.93295397555559,1
DEL_4081,169,5.976504287399373,4,8,1,5,0.3357051695629709,0.0842369482187132,23.149834935135907,10.665854257372564,35.312700367836854,1
DEL_4082,189,33.4034635127032,22,47,1,19,0.9015660242783915,0.7322282155077862,8.54270902061476,18.240399318679682,109.93912770580407,1
DEL_4083,359,12.362741993414978,10,7,2,1,0.14230919261737948,0.5270019165702595,12.89661745532646,1.0078391981395813,20.922805280138586,0
DEL_4084,225,30.45215874866195,20,35,1,4,0.3324435790014828,0.1004804796149473,16.26728866723553,0.646028169144773,42.25693367985348,1
DEL_4085,330,27.676086142127,15,46,0,21,0.18568434553528437,0.31510824065381166,34.83087898230913,6.0541025190693105,46.64589116918434,1
DEL_4086,394,5.608113903778216,2,9,1,22,0.22911214094510432,0.3869908682092089,0.5308729879658105,9.723033886533718,27.28344557223656,0
DEL_4087,228,21.328961764779656,6,28,2,21,0.353504364755038,0.08335587216138428,1.7296493776751019,5.592135848711099,42.859837549026764,1
DEL_4088,379,32.04910253283362,19,41,0,3,0.5868544899664108,0.1481581254989927,17.599041221206466,14.99737396046429,67.15201475140645,1
DEL_4089,412,43.18729483544509,17,57,1,19,0.7894703114350708,0.0941035432077767,6.332206966444044,13.285160392314074,87.04104236295643,1
DEL_4090,199,44.98889512264328,21,51,1,14,0.23981089907841238,0.1019348432825647,16.98552947954144,7.105614144755643,68.46509852562548,1
DEL_4091,425,26.77324865149505,19,28,2,6,0.29120302628768824,0.12137246378041809,3.8764609466028808,0.9929938586814558,48.66417190641836,1
DEL_4092,396,37.779011928474716,18,38,1,0,0.3030665761604886,0.017321293373966786,14.843370195060906,10.862025580623389,57.786521155445335,1
DEL_4093,281,19.240455944005596,8,26,1,18,0.7705871214785017,0.32066701393447034,9.75462555896156,3.322943629233792,55.72469538268523,1
DEL_4094,273,20.398388259139587,8,23,1,17,0.9397190642774023,0.31435495021611176,1.967330240897802,5.849957580052873,59.97798659628506,1
DEL_4095,415,13.750858363204118,4,20,1,1,0.17419736174368225,0.3846361547983339,39.76663898803605,0.17402997417379854,33.622607751397986,1
DEL_4096,463,30.287664949695767,7,36,1,22,0.3608320688684584,0.07901512225618369,23.567546084639563,8.835366210777977,47.048966855172715,1
DEL_4097,287,19.155386791731438,8,19,2,20,0.4370930433698541,0.25536527802684594,22.785385983502636,14.407396418472167,60.39347801006318,1
DEL_4098,156,8.796690339732727,6,6,2,12,0.3953603423054133,0.25295295927826544,17.906628163060876,10.338705307567166,40.591635279099016,1
DEL_4099,130,35.82527389984304,7,47,2,13,0.5888835927266742,0.4963321653946205,0.3236913068133731,16.711438604197788,68.40156281675303,1
DEL_4100,183,36.848894342242914,14,52,1,2,0.16293728612882594,0.641894342686104,10.536521597841904,89.33962621828886,87.15309515906729,1
DEL_4101,251,21.199658845057602,10,24,0,15,0.5932372031513776,0.06696378948755864,20.852164548557433,12.01459763467804,45.599155376199995,1
DEL_4102,135,8.452552975521026,2,10,0,13,0.333336966943946,0.27175408421883196,3.6645314084352707,2.9981503707022323,27.40441158775758,0
DEL_4103,312,24.183397283154168,13,28,1,14,0.20931639388856885,0.2676971185759805,14.327923299690612,10.19175477115633,62.4373382013025,1
DEL_4104,463,24.905095612259696,16,29,2,2,0.5716404130028786,0.1619874107086906,39.77849380949793,3.3736348081590277,71.93882939673938,1
DEL_4105,205,35.090189820405186,14,46,2,1,0.3343066550722963,0.19394671351190543,20.971363533048603,4.809347142848821,61.39961904274092,1
DEL_4106,441,19.193737606640756,10,26,2,2,0.2736734776052602,0.41091752886975386,11.8991241819576,5.207189102471685,41.40275069974515,1
DEL_4107,319,35.716967590158745,13,43,1,8,0.7676837036425384,0.32971376544192965,5.5643097575720875,8.807269090464777,66.66558187470646,1
DEL_4108,490,44.216984379082476,21,65,2,7,0.9990372096898159,0.19006097738476374,15.181225344626572,8.90129267612389,93.37122767668436,1
DEL_4109,262,15.686871906298993,15,15,1,18,0.8078180247779182,0.1530571935385433,18.79764426431544,13.206827552043386,65.04317254635684,1
DEL_4110,319,49.05138002539549,19,49,2,19,0.8546208551977719,0.1059907532853549,15.232143301883674,6.909161631699508,93.60032389820114,1
DEL_4111,369,22.386566171156314,12,38,1,20,0.5889029618798025,0.20595664855451415,21.123113376620065,2.494556095368516,54.46025001736291,1
DEL_4112,219,17.02664083161778,6,19,1,19,0.873789703823842,0.1897559976180329,4.9118861868938,8.103384234242593,58.351935303888816,1
DEL_4113,493,23.968003212963072,11,29,0,14,0.21570923279428098,0.12466413968830345,10.633391063542568,19.103208617293646,40.85212904902445,1
DEL_4114,435,9.247886415673662,4,8,2,11,0.19168209145092366,0.07039644348155415,11.933400445941519,14.561217648713129,23.962892663302462,0
DEL_4115,499,10.656765793045205,7,12,1,13,0.3059272526369985,0.2903140298475168,1.4127647771050542,1.4697663208185163,34.21075887978464,1
DEL_4116,281,23.649532113574914,9,26,1,17,0.8327835132502188,0.37862379135103713,2.913685337769062,35.555742655384385,78.35467139673109,1
DEL_4117,205,39.3100034872595,21,41,2,1,0.4484689819135266,0.24134909891947876,5.492713287063583,4.380436353847005,68.8046009735777,1
DEL_4118,316,45.51405078085209,17,36,1,20,0.21988586768198923,0.3337025163671308,0.7340117385703744,10.595963835162687,65.41844941244184,1
DEL_4119,304,34.91680958223219,15,48,1,10,0.5176984224989346,0.19849308939664168,3.9908346122020117,0.3911214769032512,64.2294947874013,1
DEL_4120,169,9.734879985717637,6,15,1,23,0.5170056292440834,0.1102587803137959,11.077085366368467,28.825775767082234,55.6974315360675,1
DEL_4121,143,35.240889298124074,13,39,0,0,0.24276318702403307,0.24120692790351603,11.704939921750832,13.807899848939678,47.18483889855483,1
DEL_4122,428,33.59425643163374,16,43,0,18,0.7873743324629705,0.21907712885754108,4.3037788288269265,3.8764802201603867,71.96178179464145,1
DEL_4123,400,41.25937632319991,29,44,0,13,0.5287729379897267,0.33038526030227644,43.917801801679666,13.798836058568973,79.41766703396009,1
DEL_4124,327,42.13618999934814,17,61,1,8,0.9706331859314421,0.2365505332581964,9.4431958268007,4.15301159614487,84.76870371976311,1
DEL_4125,283,44.06913841005405,20,46,0,2,0.2831662054320274,0.17735662224986304,15.211707538897357,3.6088149056491465,60.46717281738233,1
DEL_4126,206,23.635918156059425,13,33,1,13,0.3204835933563396,0.2114357215204132,0.46249308842544995,7.108432885068892,50.29592756974799,1
DEL_4127,183,36.40389779084649,22,37,0,19,0.9192086280840948,0.2569762005929262,7.641951857587809,10.997441279018961,78.54614716151482,1
DEL_4128,437,17.071266151503984,11,18,2,2,0.24665873199840707,0.5746666056789239,11.716840807632659,2.8187436701516857,40.32600560658231,1
DEL_4129,349,49.970132599257695,17,58,2,22,0.26723116718809703,0.4842869992425778,5.615042142509503,16.299718759573953,77.51618207261406,1
DEL_4130,462,12.890040861958697,3,18,2,3,0.18039216812892536,0.7317125453961378,2.8197591871075236,10.354460256444344,49.24217686819474,1
DEL_4131,120,5.455149424737612,2,7,2,1,0.29952620150650133,0.33100284746998604,3.3686655849241522,0.0898574500031586,24.50140401337081,0
DEL_4132,295,11.69639215331792,5,18,2,1,0.14325756612474297,0.6393679914466254,9.425851731367194,9.565460726322186,49.70513454047269,1
DEL_4133,277,39.9142530294857,26,63,2,14,0.2605172204945557,0.35430841903165117,1.1049567982483004,6.55566968700871,66.52705091013196,1
DEL_4134,106,25.105265442869516,10,26,2,22,0.28673969047392855,0.19018622745330732,4.007626234573216,13.280689737495774,43.29933839697142,1
DEL_4135,169,25.137511151469273,8,34,1,20,0.22773956621206606,0.0952657550933762,19.069803006912423,27.36776244622598,44.38261893841763,1
DEL_4136,226,47.976031382525086,25,66,2,20,0.15067905956749408,0.2434494025120524,3.6261089439554457,3.6562998646093208,71.23305414382655,1
DEL_4137,498,46.383570861263344,20,52,1,12,0.36083362128077756,0.21947100965467223,1.8653455817590041,13.438529755106096,65.49948771064668,1
DEL_4138,259,19.003763201180412,7,21,1,19,0.8283140473590025,0.743435596459126,1.3121729365354629,1.973804483053204,69.66728690077186,1
DEL_4139,347,14.407615795138977,4,18,2,10,0.26782237290023525,0.07383280150872126,67.28182977862417,1.0737681178794198,47.80462122917866,1
DEL_4140,302,43.18169944701829,21,32,2,13,0.21840078571006935,0.17928053741461525,1.3630366516013868,32.228740204383385,70.38013062023495,1
DEL_4141,247,45.77085819699634,26,59,1,16,0.7039699499412255,0.3532516609203748,8.524132545478281,23.79120839105516,93.51694172792946,1
DEL_4142,242,29.371861525931912,18,35,1,21,0.5309435906521184,0.5170866672651244,10.733106128502099,8.35152777563359,71.23070949634014,1
DEL_4143,298,33.32406700026952,15,35,1,14,0.3639037948038988,0.5285151945179134,50.1054603537872,1.786489020375507,59.61801762731805,1
DEL_4144,253,16.561142811153204,9,15,2,13,0.1653951756353874,0.4888438699671547,33.25977462875023,3.667266707434047,38.258159358448744,1
DEL_4145,475,41.03612095903361,17,39,2,18,0.8102723161413945,0.3028033568602427,4.070808736006877,10.054724242183202,86.39209797293914,1
DEL_4146,483,33.44550928020604,12,40,1,1,0.17718446661672474,0.06720693393322622,1.327570413079437,12.66140449099515,47.101292979280224,1
DEL_4147,241,27.658108008409847,12,24,2,3,0.13012220147111833,0.10734220272012687,8.641855548192533,14.077751920996285,44.8824172719178,1
DEL_4148,412,7.704885023527812,6,7,0,7,0.8604490809105193,0.12305942564888951,1.5956571107705555,16.53104200236718,48.295150502494565,1
DEL_4149,264,46.21707331300192,30,59,1,11,0.18404508975838293,0.3895785418710941,30.731415508726087,2.826709962207513,71.74374384200834,1
DEL_4150,413,32.69531391729827,13,41,2,12,0.4024987371873341,0.22868592918001868,18.24953614894152,4.216034170682249,65.32037023483747,1
DEL_4151,120,13.671099261183558,5,15,1,22,0.34228320367002096,0.36094451456910326,43.17896374865725,0.1524415976836267,40.58253388450897,1
DEL_4152,181,32.287375264237376,28,39,1,17,0.9475437137223426,0.1417126787845854,12.640448503382656,0.9223835068890875,76.00409967401391,1
DEL_4153,168,35.4858509407988,19,36,1,16,0.9154199532265925,0.0523448676992051,6.798376365010135,4.443902630573069,80.92912822914602,1
DEL_4154,230,28.65966515074515,12,33,2,12,0.30950296760469387,0.6345125191990967,10.416648100496674,2.4662551267732136,60.71179795904162,1
DEL_4155,186,37.31457820802101,14,39,1,11,0.3631093452188715,0.17088566785011006,2.629183975833572,8.140064524191907,53.18128733241289,1
DEL_4156,317,31.16542765678809,10,46,1,6,0.31724305654388896,0.8153377741329991,9.328125357432635,22.658843530903276,78.24146471865232,1
DEL_4157,404,47.64963119144667,23,43,1,15,0.11854344695701977,0.4786147327818881,99.77024650168762,15.404313378362588,75.50047530763297,1
DEL_4158,470,7.4163685369688075,4,15,1,13,0.44034955649812,0.0917682746999081,17.592256171287634,16.857528552099197,44.213023915082985,1
DEL_4159,444,9.781056881130223,4,10,2,4,0.5810651631072277,0.387291681598942,0.9657828671226956,11.003089254748769,41.60599611945292,1
DEL_4160,440,12.815223662945293,4,11,2,10,0.31101677851802323,0.049018125883940895,19.401210588944483,14.465156644083454,48.414803449486016,1
DEL_4161,483,36.05769817719495,18,39,0,23,0.3118664918840234,0.182357597376326,1.5914238545733341,2.381437123367421,43.32088570372728,1
DEL_4162,495,34.051814273741385,16,42,2,20,0.12288443931862328,0.6342531863639317,7.430303426688496,9.647946220675403,76.63972938108016,1
DEL_4163,260,45.14264870943623,34,50,2,20,0.5451895423433741,0.43724501403834365,23.144240291045982,10.144201063125255,99.74236266531972,1
DEL_4164,277,37.979485379775426,26,46,1,7,0.9286696224233464,0.24641523513020322,2.0560340810752766,11.889278467598434,81.2238647176339,1
DEL_4165,216,27.87599694040665,15,40,2,8,0.9504830532225474,0.06188438996184891,5.19542579361797,18.13034692215927,81.91027669021071,1
DEL_4166,295,49.63243066086336,24,54,1,17,0.9496507419703979,0.27261083307030665,3.2585820538315216,34.58934212529337,101.53303046008955,1
DEL_4167,482,16.974858027618463,14,23,0,7,0.9354134136098586,0.22254262609147193,30.61437150205679,14.925888289622566,70.22277376796323,1
DEL_4168,426,42.49362469034543,19,53,2,6,0.11197783169752043,0.3085778424829315,2.401061742441853,30.69984579158858,65.18645521542447,1
DEL_4169,185,24.205566748726373,9,34,0,7,0.8565850659349978,0.2308650348650679,11.511119566695887,9.579955421869409,63.44064367819837,1
DEL_4170,388,34.19308124940804,12,40,2,14,0.3503118270506973,0.2866698944208664,4.830270750504127,4.09874223248582,58.73224408786824,1
DEL_4171,180,37.72708117035953,18,52,1,18,0.8028897720126138,0.03647451465146294,10.61653505181108,12.89395686208484,77.28791917709326,1
DEL_4172,251,33.518933923565136,13,34,0,3,0.47542960672698553,0.3534750968188404,2.7473820577970285,47.51956632879457,66.00389781598832,1
DEL_4173,160,11.322828639886698,10,12,1,6,0.49854844824994293,0.4967540436756793,21.25603386655924,14.842478518156245,51.303133384143806,1
DEL_4174,160,24.932795483656975,15,28,0,20,0.5339504747786873,0.35570036212198947,15.454975452469641,41.690621854488555,65.76214200426865,1
DEL_4175,453,30.264727006990597,11,43,2,22,0.3380354602463629,0.5455389865885186,0.6659607092789317,0.27177153099506374,60.22381231128065,1
DEL_4176,127,43.20696916303685,34,49,0,21,0.4901261767585857,0.0643514588919197,44.22277041076666,3.586709172217588,74.00622189950943,1
DEL_4177,142,24.964058695935755,11,38,2,3,0.13401654720271947,0.12065492618213675,33.52019375147512,3.835921835697193,55.011939816920275,1
DEL_4178,268,46.34362871619132,19,58,0,14,0.32227321137526943,0.2249064790418837,5.302579026974784,6.678223945577005,66.84800803688506,1
DEL_4179,185,24.81684003613448,13,24,2,1,0.11506633743482056,0.2256434642031311,5.1771343826640726,0.3752726781739354,36.847618903595816,1
DEL_4180,276,29.695093666835525,12,38,2,11,0.5576575326592971,0.2996160344062633,10.372561302185012,29.476308983595924,71.8894545250567,1
DEL_4181,116,40.83285573242605,23,46,1,5,0.5792068909764604,0.05121298411464518,14.479028269247776,14.734116449207631,69.52528422900807,1
DEL_4182,197,31.238045798996463,12,30,2,5,0.1419695301440814,0.14713622199465884,5.159256574942105,1.0521685536194165,41.972061806600315,1
DEL_4183,297,48.20981325722711,21,61,1,13,0.36631332220388024,0.046992708051404,23.797014046982984,2.3040585733306487,69.40430530001946,1
DEL_4184,197,34.71511237313574,17,41,1,5,0.2625698031684346,0.3566666608877396,1.2262109648791157,11.089048337144018,54.14799098276049,1
DEL_4185,164,28.521925433042046,11,29,0,0,0.271267142331439,0.3542086120192485,7.608382284472254,28.697342046190535,41.16394089120993,1
DEL_4186,429,6.061638550135814,3,8,1,5,0.3253500306877424,0.1672829022612673,12.172513753232462,1.100308825064701,22.374846318614793,0
DEL_4187,440,23.61798039111484,16,38,0,17,0.815958571535533,0.1426798942026759,24.11773620634673,6.8151767996487695,64.05032349739777,1
DEL_4188,104,18.466178866707217,14,14,2,20,0.19038509939195633,0.15024282003440673,30.81447961529265,2.677923075084342,37.31171614497927,1
DEL_4189,101,38.66475505493702,22,37,2,15,0.3886843300639724,0.3423064117139738,4.203786694937044,2.3863836485410426,60.85644617133013,1
DEL_4190,121,14.37249538190956,5,27,1,22,0.10937795471874415,0.5086818860421982,4.137572000083259,15.715834912353817,38.99763895393811,1
DEL_4191,211,14.234903928233232,7,16,2,0,0.39990051100710033,0.1663392178869737,6.889266118713131,21.018384884979376,44.33943187666645,1
DEL_4192,156,13.528356945681955,4,16,0,20,0.2594585938933347,0.37284400810797813,8.36759435883775,30.481730904106463,39.469992269330795,1
DEL_4193,165,10.652702592030618,5,13,1,18,0.784607519469073,0.09997377253183061,28.297965842847912,13.823616514022731,58.07316169360783,1
DEL_4194,429,18.995315165189933,11,23,2,17,0.7876325351836896,0.2684031031745985,0.11399930793291117,0.8148309573656749,63.885798785993394,1
DEL_4195,197,44.866495149954126,22,45,1,1,0.454045600356086,0.38973767625396233,17.325838235728437,5.30058101502865,69.16595744272314,1
DEL_4196,243,39.87178125376797,23,37,2,18,0.7582370208715064,0.26612968191496517,3.728051036328868,6.991234428389206,75.71384202784056,1
DEL_4197,467,38.086304733805704,19,54,0,16,0.8375281151558246,0.1200454994918919,32.10725082731728,3.873708914565241,89.06277559827626,1
DEL_4198,224,40.88015625424832,16,48,2,17,0.9959104513717016,0.4811826963981045,5.726541598334349,9.314915723004791,86.90180852682938,1
DEL_4199,266,17.123805019830726,15,16,2,21,0.3168261234546119,0.41802044632120827,11.568448838415405,3.1774971862924524,46.52852545229064,1
DEL_4200,185,44.93487608386195,25,63,1,23,0.2794326026621048,0.1547747039431496,5.985584445309629,27.56269398486198,75.2268276095515,1
DEL_4201,175,11.178651881372197,5,18,1,3,0.5369276794886371,0.0772074149089676,8.308119251285678,1.8586880818082099,30.783227796090188,1
DEL_4202,443,20.135557702201186,8,24,0,17,0.97182928408353,0.5540498203618042,11.079416875899973,6.662595557830848,55.889898249105414,1
DEL_4203,393,31.40366535353043,12,28,1,4,0.3673866808380598,0.11590270045257522,20.647380491660904,1.6003143020231227,54.614607371465276,1
DEL_4204,158,9.630728975390028,5,9,1,11,0.20512860689296217,0.39344517723096933,1.9304023503175989,5.322726633230069,26.2941677794086,0
DEL_4205,237,37.85585844993912,22,41,1,14,0.2840763957268816,0.06003234107169058,6.513223427346124,7.958079855461786,58.51742202788867,1
DEL_4206,198,22.426072169156374,11,26,2,14,0.199888535935164,0.7382308752627902,15.309653865639426,9.686503454548056,71.3581569665795,1
DEL_4207,291,40.298254952378,16,45,0,2,0.11891137977435387,0.5936286108967046,13.33013500317066,4.832384607485526,46.11531575174624,1
DEL_4208,342,27.180332851307124,10,40,1,20,0.3082560669842783,0.2705228074554613,22.768645448284047,19.905694674732285,50.50613990363459,1
DEL_4209,418,13.139353599140136,8,22,1,2,0.49460151059754476,0.11936559857009346,32.9834248561658,8.693548331239427,52.467552876358425,1
DEL_4210,148,38.0642815109905,19,56,0,10,0.5759772163134455,0.11252640514034506,1.4819572983262326,58.58301771541795,73.02597195688043,1
DEL_4211,131,16.34647801275246,10,16,2,19,0.780235699460857,0.19306032298178502,18.768149454272297,1.5821865035911697,58.77715992936731,1
DEL_4212,490,27.086463557061926,16,28,2,20,0.29441854617636076,0.0851736911701553,5.011255487210727,2.4333994837228956,55.302442194475,1
DEL_4213,376,8.398997112060842,1,11,1,13,0.48492763677365114,0.36308877222431346,9.84895585745459,19.42141527359197,42.960676787902685,1
DEL_4214,119,32.80399944854165,8,30,2,6,0.35261199171461044,0.20192893435445813,14.823801564129111,9.696385780156781,58.74497208336695,1
DEL_4215,253,34.96359947973248,20,61,2,17,0.8072047417506361,0.2542428694172839,2.4485563983270713,5.355884282101446,93.62144405276,1
DEL_4216,482,22.04033944877526,13,32,2,5,0.18954484627648735,0.41952932015946903,6.383248269375641,6.340740361966973,45.75101999109214,1
DEL_4217,167,47.949025114448325,26,60,1,21,0.49806499216852873,0.2583092770057305,55.997094182026316,9.955522296277172,87.86677742248087,1
DEL_4218,465,44.33760146669308,23,41,2,5,0.3502128952585083,0.164234961544772,2.1978957349813153,1.0761922807379187,73.87029740976563,1
DEL_4219,471,36.857341208299765,19,46,2,22,0.5819018706555315,0.27045725960812333,1.3051616776205823,17.384515486052358,78.67188621294578,1
DEL_4220,313,37.11434335221842,14,49,1,10,0.50095480017436,0.1189318343868367,27.191525510801025,7.155223642568684,67.91832763721209,1
DEL_4221,242,16.358077172396804,8,20,0,2,0.31000805957113853,0.6243166972772324,8.448510074176712,6.382838312659201,53.8857951334994,1
DEL_4222,475,34.55668539898021,19,43,1,20,0.4704250204337286,0.13030779833031536,16.849335445778294,17.80388307470701,71.11461835172426,1
DEL_4223,331,13.919281935598384,9,18,1,13,0.3266957464260355,0.2353283088210127,5.473510731429613,10.10514513103815,35.1864036665775,1
DEL_4224,312,11.480145076391995,8,14,2,11,0.13993286420713233,0.1310154373850581,3.3177960888169746,16.836557484823626,28.57209789314814,0
DEL_4225,178,49.97605523911611,31,61,2,13,0.35834052577910935,0.09692508059701788,3.5829090530768437,31.67955719263936,86.39635245782372,1
DEL_4226,313,33.00691691629284,19,34,1,14,0.5328643097670748,0.2340450915068533,3.264674275815099,34.98915597738097,82.68460323895371,1
DEL_4227,215,24.394454269573572,10,28,0,22,0.5277206592585082,0.16899016375262518,4.254789002826548,6.730060265837739,57.51824772875302,1
DEL_4228,191,17.967403529777812,9,21,1,8,0.9004770137881783,0.5813452806227114,3.750408137960274,0.8645908354647136,57.09309236351177,1
DEL_4229,369,32.17641996480023,18,38,1,18,0.8950479553775241,0.10722914724715116,25.205771008857834,0.15084269404132364,76.59560183760637,1
DEL_4230,480,7.231707869903875,5,8,1,11,0.1050503011551859,0.48573977681317293,11.43082707165413,14.658778413593211,24.884614011791484,0
DEL_4231,267,9.260644572715778,4,14,2,6,0.25570488946975634,0.39943652525674617,5.27535831085205,1.0207547288943604,29.60133397353835,0
DEL_4232,157,6.478551398317835,2,7,2,16,0.8883351439718807,0.13954210881490264,6.348084301193262,5.935406325189701,62.87887763402952,1
DEL_4233,383,27.46264249681978,15,39,2,13,0.46324551664649716,0.20798190193554753,47.47937099138253,13.02588093181333,71.00280911077607,1
DEL_4234,125,32.027298313423216,12,28,2,14,0.45879428191253147,0.30976684656922004,3.0477210221115465,77.14088658820141,78.37137828723552,1
DEL_4235,468,7.811589261101938,3,7,2,13,0.4805416951658805,0.190289555169814,32.67291218849424,3.028797153615595,37.707555834543264,1
DEL_4236,165,37.45510103745124,16,40,2,22,0.41005669167097214,0.4087482188094577,20.02283964994612,0.11707945767272467,74.70600655550169,1
DEL_4237,347,15.367778218155397,7,20,2,18,0.865072585909034,0.07588671719547489,14.257506604270539,0.5055274490119006,62.60345905963341,1
DEL_4238,353,35.83406541964398,20,32,2,18,0.9398829814795276,0.062181160951856024,14.676183044833973,3.0324950556594894,87.69559227426525,1
DEL_4239,486,49.18537130158605,29,56,2,13,0.32196699683484353,0.23500354104741286,8.247133080708426,59.5530332701115,96.39144509083035,1
DEL_4240,143,36.099764152423305,22,44,1,22,0.5354242277185993,0.27478470434565044,8.66652348173103,0.9630752052437486,66.69761687534577,1
DEL_4241,196,44.74368738156238,24,51,2,7,0.7327560906983216,0.4235953370687105,23.850517866525863,16.600318400929044,91.8932643185752,1
DEL_4242,141,47.66893280343803,20,56,0,12,0.5201458920338609,0.27523247713593574,24.979249309406743,1.9492484197204227,70.85206700014392,1
DEL_4243,326,26.903797175854198,14,30,0,3,0.5188672128124685,0.22659182105461517,12.699989190147098,2.734312678299238,54.205337972278755,1
DEL_4244,361,36.60462407388681,21,50,1,11,0.48544909967075556,0.49878814117697085,21.953636836223794,1.07816488941142,72.11460868512235,1
DEL_4245,266,43.338616410012875,20,58,1,0,0.1188211999317231,0.19275128152031623,24.915252179876497,3.106983690849929,46.42875717096605,1
DEL_4246,378,21.047401079347374,12,29,1,4,0.1739861222018099,0.10631971343140441,6.05450046040147,1.4731134083412885,36.34087669487318,1
DEL_4247,188,16.762879245217768,9,21,2,3,0.2573525710932575,0.26846443564279376,14.646929559821006,0.21080922499302157,42.599397198415964,1
DEL_4248,478,47.596935775025244,21,71,1,15,0.5237666711297408,0.434024962350732,8.585045322646643,19.232244334714327,87.8754919578688,1
DEL_4249,277,37.68365751659681,25,50,2,18,0.8278833124858003,0.2610404218709978,1.548908431052443,2.5359571358473723,90.5118641636454,1
DEL_4250,296,14.885696001912184,8,13,2,19,0.8814373134217401,0.06610475180184651,15.681717798626153,1.5150232194889228,66.64269745423847,1
DEL_4251,406,25.208752670425103,14,30,2,18,0.8551735577923054,0.39501585206410644,13.282205490558386,3.812756264230429,76.77971558413199,1
DEL_4252,366,40.84032962920142,22,47,0,2,0.5251921023190353,0.19789997528430947,1.6237654409135756,16.81807079876787,76.02792539187371,1
DEL_4253,367,29.617834591329895,13,21,2,15,0.22484662451761914,0.34912456601636493,1.1016767753542855,3.05544167819268,57.467487123857616,1
DEL_4254,173,34.247844417465004,21,48,0,6,0.5880016532985659,0.4534549788958796,4.307919672080696,9.368151866588594,61.892387575949414,1
DEL_4255,107,38.91956909202736,20,41,1,4,0.34465188328801366,0.5413963134137915,26.883782848594677,2.9360036932418376,67.08524851016546,1
DEL_4256,396,32.99041349640413,15,35,1,20,0.568656344699205,0.2031867313972051,0.9869185411853091,5.874467511486866,54.18774604764703,1
DEL_4257,263,29.30356948649881,17,22,2,19,0.8253581045514049,0.5264729005824215,9.253026690415,8.84105775862211,80.61899002851506,1
DEL_4258,184,38.732642797449806,26,43,2,23,0.261899463543815,0.27763178686613965,2.9591499830392434,17.01686447975667,65.18112154139497,1
DEL_4259,171,37.74033659444903,25,48,2,0,0.2812050876044264,0.0311924315154044,4.38646146028953,3.970269649087019,71.90450746868267,1
DEL_4260,154,33.34425800824305,21,34,1,10,0.5421502912653365,0.18345502962335397,22.040177224671094,7.09745512712693,66.3452065690101,1
DEL_4261,492,21.190523602186833,13,35,1,20,0.2653446931441663,0.3363612450269371,28.517371632200216,12.35724596591208,46.058250228946235,1
DEL_4262,146,23.26154414901222,11,28,2,16,0.7519874044901339,0.14021055289903117,13.022815071130097,3.8629640384392756,62.97376849079697,1
DEL_4263,498,48.669734699784385,26,58,0,11,0.3349213410622923,0.4316858859721502,29.84332983129216,2.982099874913338,73.69573371384442,1
DEL_4264,337,10.057366953118663,7,11,1,17,0.9033040047228678,0.2932607201730231,29.160364117039638,10.097208742356,61.178131016295154,1
DEL_4265,203,17.08272127637759,6,21,0,1,0.1796817360355705,0.19002182626438205,3.7561615722208477,36.537668747748036,36.9557149397063,1
DEL_4266,309,27.158079164195108,12,42,1,21,0.31432841505092113,0.4412293367952197,15.535304715985065,28.905754853379236,53.030163454530474,1
DEL_4267,141,42.65283587647036,25,45,1,9,0.9395792944217707,0.22587275171491614,22.598378591234248,11.006365020819084,94.20963090180847,1
DEL_4268,415,12.365404867837753,1,14,1,18,0.957508551044778,0.2339521615054444,12.350692029118921,6.578068908378638,60.31791596049267,1
DEL_4269,367,17.462957815607446,11,19,2,15,0.30144959566903873,0.6244283228591375,24.581340382293728,10.01135217391894,78.5340269081837,1
DEL_4270,485,7.960919800785754,3,7,2,7,0.8262243107083623,0.1907342527732154,14.866490195713956,19.433589088978632,51.91120736729979,1
DEL_4271,362,36.76933697228683,20,42,2,1,0.5249190548833765,0.26248954895832,5.020703586712485,1.169327494658269,70.0521876435155,1
DEL_4272,435,15.719424596402726,8,13,2,4,0.28775739143321943,0.14067929613974808,17.356161378106478,18.234538552293223,41.04283588129633,1
DEL_4273,486,22.490363780192773,9,17,2,3,0.3468153704752319,0.3569505770323443,13.300975099139476,12.876019279601206,49.93107125744892,1
DEL_4274,464,24.966565116335055,12,25,2,20,0.3037566677417892,0.19844675818226482,14.71046080120042,3.760805520613884,51.88026739311185,1
DEL_4275,358,45.10912710229051,19,48,0,3,0.3443263392249831,0.21757786423562253,1.5026137537988677,25.05352515634796,69.58574371513421,1
DEL_4276,382,23.509863064905655,11,32,1,0,0.10816259883405041,0.2476553207539645,2.015584469785289,0.9997565276320606,32.47453280255899,1
DEL_4277,213,11.535125896186209,2,15,2,14,0.5077297646539874,0.11375094486661012,25.282911472825948,30.11290428978404,58.46487980714396,1
DEL_4278,462,28.594172225305446,11,43,2,12,0.2661540059730718,0.4468790309977294,8.465263136266463,5.890767616693134,59.15951162231955,1
DEL_4279,139,48.33310975918833,32,57,0,16,0.810064093109732,0.13525000303616716,3.636372645762557,19.948854257349744,85.68509853639009,1
DEL_4280,319,32.34585384728649,23,39,1,5,0.13244339769056587,0.6188087587859074,1.4588318622081677,2.0133054327676536,56.60770266743276,1
DEL_4281,228,49.252424920725765,23,62,2,23,0.36191262624904563,0.26266597013125126,4.5755525722486,10.058953683111762,70.1896845065121,1
DEL_4282,107,42.84982890224916,20,57,2,22,0.5543959860353687,0.1613349059310327,5.247542987994606,0.4082305219592632,71.12482924303573,1
DEL_4283,200,6.618459029603576,7,11,1,19,0.7184181071136521,0.25955594071018623,61.08653467644376,3.9209331514523917,55.6947020453776,1
DEL_4284,479,34.62798179196688,21,33,2,12,0.1986295050420153,0.19202778716831942,26.98221738870789,21.239247083975766,66.36252118073547,1
DEL_4285,275,17.904509490104765,8,21,1,20,0.14954057855754863,0.2535784076710386,1.2255885840398226,7.269419419897759,24.13117225894177,0
DEL_4286,206,30.182758504012572,15,32,1,23,0.5295439817440463,0.02917327292084354,20.701693432931396,12.928107279046873,70.38630355816888,1
DEL_4287,200,17.570533591905196,5,16,1,21,0.21940311367980872,0.1317573964583272,12.44929452338741,19.754509783057607,45.32414894930723,1
DEL_4288,359,20.69916874723807,14,31,2,23,0.5875355557493256,0.6122888213451614,3.890804198731968,9.068718293950042,77.45322938263442,1
DEL_4289,465,46.542592028938074,23,54,2,21,0.22391139166395388,0.08776869412161396,20.590437917949107,10.57761277235808,64.99135377742743,1
DEL_4290,345,14.298943320126739,8,16,1,23,0.3404954978713999,0.3796680729104371,0.45965153729258723,17.446797792705105,42.84083620643632,1
DEL_4291,374,44.33491031116237,21,38,1,11,0.32899706589958344,0.34078635359772924,19.725280375284527,1.5400668383022824,63.486307673910716,1
DEL_4292,131,6.370601363172357,1,10,1,11,0.1310048096832537,0.18531629083924883,33.84811897498534,0.8908950595121856,18.622613444996585,0
DEL_4293,236,9.089444226634177,6,6,1,19,0.7346655344541352,0.41271985595028005,32.13412754264372,11.671886672333564,61.71604461074628,1
DEL_4294,111,43.46037686229186,31,43,1,9,0.8703197945624148,0.07095810736738274,22.1985740045534,44.29748007248389,99.75593235776914,1
DEL_4295,494,33.37502139091379,20,56,2,1,0.4710678316456093,0.6455047769671063,40.93851583152639,12.419241037786994,103.05753324570581,1
DEL_4296,401,38.62562621177976,15,44,0,14,0.3612958781554646,0.5810020701272116,18.43051960839214,14.65335058103214,56.02634417358398,1
DEL_4297,474,14.42379518698344,9,17,2,18,0.94019505917811,0.3401310680852146,17.410254596854827,12.894686889523058,74.4808351839926,1
DEL_4298,115,29.168755501554656,11,40,1,20,0.47604875092195864,0.4077084798936141,0.39814421269366235,11.16760069484419,52.23931254622418,1
DEL_4299,228,38.17486506070871,21,38,2,3,0.19698715604361047,0.3410810515198084,2.870821329343093,2.642097036753067,60.9012469010962,1
DEL_4300,162,33.22913616546181,9,52,2,20,0.3008008409492534,0.38142556070206246,22.809644428315192,22.011624200529013,61.38911913590711,1
DEL_4301,208,26.226444510104425,12,17,1,13,0.17129092560435535,0.2225012822765377,89.88838507118498,10.307955151003604,63.40350798575969,1
DEL_4302,474,48.19027038969716,22,58,0,0,0.16671182688546074,0.1774598104186648,19.090852110750298,46.00116963171455,72.27706660595368,1
DEL_4303,120,35.42708000540504,17,58,1,0,0.4560636773116058,0.16537806436135763,13.006426129268366,0.8590084343028358,56.944111695527866,1
DEL_4304,257,45.848786010855704,24,47,2,17,0.727938247935362,0.32023636195095406,3.039442512214149,4.254138094626709,84.10072509500648,1
DEL_4305,368,37.83967302081565,21,42,0,14,0.4004749042390513,0.06710378432804524,44.322411987111124,1.255816664214365,62.39160034999617,1
DEL_4306,261,38.09585878689574,14,45,1,10,0.46609214163629453,0.1288938352177496,15.735885590768671,23.521500160995217,61.602908915141384,1
DEL_4307,359,8.60082213909557,5,7,2,17,0.854504748793141,0.12448539502481172,10.071910020371908,20.436450121989477,65.85218397531976,1
DEL_4308,201,21.17590798342746,15,28,2,23,0.30068097932632787,0.18830202372923296,29.641044795331634,17.796700942597855,60.444773527754904,1
DEL_4309,322,43.62662330238463,24,54,1,9,0.9232234315792487,0.10486634133442062,45.95440587199421,13.621036671218462,91.93851196056228,1
DEL_4310,158,15.467173796694018,3,11,2,3,0.1483144907091806,0.5339682200540803,6.958768129457653,1.3526106742017394,31.87963208127615,1
DEL_4311,346,10.197763977040978,3,12,1,13,0.5165270405976286,0.24545795693149705,10.878400156343487,6.249481695600893,33.12130367463006,1
DEL_4312,227,19.674772548745704,15,16,1,21,0.271724812094438,0.3810867904042716,1.8342428092081684,14.629399772335162,39.84225400858947,1
DEL_4313,382,14.919704820167627,8,15,1,17,0.8363173824279297,0.603073806435088,48.22886636833926,5.371236921538964,79.16542851797071,1
DEL_4314,424,46.63796876569198,33,55,1,0,0.5977824509284079,0.009129788174611844,1.9290258286009778,15.183432143774937,82.92459624183078,1
DEL_4315,124,44.058498890095905,21,39,2,6,0.33768122268865775,0.3969197712379587,39.68203294586745,4.032283589575235,69.68167689554991,1
DEL_4316,230,27.48574536273069,12,23,1,3,0.20752422464454942,0.37773634100566167,3.180008141230083,9.41099615437696,46.575052501060455,1
DEL_4317,452,7.760474351774061,3,6,0,3,0.20821669939092394,0.3147780264387909,35.916398715476966,5.253381802269192,27.458630817048636,0
DEL_4318,295,37.155305574192035,23,52,2,17,0.9106321278687064,0.09268797067060057,9.030584765424708,30.53597381879253,100.04836371561015,1
DEL_4319,380,33.053527910131905,14,34,0,8,0.7465070369341256,0.26682168596067574,13.449732827052726,7.0091670724974104,61.83879363399532,1
DEL_4320,253,48.674960182782314,25,54,2,1,0.24671567004601366,0.3524127442251348,0.5440502359944566,4.053826709930981,71.26389606213927,1
DEL_4321,481,30.152895812166964,14,34,1,4,0.1863628812680412,0.10476843809385288,7.5227051737822315,0.7044026146784146,43.04851125470854,1
DEL_4322,232,20.137717553130923,10,25,0,5,0.4568480169077608,0.30202940596316297,10.200307619321077,1.886221608132765,40.8432574563015,1
DEL_4323,326,28.35597621103501,11,34,1,2,0.25456832070706703,0.12407140491224072,0.1421001458065124,9.986334093957737,46.99111277009093,1
DEL_4324,288,49.066848113203235,24,61,0,18,0.9113375577206181,0.5720725460699735,16.21998493767166,14.493482134665555,93.97201368725952,1
DEL_4325,364,36.336309463986375,18,51,1,21,0.3089131069176695,0.07464261129491984,27.385519300852625,37.04573011503724,78.13482299512756,1
DEL_4326,471,35.2389262067173,15,35,0,20,0.26707636483988506,0.6943655654273299,0.3763830087319739,10.899966420699037,70.75826790667173,1
DEL_4327,233,15.830671537664841,9,21,1,4,0.3447147977694799,0.38966823884076107,10.174930903763368,13.701998092847536,47.763653983215235,1
DEL_4328,310,38.4621132902278,19,49,0,20,0.25689661968609856,0.29405490340193824,0.5147008691093462,11.60498786743149,49.63518166319419,1
DEL_4329,159,38.76223232622973,23,40,0,8,0.8340543749146342,0.44549569626601393,30.988278022136058,27.932267755473504,95.81920318523105,1
DEL_4330,476,19.27800426991574,10,28,1,23,0.13652015221256206,0.28199871877021787,2.629873516145752,4.3220019406558645,31.51301711116019,1
DEL_4331,494,26.767122457582094,13,33,2,19,0.7864421266940053,0.537773451284582,0.9046082362168165,11.09249769087809,77.63694467788274,1
DEL_4332,463,18.25714998232052,9,21,0,5,0.3031965136917597,0.47898441103834904,29.24704525857579,38.56179040418726,50.93410732697228,1
DEL_4333,463,16.6417281645929,6,22,1,4,0.1864218174944912,0.09470673343726728,8.818508148247139,0.08584593612201949,31.94553709429317,1
DEL_4334,312,6.165323161226832,2,5,0,5,0.4718632275114375,0.08744155550997555,1.5040856715363031,3.7926342974841427,26.072075276059692,0
DEL_4335,315,17.834528509399945,13,24,2,14,0.2767169553615729,0.06757905004494046,15.658408372843805,17.064779558540376,60.311653353109875,1
DEL_4336,325,29.92864774452237,14,37,2,10,0.23071885608104695,0.16577596568120964,18.34221798405504,7.616647371519749,63.75760191548444,1
DEL_4337,230,5.0720534397062975,1,8,0,23,0.2796907316014148,0.30752975683904066,12.601570433103907,2.212584035716138,20.256844130282158,0
DEL_4338,175,17.744858771435034,16,34,2,21,0.20974196565501305,0.2865577803514284,6.054894783887423,10.173789724978938,47.55739305390097,1
DEL_4339,385,44.66346495454625,18,59,2,21,0.24982623949992264,0.22801254489212675,8.287374486067128,8.685004821233862,63.70772905370359,1
DEL_4340,376,31.71418632983124,16,41,1,17,0.9105119752349671,0.39282608384675516,46.46342672362217,7.264270989594673,80.12846965637793,1
DEL_4341,255,32.35382708364412,12,43,0,22,0.5320162729792105,0.3406781885573975,11.465191047865606,5.01795818397025,54.20298335534358,1
DEL_4342,347,23.151393726185894,11,28,0,18,0.8059847657724161,0.12871494330774527,7.589043838042732,0.6476084737382871,56.6019596895207,1
DEL_4343,317,35.4412464571585,12,26,2,11,0.26033588862206514,0.33439229546823784,18.474885567187943,11.119829021014933,60.74985971909937,1
DEL_4344,289,13.546974480366162,4,17,1,11,0.4908949393224533,0.8155941885669004,1.1882024633225574,8.739248344175989,74.34335462082825,1
DEL_4345,262,41.84360646728862,24,55,0,6,0.11121319177897807,0.10223774844956593,5.142169332058818,10.564124718791929,42.21504754052063,1
DEL_4346,279,10.251010397115492,5,8,2,15,0.2510381627059117,0.22131676972074732,3.851914806042403,0.02931797204564736,24.04289396332834,0
DEL_4347,133,34.520060959389916,18,44,1,11,0.32608540927211693,0.46570144055506835,17.09636867159422,1.0356352670862101,59.2425517635999,1
DEL_4348,140,20.35171966188574,11,24,2,20,0.4003308384245543,0.5768023258995156,13.891812444500054,2.202704983781908,42.51027413741815,1
DEL_4349,406,38.63808367621146,26,51,2,3,0.17803076488934685,0.36592365210416616,21.371564309937167,7.140027532997831,72.36565226764047,1
DEL_4350,437,29.7394048069709,15,40,2,9,0.7140972492970639,0.11146270605641766,8.34708662606235,19.796815258468357,81.29518464335075,1
DEL_4351,413,25.35588673154223,10,28,0,16,0.8280634108678571,0.14489381372084248,2.866381422714321,3.3859304763630895,61.7439408832987,1
DEL_4352,174,12.624008094196114,5,14,1,14,0.3551252292368011,0.33509133961603255,3.0285787433672984,19.82441507561643,30.628058298895315,1
DEL_4353,378,33.65696589279588,15,31,2,7,0.9072393102972697,0.12924223359769524,33.41983399922898,3.218545466979508,79.40143617926807,1
DEL_4354,275,48.86464295391859,21,57,0,13,0.431199133730761,0.24704237031495738,1.1677074344743732,16.589647980730927,74.43470765004305,1
DEL_4355,483,42.15215412081567,29,44,1,17,0.7220444666755061,0.4811870327947185,13.525461170035864,24.879750569600816,78.94274804356684,1
DEL_4356,249,7.700368666505531,2,8,1,7,0.9678867351013026,0.12503070424176665,3.9531010203387145,20.344102320725575,58.78809552277802,1
DEL_4357,372,21.9303220262536,8,24,2,13,0.12777814115312672,0.10616114295122159,3.6172794666044963,16.090473848472215,37.06602554852096,1
DEL_4358,424,46.65123541356223,26,56,2,22,0.5293573235099114,0.14540628431775646,1.5538904455870886,0.4704158651202851,73.12745408716349,1
DEL_4359,207,27.636968640065962,12,34,2,15,0.43870960841427264,0.16149751418737798,58.15069672083075,4.808471059915797,66.26844426346028,1
DEL_4360,238,34.79503216136806,23,38,2,18,0.9719446085655862,0.3123989971591915,0.9438561104910802,2.625523878820064,100.03129632648543,1
DEL_4361,449,46.06697055161257,30,56,1,6,0.5644023099651011,0.26371194282177607,2.398156704964326,7.722862504974004,81.33768785096798,1
DEL_4362,370,44.32076106889463,31,50,1,16,0.9720142326857337,0.2648916763848855,6.815921617455991,5.248826793242122,98.15424999320358,1
DEL_4363,446,27.581916899322994,17,39,1,4,0.4461506342072814,0.4375355150208169,9.12650787690095,11.54178862446955,56.811135093868096,1
DEL_4364,388,24.694083619592092,8,32,2,12,0.42787926945320065,0.6647735102528955,45.17770808777696,10.009455365323246,87.04207946584962,1
DEL_4365,311,20.28616783158142,9,27,2,17,0.7662193213927673,0.14223884400386463,4.151886208987447,6.763427592813812,69.90659269696881,1
DEL_4366,480,37.355874942330104,15,52,1,17,0.9739405633322656,0.25073695647097477,19.146975876929897,17.501764977393194,89.6277394913494,1
DEL_4367,371,17.91440597621945,8,28,1,18,0.7688272891680383,0.32493257305847806,16.02366027830339,0.17899130809927383,54.209975504778875,1
DEL_4368,165,16.244942289390508,11,22,2,22,0.21103694730930359,0.3642951200243266,10.93145330479091,24.097554725389113,48.04600285200354,1
DEL_4369,347,21.031245257170106,7,18,2,17,0.7151430683671534,0.10556495582371644,4.639933596609579,0.03545787470482004,61.67557145543939,1
DEL_4370,255,12.97467755954564,6,16,1,19,0.8884279013845091,0.12751846883106394,2.5553632597976654,7.218109259363814,58.53059501455046,1
DEL_4371,146,36.280391717559525,25,39,2,19,0.8689902766807853,0.40608732284169213,2.913252635331316,25.57857100626612,89.51118953533626,1
DEL_4372,300,32.73082921987755,13,33,0,16,0.988531500372297,0.09301078599004375,6.369594190959296,6.495357738543929,75.78802507369522,1
DEL_4373,247,26.72953403521296,15,28,0,22,0.31420613641732353,0.12172812045876456,2.212241578850943,16.910829519441112,43.43002628146777,1
DEL_4374,223,22.56466006676996,7,30,1,3,0.508675227366439,0.6583188660047186,98.36304907536206,6.188604456243003,94.8549099486997,1
DEL_4375,100,45.907814430352914,18,55,2,16,0.8828011909157572,0.11803439271772737,8.853882353088554,22.839653917107714,97.2073337200564,1
DEL_4376,346,6.3105703245097375,5,6,2,18,0.8239590460465049,0.31211592363645557,11.615040081966129,86.03199897913001,70.32777384601226,1
DEL_4377,442,39.60984845782846,27,54,2,7,0.739737741222343,0.06376440203578089,14.374559849947104,27.427980842412715,98.88616385272724,1
DEL_4378,227,45.58593072869999,22,51,2,19,0.960337178631576,0.19649554551461137,3.268311809008432,0.688365911260346,94.75798597852695,1
DEL_4379,290,25.08595607434667,14,26,1,0,0.3944499203830103,0.17503600404371136,9.859570546328328,1.925633810562569,46.93173514058923,1
DEL_4380,166,29.781072116179104,14,44,1,6,0.4497353850862129,0.1422759934163461,0.974325615323907,9.366858764607262,56.52098925022051,1
DEL_4381,103,47.500865954691704,16,55,2,7,0.7205396218103309,0.13305258187933644,52.18757440199325,39.11678978189313,97.35410795083084,1
DEL_4382,402,14.552488187848148,6,27,1,4,0.1498489715081965,0.19454015236119165,9.603361347489427,6.257066438115443,25.945517529814456,0
DEL_4383,393,28.40606815031082,15,30,1,8,0.8198994717267225,0.47293560954916036,0.4516650998612085,3.892847924105964,63.71346370504087,1
DEL_4384,242,26.36245072076958,10,33,2,6,0.10529094629899713,0.2771806171153926,13.709679150295118,40.22167595037152,57.44486541148741,1
DEL_4385,290,16.627669154166654,15,15,0,3,0.3328689254761834,0.3391720887912442,1.5823130675053398,14.804351817898674,39.92486077061337,1
DEL_4386,120,41.836695366789854,27,49,1,21,0.1510468100347879,0.4068091859895014,23.408326137835473,17.658829796673615,58.845223458507455,1
DEL_4387,326,45.48202676434561,28,45,1,7,0.8545059623325145,0.06914414977271906,45.97804129187149,1.408375303739213,93.52358011489044,1
DEL_4388,412,40.1869660904694,19,42,2,1,0.5353917079427245,0.28913251724836625,37.2544191478035,3.6548726905924216,78.7623718015685,1
DEL_4389,216,13.791153238187377,10,8,2,4,0.4202590961530177,0.1264904273160212,8.373571997910108,8.405087246437779,48.77441429284801,1
DEL_4390,401,8.90368859756217,3,14,1,2,0.42261714932402394,0.3944203009100406,18.70236026039058,16.00158062022758,26.720495070267273,0
DEL_4391,241,32.24500183874041,20,42,2,4,0.3022383377445802,0.22378512283734334,2.540562214279787,5.119381859054898,51.60530608384266,1
DEL_4392,138,7.569264222944777,6,5,0,23,0.3066271619687566,0.3136020855505362,1.1807153590736486,2.741940650981094,17.759690061726204,0
DEL_4393,492,35.277164985113785,17,40,2,21,0.2515538464046555,0.20905668902161073,25.809804072096096,6.8970176677753665,49.15655726211997,1
DEL_4394,454,28.86908991472592,18,34,1,0,0.31717926664604,0.20366824805134326,17.819918871917235,6.625974636547776,59.9284648590836,1
DEL_4395,351,34.82535797346486,15,41,2,6,0.3935625307034285,0.36664520144581086,35.637167080382994,24.759934586979256,74.74661680543667,1
DEL_4396,432,31.55768481423848,13,54,2,9,0.7252116238632453,0.2641281957384424,36.90404277388448,32.57464960010972,92.78233187567542,1
DEL_4397,306,24.021615628722774,13,34,0,15,0.23084172345896117,0.4792675736894967,6.399113605163122,2.2188291377432323,33.437509596422935,1
DEL_4398,309,14.039473106310272,4,9,2,0,0.3473769680891007,0.3926462408935889,5.755147024110048,3.9336047611910407,38.42917098054229,1
DEL_4399,214,18.756596111471985,8,24,0,16,0.7945808214634877,0.3095741162738336,8.748280562424855,18.502730668955504,58.563464171312894,1
DEL_4400,324,28.60252583985394,13,27,2,3,0.5097432567450267,0.25289372043183167,16.434948413704227,3.373226295274935,59.02667988625901,1
DEL_4401,233,34.334064214142266,14,38,0,15,0.5108435135384066,0.22687321792494688,0.0750267851910664,3.6888147593197953,58.573038972988826,1
DEL_4402,350,40.07673575980378,18,44,2,8,0.8841795058128856,0.24674281341455837,11.473237801806333,13.547904278017636,91.9244052553832,1
DEL_4403,318,39.522682330207736,15,47,1,7,0.714125249917727,0.18724181299062162,0.298922287287653,8.580630074733433,73.91858674266861,1
DEL_4404,190,48.77099344674884,21,60,1,18,0.8782991125694657,0.3538387033395709,8.985949932220272,14.592749510183697,91.92846332601412,1
DEL_4405,453,17.862865189853423,8,19,2,21,0.5137380416430319,0.13334399192662005,1.287922673846072,0.9042494321693741,44.25909042677805,1
DEL_4406,475,8.199981869604656,3,10,2,16,0.8803044600876497,0.12014210399493044,12.390474013692717,8.41910556186033,58.038119815376604,1
DEL_4407,145,20.554562099383666,8,22,2,9,0.9479736304137877,0.44532157493156077,5.659166836896555,13.407895894195223,73.93560644626567,1
DEL_4408,137,38.44825138508345,15,43,2,16,0.7795776112145373,0.6008855175163681,9.777610801610866,7.7187853472035215,98.45675021001637,1
DEL_4409,241,24.715024296498285,11,33,1,21,0.438911571308665,0.24738328888519648,47.442451697465,1.6410638302613565,64.27579712824317,1
DEL_4410,199,41.800479376523874,24,48,2,20,0.25844765001716197,0.08798691187558434,6.254768226747368,1.7248753610547092,62.72043743929408,1
DEL_4411,427,29.719686433370672,11,39,2,15,0.3682975935599584,0.4655428740364084,19.05615387315432,10.640773062113524,63.53768181830016,1
DEL_4412,289,46.840627518372635,40,59,1,21,0.48407114095919035,0.23655713705242598,17.246752107686262,1.86644145469822,77.55492305609437,1
DEL_4413,134,47.6538548899581,32,61,2,8,0.9461850819966265,0.5011737193114166,30.480052591133994,4.3448211316793595,104.26714835338144,1
DEL_4414,246,8.118702770843692,3,5,2,4,0.2626821720367928,0.05130900888245387,6.106252274163851,6.983135953469111,23.30214179796635,0
DEL_4415,129,25.538604787059093,16,33,2,1,0.21862346853720685,0.144422085745174,0.8656631429349873,10.79664210152188,46.951133002725804,1
DEL_4416,433,32.43600775623056,16,49,0,13,0.5242681863059302,0.49104154442910913,52.917066843606385,3.699701970881627,73.07487010543748,1
DEL_4417,183,16.514264336549573,4,22,2,16,0.7647851946854854,0.5621479131568858,6.749658046617461,6.235315665481351,53.09046866659524,1
DEL_4418,468,23.31845507205411,8,26,2,12,0.5109990701895978,0.44359040027204244,3.2302388672174778,5.503069356006472,61.04004251890461,1
DEL_4419,380,35.495669350296424,16,38,1,12,0.17488157532073403,0.338318150180574,36.8188150297916,1.2253206160122478,51.130475289033306,1
DEL_4420,443,15.203040210426265,8,18,2,12,0.5559547051880125,0.5036414011831594,3.1721277838022366,19.541040068161998,48.24817141984335,1
DEL_4421,369,32.089160883850354,15,41,1,17,0.9648738296431483,0.6632712074598476,11.285686827449252,16.2755016556009,102.04639071748869,1
DEL_4422,253,36.38515226739378,23,37,1,23,0.18506669500090997,0.39231179448046394,21.128164518455097,18.396859145763276,58.564557804318476,1
DEL_4423,201,9.072333999314004,2,8,0,0,0.36753407513122716,0.3476531067340085,19.696490805446278,1.9125174939112863,26.72726525861491,0
DEL_4424,314,27.388819221235373,14,26,0,21,0.5350079909646309,0.6160310586563658,0.4486188354610633,8.74642712449054,61.530686919252275,1
DEL_4425,249,16.838601346588582,11,16,1,20,0.2946625343795455,0.2794664806179904,3.3929207493850253,4.810391067949976,35.601898717258386,1
DEL_4426,182,37.59738601991201,20,50,2,3,0.18903075348228313,0.16492280136136075,32.905056890747986,5.141690057244217,56.91978123464092,1
DEL_4427,209,13.529997884162322,7,14,1,20,0.3882780825808987,0.32540339232546445,12.084022547996366,0.8168484732274979,33.97000595262164,1
DEL_4428,486,45.15070619921479,27,55,2,4,0.5172335557912995,0.6736059542335479,17.4338715669813,34.98919379758319,108.25946170880232,1
DEL_4429,374,24.39236014332471,11,34,1,10,0.16067688801782584,0.4646081522164281,7.719783329640645,33.70096066135035,43.26965827817441,1
DEL_4430,300,13.910136363839907,3,15,2,1,0.12070415382630575,0.19840654741634023,20.509324957081816,6.2974134806054485,36.02584050221452,1
DEL_4431,383,24.710980835764822,13,30,2,1,0.12814674679092183,0.23528832975835068,5.118252418702861,23.1251305281175,54.79659343957338,1
DEL_4432,272,23.393469326383755,9,26,1,15,0.21524435985022797,0.16737694609167492,3.960083637997359,4.80768645083507,38.71062199587569,1
DEL_4433,426,24.301353177216964,10,31,2,2,0.10365100063676216,0.5401802318550897,87.70825299198201,9.835875255391818,52.92864893198916,1
DEL_4434,305,31.35025820738511,17,46,2,5,0.31433638470064396,0.4161257949570222,2.5734263491740097,16.379340027582813,60.560216760562206,1
DEL_4435,162,28.45281762110919,14,33,2,19,0.7982824618623386,0.14048979005268775,59.736716412120096,8.88447841330262,90.2935022043091,1
DEL_4436,172,11.73997092564062,4,17,0,3,0.455229094635641,0.3035994331164783,39.15908920687482,2.1467746072940024,41.274723110165695,1
DEL_4437,350,7.951058269098635,8,10,0,4,0.4183557616205532,0.08512655875694211,18.811935071864117,5.717774145352404,43.798315610614566,1
DEL_4438,223,37.82369519269432,21,51,2,20,0.24810006729750342,0.21372196890927594,13.083142591934184,17.100598417902177,60.50652229834806,1
DEL_4439,474,30.187284616774107,12,32,1,6,0.46796885285420886,0.3394499498080039,0.06809671195379995,18.216708417355445,51.83613942625332,1
DEL_4440,220,21.15503456356687,9,18,1,6,0.38824378381246993,0.2540067837994309,15.129622096336513,4.948297507823452,47.748679686634546,1
DEL_4441,374,41.37610201241333,24,51,0,16,0.9910899088156735,0.3914172926480075,22.203228167540782,9.330757855298533,90.90855471759862,1
DEL_4442,497,22.462631341743062,14,16,1,5,0.3390027577596392,0.056246029427627055,19.800614118007083,2.784971139357862,39.73426818799114,1
DEL_4443,219,40.81842903202734,29,42,2,3,0.19007365495778153,0.3096903689548963,2.832299096778769,3.469540007130816,58.91502209647602,1
DEL_4444,416,18.759025738056863,10,20,2,1,0.4173264165170869,0.12095823155328214,11.796505337418925,1.8771974810586323,48.93654442463452,1
DEL_4445,263,8.27803838953399,5,13,1,5,0.17539211467702873,0.08537195763322336,11.98421654391087,6.913385455164972,27.109273788596106,0
DEL_4446,385,46.968786220996805,19,64,0,6,0.5815724223041097,0.15063399637059563,15.871375450915101,15.270669313745348,79.32960968540982,1
DEL_4447,364,22.754800817661792,8,26,1,1,0.45164259488368197,0.3828244834727107,26.662968966584955,25.36205426714403,65.53535096905334,1
DEL_4448,419,40.671165778222004,21,66,1,17,0.9374930009603545,0.5135504818768801,17.971394255737938,9.441561940723803,102.44065969252311,1
DEL_4449,260,17.5614859950037,18,30,2,9,0.9616666807615893,0.2878035708298333,2.285134644434212,12.667843172433706,71.3859189908671,1
DEL_4450,475,34.08643004556452,16,41,1,6,0.14877978496178365,0.07174180159326814,0.28821581678201946,3.7244052961942105,48.37185697295299,1
DEL_4451,407,44.298989296597775,28,55,0,8,0.9164729116672989,0.1367753061555125,2.202902948193488,2.7087028188767843,82.38328569991612,1
DEL_4452,188,6.873981005299115,5,7,2,18,0.7791548612844916,0.2817865965674001,0.6167361006822086,6.044313500632983,57.940596950609674,1
DEL_4453,241,42.37860941087401,15,49,2,18,0.9223214649334517,0.1869558862120531,8.6110971076554,9.822056596925457,87.58928556836626,1
DEL_4454,302,30.709985223736787,20,43,1,23,0.43975105345472854,0.3090616425820415,5.005957146084866,0.4096554499091968,51.697679347987034,1
DEL_4455,408,32.336228925885614,18,44,1,1,0.5099427376193392,0.044695451900108915,0.11004884406700456,1.1594714199926726,65.04721603130045,1
DEL_4456,326,28.542110036269218,18,44,1,22,0.23746498970914756,0.1998932401739122,1.2552602929674799,11.956026648147185,57.06714408663435,1
DEL_4457,433,44.351379647763906,25,43,0,23,0.1998016501328789,0.1383960492653835,7.601076282895154,2.667373967099752,49.55986075378683,1
DEL_4458,321,6.954501075603686,7,5,2,11,0.5415799889674445,0.6491921291598041,42.14172420187029,7.247543414242129,74.86164890437139,1
DEL_4459,140,16.746277619113165,7,22,0,18,0.8576838300422095,0.6250187932073633,78.8829160941194,33.083572710837856,89.87863904799718,1
DEL_4460,295,44.40931424866199,25,43,0,5,0.22787352420496435,0.2697765818430453,0.7713005040616404,23.818769140499068,56.397397398063234,1
DEL_4461,167,38.85555661393802,20,54,1,23,0.3033651990729581,0.16512047747898756,26.63062521884343,0.7898946586054367,53.45275700377502,1
DEL_4462,363,5.7940322080372635,3,5,2,0,0.43612985939344895,0.24228639121230217,9.816334645333049,0.7260220750339074,39.606383630336325,1
DEL_4463,101,28.265282744436888,25,36,2,14,0.5985317472298359,0.07992918038957314,14.554944478223245,1.8833425752123094,73.10476402674276,1
DEL_4464,460,28.83077063207037,11,34,1,21,0.28540919745133786,0.12347120865541943,10.577361323542572,1.4850661633192692,43.45257475298537,1
DEL_4465,224,23.039696080755967,5,36,2,18,0.7843079513811132,0.22611238216870516,38.75571247766381,3.5133926901945305,69.72632596106621,1
DEL_4466,209,18.382699942789536,4,21,1,13,0.2833871410791129,0.2318750493975712,9.765254492403376,5.58385860723702,36.26189489447254,1
DEL_4467,185,35.67761826855539,18,54,2,23,0.4477646283420105,0.010007721705549383,2.758355387876497,1.0390213563949913,67.16762187074404,1
DEL_4468,219,14.350570911713922,9,27,0,12,0.18268350866223035,0.36044836017535026,22.701912484241404,7.405813267091865,33.4445714639928,1
DEL_4469,226,40.95268529322677,11,53,0,4,0.3302039292923774,0.057986891727723866,10.81624260207595,9.055798695784219,49.34720945665666,1
DEL_4470,354,41.13667223453623,16,39,2,1,0.5356367593196301,0.35058483051116646,1.8676222241600664,13.002156759555932,75.2202083527212,1
DEL_4471,282,23.686764690776922,9,22,2,14,0.2599971900369046,0.34099778479243253,9.287087185283266,6.25736508104115,45.1742072851023,1
DEL_4472,115,17.759660490934145,7,22,1,15,0.15260129934036645,0.3360993780508966,17.442214770725272,4.209929279255254,25.159246317275624,0
DEL_4473,161,17.774518171582095,15,12,1,6,0.361356667931265,0.4140909226480127,5.261201028811638,12.366274459291917,52.549617715870795,1
DEL_4474,468,26.703109579829455,9,36,2,21,0.3197673431420054,0.4525160753083863,36.451738372850315,29.055906092733814,58.93139643658905,1
DEL_4475,257,37.38106511372114,14,46,2,5,0.2147698150597582,0.13336615347012298,28.45261884323494,6.059937303874252,56.08475144046786,1
DEL_4476,367,21.149091094723644,8,25,2,16,0.8016564405963842,0.14842099514912496,12.58629761036666,4.168113017708628,61.25244202576409,1
DEL_4477,134,32.45195054559882,9,34,1,0,0.4008433690901265,0.08411130544862865,0.8385914935405341,15.178247274933765,49.895292277535155,1
DEL_4478,366,22.211800726216744,14,26,2,5,0.2735868109166364,0.3274135439608945,13.129550051081361,25.173624721417617,50.04393883768729,1
DEL_4479,163,18.70354351181225,10,25,0,5,0.5980656195269702,0.37824514595108016,8.057666987910155,38.567141069228164,54.10281527973467,1
DEL_4480,149,6.118678216210737,4,12,1,3,0.16878310163784674,0.4067055979263955,19.314048822695064,2.9837806430756446,27.23401991589969,0
DEL_4481,354,5.176134758092578,6,7,1,7,0.8770919651026882,0.10913222744981751,4.659779337561176,4.3277193302504475,50.0853576452272,1
DEL_4482,248,15.224345502440201,6,14,0,8,0.9678757021495112,0.45209419804953394,13.96206532896817,28.35577515687369,58.563015415579166,1
DEL_4483,424,23.288282906044795,10,29,2,21,0.2197534289514809,0.18766554533875435,12.126255074040293,3.776373922918051,47.76671579527634,1
DEL_4484,403,43.30675253129271,20,48,0,9,0.8813832892983644,0.36211713845352483,11.225160046588424,5.088385915046167,86.36887526778175,1
DEL_4485,375,40.931790931869145,22,41,0,23,0.4309709849087595,0.35866971869532605,1.8479696168019528,12.241864484043251,59.338858948996936,1
DEL_4486,456,17.022436816459546,7,25,0,7,0.9045627055099597,0.5616129745096408,10.09679980700801,10.075774244433894,57.51340863095023,1
DEL_4487,271,16.00431993429347,6,22,2,1,0.11106381805134954,0.16557695033213501,11.998374891788206,25.230235615729974,37.827149448954046,1
DEL_4488,300,15.229493198151236,5,26,0,19,0.8571837588027629,0.3617736160558924,39.39519777480389,11.356317046405337,56.2635893066251,1
DEL_4489,492,20.265680323799018,11,22,1,16,0.9210868896452488,0.23034677500068795,9.266811342339611,8.053805469737798,55.197269500858866,1
DEL_4490,423,27.41894238027584,16,29,2,0,0.5448673968438962,0.537258243994124,15.319141250950402,0.9218915720787422,61.07899116425214,1
DEL_4491,134,24.740049741420897,7,25,2,13,0.4349454442031513,0.10071499319955647,12.633264693382644,44.27923256706352,78.61370607060499,1
DEL_4492,315,14.82229394516722,9,20,2,21,0.23294065737678457,0.56434100642858,3.2582659262733107,6.584739937447529,36.4130622568201,1
DEL_4493,164,10.870313447462811,6,11,2,22,0.35388637449385885,0.08420084937447268,3.0576389336348586,10.199849453059928,32.60270882683928,1
DEL_4494,107,5.566001561878792,3,5,1,4,0.42378820937270156,0.10351979742855656,20.17142147940384,8.366554480989857,36.9207036201128,1
DEL_4495,400,11.928345739992674,6,7,1,23,0.16766967544851233,0.1937612420976255,11.105592602978566,16.0713534576345,28.15494440310585,0
DEL_4496,442,36.741036658735325,21,56,2,8,0.7572476069222246,0.508032243518656,33.95521677757022,12.476801354561843,93.89272237780162,1
DEL_4497,431,15.963735620551232,7,16,2,19,0.8302226494023178,0.0825459251174999,35.814831642800726,5.034837605887471,68.55291333580814,1
DEL_4498,175,26.087081455467942,13,39,1,16,0.9093833609965032,0.3782137285258859,5.287592727029445,8.808700964454566,71.14829451791698,1
DEL_4499,273,31.608551701546013,13,31,1,5,0.4117688341293929,0.06833414726003184,1.6058774273514287,20.986985127023118,57.19347894302687,1
DEL_4500,146,44.90784062742232,31,51,2,0,0.4181081465152313,0.33206493290205236,6.325759823819153,12.043624336166207,87.35702134165841,1
DEL_4501,114,44.99847942770388,19,48,2,17,0.8304865397217481,0.32046714707882235,1.0408741909052521,37.103886774181,95.448742686954,1
DEL_4502,460,38.558018015661155,19,37,0,10,0.31415259870644796,0.17246648294200198,22.797712319303542,16.82637275882417,65.65897571173169,1
DEL_4503,246,6.582064642182564,4,8,0,3,0.36563357774184735,0.43159628041643855,2.370551828872698,7.967484080892149,26.96482702806019,0
DEL_4504,125,30.87816885884367,18,41,2,19,0.9624133076038042,0.2946543883299274,30.189028331631167,19.74144497472985,97.65972698902878,1
DEL_4505,407,40.39625618741779,16,59,0,5,0.3741811694378957,0.3858195493223299,8.050543657579595,7.004847477723953,62.2112526748356,1
DEL_4506,192,5.777962014351345,2,9,1,7,0.7421222693349241,0.4860338280247242,4.898501353209551,2.877209747963809,40.89307870377967,1
DEL_4507,331,29.735807614546022,17,37,0,18,0.8858614125293862,0.20785497696049438,10.44283982506176,11.92159895512875,78.47957950270742,1
DEL_4508,120,43.59938656037132,21,54,0,14,0.18562340174754025,0.13632895224758992,13.950904312165035,5.241510069966263,57.19081296228495,1
DEL_4509,406,26.334593412902013,13,39,2,21,0.4163195587522013,0.25222403110176117,18.136962248025405,0.30212315170686843,55.2653619905014,1
DEL_4510,137,5.184779130385181,3,10,2,18,0.8235813120165328,0.5198196534035826,6.191476548286311,2.8907227267940017,44.64081364384666,1
DEL_4511,375,5.495601125102335,1,5,1,1,0.4990184784722209,0.33314810422175933,61.09238650830275,2.193790847829703,45.963868237418204,1
DEL_4512,256,23.748621683618776,10,38,0,3,0.33219971593589837,0.048190111980639196,8.230178377771812,19.00907976276484,37.30817230010955,1
DEL_4513,278,11.975390033753955,6,16,2,3,0.33742811843330567,0.3022199384998255,26.978884200721026,15.566873937982027,41.609217929455674,1
DEL_4514,231,34.900279569196684,17,33,1,11,0.1807780160622757,0.33742678757054506,0.5323508662440751,11.439318270793082,42.11313862388606,1
DEL_4515,410,36.89596692077693,16,38,2,17,0.9846010453593383,0.3412614395320062,22.57367749623045,32.67746744648608,102.05024974570776,1
DEL_4516,447,13.004590795728287,5,15,1,11,0.10182646282596772,0.27049951441963266,12.022286802652923,2.3537700666617476,26.520515368666064,0
DEL_4517,127,44.98399798360182,24,56,1,18,0.9124641294485434,0.20203511014853148,15.309177191189077,2.1379757120367433,92.37539301730595,1
DEL_4518,359,24.885853024051663,7,21,1,14,0.194162545568168,0.30216332082606273,6.999231199495072,28.773806945887742,44.16990372580676,1
DEL_4519,175,11.428065841636567,4,11,2,9,0.7910915571909667,0.17778259678344238,11.806614041382664,12.491668998351312,58.46164483464654,1
DEL_4520,166,39.391321913122795,15,43,2,6,0.43669568034356254,0.3866376589918121,40.372421890018195,9.78652269300528,82.5405267269643,1
DEL_4521,441,40.548852500754776,16,62,1,1,0.4533843549185428,0.37428539067284305,7.317303586591556,16.159979367963487,63.3784578797873,1
DEL_4522,293,33.76829626994559,21,43,1,12,0.17428894284823523,0.3560948287182791,1.6768175180898295,3.969936375968579,55.88520857073625,1
DEL_4523,261,43.40594989411489,16,58,0,15,0.43440703683015536,0.4292817247119696,19.12197363742463,10.842985072152452,65.26877217906615,1
DEL_4524,446,38.18178374138021,11,60,1,20,0.44544685491019675,0.4579027965838731,10.552933400611119,6.680319272756252,72.2216037995614,1
DEL_4525,460,44.699258175214574,20,56,2,7,0.7177358418502809,0.27766645776893284,8.299248376155546,4.400225973321525,87.85283128143945,1
DEL_4526,356,24.524962181846576,8,29,1,0,0.25880042955574667,0.6179800079389507,22.56389512673911,25.07987877364124,72.79669893777633,1
DEL_4527,171,38.64187076447491,24,46,0,16,0.9524882583457039,0.2810443541092888,12.38910250856728,2.101698190846121,83.46632871209341,1
DEL_4528,186,49.988820354306995,18,65,1,14,0.44069711620574514,0.24464434055101192,14.9698629453407,0.21658819612797758,67.76619272744327,1
DEL_4529,361,37.62190388838287,20,47,0,21,0.20605433490371747,0.25094457718257523,39.07076410341656,5.338647366143448,56.22444952643295,1
DEL_4530,313,10.138270110670948,3,11,2,22,0.23232965761466087,0.5610933117714433,0.9043893044620721,2.6538150873575006,29.430614761289423,0
DEL_4531,252,28.324342509313233,12,22,2,13,0.13916453773507528,0.07132923741538312,4.564939969347232,19.993937344530472,50.17990272363694,1
DEL_4532,309,31.430650605936258,17,35,1,6,0.34190333263599915,0.1472526819704544,34.27433993587411,1.6248095056066982,60.62267583902658,1
DEL_4533,160,12.839480378212595,5,17,1,18,0.949318300898641,0.46077270667321957,23.605846795191425,33.26893122102087,75.34720434806216,1
DEL_4534,367,48.33012353801169,21,64,2,9,0.8402018663038787,0.023574628714742005,3.134885059613438,2.2004058755632605,95.34527917201063,1
DEL_4535,361,12.901089993557733,7,15,2,19,0.7440212168263045,0.09535460893531027,2.7790161648138683,26.406674961460237,60.737095443212816,1
DEL_4536,317,12.990106387095025,9,19,2,10,0.1308198470908921,0.18299088603176603,26.15625924007506,2.2125174803135454,31.508876043218613,1
DEL_4537,382,46.18252120885497,16,64,0,19,0.9944059750147052,0.2340510305750814,12.073382041266859,0.589512096651603,90.0872274741282,1
DEL_4538,235,25.934244490475198,14,33,0,20,0.5584667615127186,0.39164496635294543,29.528139469475995,8.029596990477655,51.311779295499264,1
DEL_4539,479,7.8434725673532295,4,7,1,21,0.5460605673220984,0.3994324904119679,37.457870370692824,5.28754837500108,45.44528740074398,1
DEL_4540,461,31.918437497233786,13,42,1,22,0.14181525550693116,0.36446699113506775,1.0811958138234192,10.930737265901323,50.24391852333721,1
DEL_4541,192,32.08218568848716,14,38,1,4,0.24422336081952814,0.15910950613394345,52.4879227239107,12.283838167095675,61.71907694860779,1
DEL_4542,208,7.9025341408952805,2,5,2,6,0.36051842843113935,0.29052792199786015,18.906749982304216,32.686440203242284,39.795109863900045,1
DEL_4543,340,48.76351230351479,26,65,2,11,0.11331186934823326,0.16494940264146415,26.978649226381133,36.61947965536757,80.53817355976027,1
DEL_4544,454,29.481348438255903,16,29,2,1,0.3643213077742412,0.049357106839381146,14.927335278949506,8.197790735836058,58.789556487477626,1
DEL_4545,241,30.19080749808939,10,29,0,6,0.32388282042197847,0.4676036037665407,5.461143053645573,2.8084438254099,40.658583592760614,1
DEL_4546,390,28.405193652607753,14,28,1,20,0.39420549777976044,0.03344927998141329,13.723031497350057,3.4085477953156484,52.97793159919245,1
DEL_4547,336,32.482930084007904,21,49,2,4,0.5601574417718016,0.6254958918004316,10.881039407588194,1.2602599418869627,94.22683912576443,1
DEL_4548,439,16.89348887481897,10,21,2,21,0.23730965285573155,0.1973947727374029,40.340206361706755,3.9399326002870683,44.87503226552036,1
DEL_4549,411,17.925860658867837,9,24,2,11,0.41954827175929443,0.03148200484079778,12.14623859814869,29.08175495070536,59.48138712819349,1
DEL_4550,276,28.01025904082597,23,39,2,3,0.31491616798654765,0.7773480467331394,0.4243665608912224,5.442046898801204,83.55279039799557,1
DEL_4551,240,41.30086346436108,28,50,1,20,0.31756436216078854,0.2588275882077255,17.379982846707275,11.915489648716534,74.03982722731598,1
DEL_4552,288,7.243905942238049,2,11,2,20,0.42363570112967397,0.14160475580748438,0.7779367541959566,47.71447963960367,46.29668827977964,1
DEL_4553,148,32.15318954991107,20,38,0,18,0.7256630542582418,0.5212344482442145,43.236264749668976,1.3544814632281903,72.85287173956043,1
DEL_4554,401,41.30501641278413,18,53,2,2,0.531515752832919,0.3017971942281019,10.000285540887964,17.920027221583073,76.78096563388617,1
DEL_4555,468,12.061277241675223,7,15,2,16,0.8603553426244764,0.3674577405999021,51.63390029404951,14.435295997084744,70.89666295079574,1
DEL_4556,289,5.676014389125483,3,13,2,3,0.3307690444729515,0.3478274422350342,0.39307575305689996,20.513758968275326,34.078798264151246,1
DEL_4557,235,19.072098281365612,10,21,0,8,0.9802190730946672,0.2878412577692804,11.416570421969839,1.7704434079507836,57.20664349418903,1
DEL_4558,142,31.466466802831917,15,38,2,1,0.4935664554802701,0.3865641907707986,3.8467458601395115,8.360579684898834,71.22691826127974,1
DEL_4559,479,11.222742803213647,3,7,2,9,0.8667691620504319,0.3521910384563021,15.355691088175973,11.996095059986562,62.28317688498975,1
DEL_4560,452,24.175506693761847,10,25,1,19,0.9373733173566119,0.29117779863354354,10.343613027295767,17.129589421061397,66.86714333428569,1
DEL_4561,189,29.854467381842507,21,34,2,8,0.7191071423966542,0.30835939868612755,12.524975374170609,14.963906103980847,77.32850999312384,1
DEL_4562,394,31.949739264079273,10,28,1,7,0.8071516202244607,0.05097601267667086,6.685885337537923,10.154640371589654,63.41609875387472,1
DEL_4563,440,17.34852744501688,11,18,1,17,0.9932455553559121,0.3724982071490857,0.7938052739671081,7.599712143122581,65.3725367179071,1
DEL_4564,344,23.00133361938311,12,30,2,10,0.4478786119022651,0.13866675731802583,1.6823635973441302,34.10899838169098,60.81146816062762,1
DEL_4565,291,40.02526530804014,16,55,2,18,0.8593538300217866,0.16800051333990515,29.338254724444848,2.4075101111393575,90.71941225038096,1
DEL_4566,417,47.35466123543085,19,60,2,21,0.1900730607348133,0.4389402546568821,18.198851415352845,2.7430142524086563,57.87990066069472,1
DEL_4567,205,43.78461490032158,17,49,0,17,0.8171121557520806,0.556001129930674,22.005908724092592,1.4128829896057673,69.47381397010983,1
DEL_4568,462,30.392757578004435,12,42,1,18,0.8223619739973208,0.19647007263086558,1.9630708542910646,1.4344864189410476,67.65811339245106,1
DEL_4569,409,23.463176132477596,14,37,0,16,0.7189805056309808,0.33855537394107466,0.7574228218404787,24.809067324297143,66.41563153115113,1
DEL_4570,481,19.98304764671382,10,25,2,19,0.7570280045261951,0.21682348337998264,0.26140992753760256,11.192822487471375,64.06995703519387,1
DEL_4571,332,10.623045473780813,3,12,2,21,0.10436970912430302,0.4332154420863783,11.06634289621436,32.817305704574935,31.618274020891192,1
DEL_4572,364,9.794806124725085,6,11,0,16,0.9454952921250253,0.17452708310026493,10.42414597478584,26.15008899141047,53.352476249351746,1
DEL_4573,443,35.9760931211146,15,42,1,14,0.5946368672594083,0.3414299170210184,1.7589332872503065,4.2889227856837415,70.52831499746536,1
DEL_4574,136,16.690748727702218,9,21,0,15,0.48418512880590725,0.20431128582134123,6.383994211957629,12.303837434778185,36.67930082109088,1
DEL_4575,404,16.459775889460104,6,17,2,16,0.8321231270866137,0.6876676039927335,11.332197539497077,5.725551575103513,83.87816004965893,1
DEL_4576,140,49.918777451500354,18,61,1,7,0.8037830884822809,0.12461103888925394,16.89660662172053,25.066770768569008,88.20331097450827,1
DEL_4577,116,13.456668104320793,7,20,1,22,0.308022924630738,0.27348297143962946,24.910852112639525,15.902457463592842,39.95946874280218,1
DEL_4578,443,11.662689176997334,4,10,1,6,0.45761943407335925,0.43351855656611515,15.382746757294422,1.5815659284527617,40.87932236142771,1
DEL_4579,376,9.440835249196429,2,7,2,22,0.5479420811181891,0.2588385245821529,0.45698809868723533,3.504914031102842,33.451775655552574,1
DEL_4580,406,31.09124053250583,19,40,1,20,0.29091162737962084,0.35771803869689833,13.231643146069159,12.860566287922534,52.14552492442092,1
DEL_4581,158,33.25387217009457,13,43,2,3,0.5998449386930198,0.39571506452544447,1.3804360279044792,3.390494145181197,72.45103377593863,1
DEL_4582,282,21.435256681559686,5,21,1,6,0.16986820616444523,0.3781361564669302,12.48303982105454,9.16383212710613,41.15477924389347,1
DEL_4583,140,29.093600098016047,14,37,1,10,0.2934679605089474,0.6382128303451873,7.073770839660313,3.3605944523823164,72.83831566462052,1
DEL_4584,138,40.477978892521065,26,46,1,2,0.5376987294331519,0.169662480499456,5.060178052113315,13.768331166563428,76.05177048547772,1
DEL_4585,496,41.814687574478675,17,54,1,1,0.4249578047241638,0.1695472878332462,9.858481838416079,0.9357400868545152,55.64212771433319,1
DEL_4586,291,48.106043407204176,30,55,1,0,0.5054597465036814,0.5884024682969449,7.206342963168489,15.328227983559009,77.41804800265705,1
DEL_4587,366,42.092059366529355,24,44,1,23,0.5538995693864419,0.5334720191162352,26.60323992946051,4.9319124347509735,78.04991768272089,1
DEL_4588,246,30.417864652284198,17,30,0,5,0.3536581977533446,0.11101834795392702,3.8522975556237076,7.251116302154456,41.303185849966894,1
DEL_4589,494,13.08456346265807,7,9,2,13,0.21737357544352162,0.12013266911528571,2.2050512294469096,7.929942672028652,27.864404240076265,0
DEL_4590,432,9.489360096627909,5,11,1,3,0.4468534525312219,0.16286176125697607,27.20816168385361,2.5936717723217892,44.54497778148626,1
DEL_4591,226,7.453035045988664,1,6,2,15,0.3817398423546786,0.17316289544174623,4.183985440863718,34.200714159362846,37.04374188611697,1
DEL_4592,145,34.99366243034227,19,39,1,9,0.8644454824816105,0.28616786273480216,0.4915070992067538,0.00195539178412824,82.46251120708808,1
DEL_4593,144,41.339131492909694,29,49,2,4,0.35585687728138315,0.32388888633072427,7.340445581199381,5.59688298619448,75.77536318109902,1
DEL_4594,100,27.890777780783555,11,37,2,10,0.5055556841056275,0.5536611945802722,25.642595203245797,1.6508904753117757,65.73869995523877,1
DEL_4595,267,7.462137867513797,4,9,2,0,0.5510087379812988,0.19469491034962286,8.481078886018867,5.354032491887072,42.95660463643852,1
DEL_4596,207,29.096175856610216,14,29,1,16,0.8330330619489642,0.4796510612319426,9.525591469364976,1.3170666748257123,80.19916571538413,1
DEL_4597,118,47.108716768604765,26,54,1,13,0.47182757694630206,0.19650844126475495,0.7252114413810312,5.711425302643615,75.52556757487329,1
DEL_4598,431,31.892593591960722,7,47,1,6,0.3935946706204938,0.1530102629029637,18.622531929211135,2.5862644787167692,52.51170728600156,1
DEL_4599,171,41.42423698082667,19,46,0,13,0.3358210060580188,0.08480156890031967,6.317233902659436,9.683452557363328,56.291731096257415,1
DEL_4600,208,41.00686917762878,25,56,0,0,0.5862938284049444,0.3615469734768187,19.56343196297608,0.1443522427903323,73.27113654788246,1
DEL_4601,367,46.94580949012938,21,57,1,5,0.4225562660586446,0.1990026170511475,7.939192841446303,8.465012375860079,72.87174964747206,1
DEL_4602,339,39.6602944542443,18,44,2,6,0.520178251112681,0.4239053710124224,11.226500958993343,3.9881800425296676,73.6939911028566,1
DEL_4603,400,38.64652313058903,17,53,1,10,0.3527045142717883,0.2675695719921369,13.35516988639713,4.653713988620801,63.70960943415719,1
DEL_4604,189,15.534619923678827,5,19,1,9,0.898788548454939,0.4183802521897921,3.2889663433020955,5.256125160689865,59.865262136412426,1
DEL_4605,202,7.696631989448665,5,8,2,20,0.43144451180607946,0.3089947380094726,5.222406579608373,12.691501940474758,31.97982196105209,1
DEL_4606,349,28.291975927421348,17,38,1,2,0.46427618432516937,0.3844296539630041,13.21272568157977,17.01452677471643,63.870654266575215,1
DEL_4607,107,10.599539357603984,8,12,0,18,0.7742272123029629,0.222871054102009,25.969047804499027,4.800437712913543,55.09453269685549,1
DEL_4608,252,48.29881443250961,22,60,1,1,0.27815746416668286,0.2659631066439839,48.83440764068731,31.081908034976017,82.83214596920155,1
DEL_4609,446,18.046614318486284,8,18,2,11,0.21970996123167416,0.13787886975334715,11.140418819810533,16.456252053652058,43.77662459502306,1
DEL_4610,273,43.38248915229319,20,53,2,11,0.31182271142760987,0.34454399314686046,1.151798397325288,6.206901708358169,67.27839550310574,1
DEL_4611,442,22.44310813411067,6,27,1,0,0.2056189552786382,0.41281808917258406,46.858057002398034,1.2350733673784533,42.64010987086498,1
DEL_4612,257,19.543741243581984,4,27,2,13,0.30838082288925894,0.41349005695668706,8.1908073768753,9.861045088508332,46.658461297940605,1
DEL_4613,314,47.08213575694795,15,69,2,10,0.5373297364127559,0.3722327128835232,1.621794939191556,11.415722241317345,80.27233891589138,1
DEL_4614,276,21.34951574388008,6,28,1,7,0.9889973665058642,0.08464629149003165,53.74186878509187,1.7584453138904044,75.25259430938799,1
DEL_4615,274,22.56295588984114,7,22,0,8,0.8307764982971646,0.14501557324707762,4.938269016635825,22.928500511980612,58.89505318879199,1
DEL_4616,439,9.774130082580912,5,9,2,17,0.7998407065413935,0.1359925401686019,16.043288809927137,5.764104160813461,52.270926883026476,1
DEL_4617,437,35.17009993771292,13,57,1,12,0.313777790532078,0.4772261780005998,2.3343647109123427,1.983734468703666,46.31860169779307,1
DEL_4618,245,17.997773651488107,12,23,2,3,0.40103825531878334,0.48287735906265106,19.071089707702463,8.829618959175697,50.973232825312344,1
DEL_4619,423,31.352187552777824,15,29,1,15,0.28538587746901967,0.3762926671315588,56.14295457609102,6.5790167946582585,56.618444530722215,1
DEL_4620,260,31.610826682394425,21,38,1,2,0.20257808686374376,0.27203617870587654,63.05237143554016,12.3319459049773,71.67674899422539,1
DEL_4621,226,37.36398630180952,13,50,2,3,0.2134121353235792,0.38743140469892623,2.023714309153072,2.273181811737479,57.43554092162188,1
DEL_4622,181,38.53586687775986,21,55,2,3,0.33696444450726437,0.2773843386127215,21.961034363068666,0.251787184660077,67.94563793429977,1
DEL_4623,246,28.150359548069275,12,22,1,7,0.9325499570281887,0.20564519695036304,16.37262073888489,7.765753541541265,73.55716620346556,1
DEL_4624,338,19.894637642153135,9,16,2,10,0.22476134592091865,0.341858362220087,24.25227977114889,2.0522833544113235,43.17734152865531,1
DEL_4625,183,42.685290267563026,22,49,1,2,0.5365420915010932,0.07938510617382781,6.0791732057417995,2.0416044827986557,74.89419570313001,1
DEL_4626,212,18.943954223381812,12,27,2,18,0.719416104669037,0.41368654074476763,7.706115304504324,13.595655308728713,62.91609385089671,1
DEL_4627,324,27.837909251119914,11,31,1,5,0.1276564914694596,0.40436025068514597,6.273975163891428,3.5933466808514654,41.38049277892368,1
DEL_4628,431,23.056366244167762,12,29,2,2,0.2600883650289315,0.47272363782952675,21.819669233378896,21.990131650449023,50.7771997559154,1
DEL_4629,477,43.478527368635966,24,37,2,20,0.3659665760544737,0.5959246625489003,24.84045932253081,8.676844988722952,72.11499187465645,1
DEL_4630,342,24.436333901562296,13,29,1,3,0.1303043197609777,0.20056733763696274,4.30126299944807,11.240392888679239,34.08390682100634,1
DEL_4631,242,22.374463497686794,14,23,1,3,0.44158563146314267,0.19014950777941134,12.757143436839703,4.64394494621467,42.674294416566724,1
DEL_4632,140,36.04206618039369,19,50,1,1,0.292222574021632,0.6004537094499693,2.0195631577360484,3.040371462932568,83.66902651601497,1
DEL_4633,357,32.10984994376492,15,46,2,15,0.2985892404052495,0.1490025470255621,0.19875657617586243,2.0774988777080647,57.17743472156264,1
DEL_4634,384,9.826107507313074,9,7,1,4,0.23266368330332707,0.383137867614879,14.126972966364885,14.734349017564227,32.835540145551064,1
DEL_4635,204,27.867596285478346,12,33,2,14,0.2669644969006403,0.4380146454863698,27.507730074303694,14.02054691458784,54.048063471833835,1
DEL_4636,301,38.096527474996144,22,63,1,4,0.5308449485906633,0.36619465720789135,35.55544300192079,8.14328323274237,83.7354157090479,1
DEL_4637,406,49.64336440661103,28,64,0,22,0.4943014876957488,0.22153654935587588,14.528029972919484,18.241156558035478,81.43628959810465,1
DEL_4638,430,33.31160752866436,10,38,1,11,0.5678859481008492,0.13696604573849655,24.80801285861898,19.4697905895323,66.91915259371943,1
DEL_4639,365,21.6631879898593,5,27,1,18,0.9287492863764832,0.061240356882311296,7.768724896022653,7.004620010394419,58.59984979147643,1
DEL_4640,497,15.176821991095329,9,14,2,14,0.3889358813371182,0.40884494744916766,31.23214994120136,12.637527064815032,56.47489089242534,1
DEL_4641,309,44.277360536899415,23,57,1,5,0.2296281433062777,0.5586699257624171,22.356007053238635,29.17931832587046,72.00420421196038,1
DEL_4642,150,41.655434545107624,15,56,2,0,0.4334276602412367,0.36489078331949626,5.533987235305623,1.0195146671450623,64.90925865970492,1
DEL_4643,217,15.526526935072319,11,16,1,4,0.5530790441888509,0.0492377347837077,13.640348074451072,0.14643992691058932,45.25280501155282,1
DEL_4644,300,14.028444056595806,6,9,1,20,0.13458279878221688,0.39520508491917233,0.7892862774306236,7.694893205517904,32.98182576045522,1
DEL_4645,476,37.1811549565029,15,55,0,20,0.3215351156939601,0.436261997308851,2.3776774091888617,4.836928205403293,57.078971098504205,1
DEL_4646,138,19.172842786344177,8,21,0,23,0.17468035647780136,0.4338530644357534,43.963982459890246,1.092320075873527,32.2595781273141,1
DEL_4647,127,18.787945926288103,8,23,2,18,0.9139290109158023,0.10642094220619484,0.14703145689267594,1.946962336963424,78.46425954450875,1
DEL_4648,358,11.853061118044486,5,13,2,10,0.40704912133264726,0.36870725679999666,3.4079241737137993,3.5727693778213894,40.04855676939289,1
DEL_4649,183,16.878898386942346,17,23,1,21,0.5398246585095096,0.5053705645809132,2.2415758989346486,1.2562767568785247,41.63040408709553,1
DEL_4650,254,24.23784009166923,12,32,1,13,0.13155006125832883,0.5644875324572538,17.99815112219953,4.611718530811153,40.126195702273776,1
DEL_4651,216,37.9777251772587,25,44,1,13,0.5528653395570495,0.20268358506602804,1.6756153472248452,1.7098267508527825,65.73447736657585,1
DEL_4652,101,20.13386424861874,6,32,1,1,0.13359830925989022,0.06035855214647266,0.30501520730519543,11.76016209885355,36.54946508149694,1
DEL_4653,192,19.78719527659292,10,23,0,21,0.24380290042222783,0.17785721402634067,39.99411582684203,14.313373345973204,41.46267157041921,1
DEL_4654,265,17.821096364859613,10,26,1,4,0.17808287356500188,0.5707769546290952,30.925133950963712,17.926021114840047,39.554191781904656,1
DEL_4655,486,26.522765037996937,10,28,0,8,0.998773085460198,0.29728097563626316,6.657993650997392,24.461067477929205,75.02016067762263,1
DEL_4656,499,13.12865140735919,11,21,1,16,0.7816555088651368,0.16641055541423316,1.5891418614438284,0.0372317430255702,45.535054144852126,1
DEL_4657,449,26.85338303144565,20,32,2,18,0.8434144321435588,0.2726759986449512,17.007476325298853,2.328831649947848,78.80548439593686,1
DEL_4658,395,36.68790002876104,17,50,0,14,0.4921811438992294,0.07169618484352991,32.19860614786344,20.226637910293164,80.80987431712728,1
DEL_4659,357,6.340572681467998,3,7,1,1,0.5491386375235981,0.35111669112713534,55.12574486357942,0.3715596709189054,49.90184226791753,1
DEL_4660,180,5.440072113759284,1,7,2,8,0.7952095018926321,0.11208183205884865,2.0910679307074327,13.139314680003181,44.96611484062674,1
DEL_4661,367,8.380530956952915,3,16,1,10,0.17887577863706092,0.5195797914681447,13.752263645098916,2.3924912459765917,31.926914483290187,1
DEL_4662,334,29.104702777765045,13,38,1,21,0.13959533626709256,0.08888104249911177,8.446291511954563,8.473022160908691,44.17106483294844,1
DEL_4663,420,43.450478743343155,29,35,2,5,0.347064809789133,0.19270986647818814,2.5573833583649606,39.3390885361059,76.23363866901866,1
DEL_4664,410,5.219800970911337,2,6,2,14,0.4826901174085073,0.33972527178500644,24.745759845841704,12.553320812077681,43.222636649210365,1
DEL_4665,400,47.14975870631064,32,51,1,20,0.4100805261769782,0.41505786162831776,22.86204206023876,5.510592433505077,82.99007978550591,1
DEL_4666,456,9.782533020674112,4,17,1,19,0.9606040399397131,0.1271422050718928,50.13618655542254,14.01570290251447,65.33351066638734,1
DEL_4667,312,42.88925876262018,21,50,1,3,0.124077607125168,0.47650612481154253,1.3412219239627814,0.06693076922424666,44.651943719303404,1
DEL_4668,161,26.728464424232605,21,39,1,14,0.30577269421541053,0.20124225739796264,4.094365702467202,36.069056042099106,56.219040564396764,1
DEL_4669,148,34.67108242754798,14,32,2,17,0.9183613605301855,0.05900621472797096,26.366941213955204,5.0672959731288305,84.68480622724279,1
DEL_4670,226,27.98073430012321,14,35,2,6,0.3991457793410581,0.26614436870019337,7.548481800586395,47.01426574430956,64.82805880537269,1
DEL_4671,322,26.467170133070958,11,28,1,15,0.10240403109353044,0.18226372524982906,9.692078355989139,13.539494096024047,40.25639257109645,1
DEL_4672,378,42.57047427639762,29,56,1,21,0.19977748823533106,0.3968934920875376,14.182905476719007,4.065193349959456,62.071202440419846,1
DEL_4673,393,39.01488708055174,26,40,2,2,0.5748930054693804,0.24613765420174522,7.875248003157469,11.46246472182825,72.61066311531243,1
DEL_4674,383,26.753100643535188,16,24,0,11,0.35432191913940336,0.2632431916739057,0.5405820886420787,5.7412592933336155,44.78250845072772,1
DEL_4675,376,10.023616822822772,3,11,2,6,0.45182110097556916,0.08137051144611712,13.894544889908227,12.353422564712083,45.67563381291415,1
DEL_4676,206,10.193133169148366,5,10,1,8,0.7491830049392317,0.720366080960262,3.898522386174655,18.765584393459868,74.140177750212,1
DEL_4677,245,41.06927573235839,21,59,0,9,0.8394421358899539,0.16430817487580102,52.04425333922557,7.636573735938203,80.20279872452798,1
DEL_4678,198,28.822577960639006,16,38,0,0,0.27823363829442516,0.32704815045498997,17.58351004846557,3.014152920897518,39.64393911215829,1
DEL_4679,474,26.671511309871317,16,32,1,11,0.2484794393934793,0.21122059018203154,27.550175269765596,47.84944320448249,65.84296018459645,1
DEL_4680,172,35.62550786123218,17,49,1,23,0.3056989902868673,0.3237729248247039,46.31818086338988,6.385549840223575,63.12231918248675,1
DEL_4681,221,43.64787125364171,22,48,2,17,0.9902098173712994,0.4322442435056653,0.9813037210844987,2.3286669744207824,96.64551649830828,1
DEL_4682,129,33.299291498598734,20,40,1,0,0.2655739435862484,0.1480096209887714,2.414728289672137,16.128630702811538,50.84910933520836,1
DEL_4683,287,39.328155605591554,23,43,0,17,0.9030864028862169,0.18960126364604674,24.75572157036292,12.780253362619977,79.40813680391506,1
DEL_4684,463,39.43717358526306,22,32,1,22,0.4119101883925579,0.35939239547535295,32.415210022380926,20.352798003119524,68.56202294109431,1
DEL_4685,453,21.031765195683157,11,24,0,6,0.29036623829225805,0.38309211013055805,0.07336015953903778,0.02013162277849859,32.37272865627389,1
DEL_4686,387,17.333743803844804,14,17,1,16,0.7018223303200342,0.42840370007244755,43.56774286483969,5.11992147520295,64.6347761733534,1
DEL_4687,294,41.05238302288214,20,56,2,12,0.47918385402926733,0.04639464644155606,9.087442166873226,4.53180467350368,74.83009955405961,1
DEL_4688,255,21.973045630290958,10,23,1,9,0.8485771358253322,0.32394539558660307,9.315933823537767,30.898681295624023,73.10284759123908,1
DEL_4689,271,45.65012029352173,22,54,2,13,0.543407914092646,0.7513366556498454,31.647596096569785,5.163272272069913,109.25541686892134,1
DEL_4690,434,8.136081352855383,2,8,1,0,0.37750950955947704,0.3437235668553443,5.127487316799583,8.989780181279778,27.279952124604343,0
DEL_4691,140,7.619788043390284,3,10,1,22,0.23971850370588013,0.3119269362103373,13.137711689134806,0.04237746440228364,30.682284407371135,1
DEL_4692,162,46.71518720456337,28,56,1,5,0.5318538395266403,0.13519386998517272,6.1012502455099105,19.812316138861345,79.05999695665915,1
DEL_4693,122,34.18047113816457,14,38,2,3,0.2401505602913496,0.2412889940183594,1.8080349427693077,1.452172219043523,47.19827132052091,1
DEL_4694,459,22.081971040174952,9,22,0,18,0.9977483277366769,0.18500593736348886,6.661028906070024,25.678705357526002,70.37161568979705,1
DEL_4695,174,38.97771866672823,18,40,2,14,0.19519651801136226,0.24678728344740164,2.8498479138790036,15.94125498741768,58.264591753387194,1
DEL_4696,147,35.25470644971386,22,36,0,20,0.41458735764260624,0.24354961827583224,11.040176846820728,9.75371400874139,63.9801682127913,1
DEL_4697,259,28.90404710688183,12,34,2,20,0.5204285946786776,0.48042872915876317,11.318771560972477,16.591745039321715,63.68149748585225,1
DEL_4698,412,9.449300419819311,7,11,0,18,0.9617914468038249,0.011138901636256233,8.625323257396282,18.89407710166277,52.53076895612519,1
DEL_4699,217,41.548081428173816,18,58,1,21,0.335443755655907,0.43155605267889763,2.8640188199241954,16.719394862276317,63.16791265695733,1
DEL_4700,199,43.97104358062811,14,60,0,11,0.5967364622274376,0.27712236029010767,1.895905772499817,12.977412109069558,70.51650301214804,1
DEL_4701,479,12.747590984869209,4,11,1,13,0.11122604561315022,0.23861125310508632,1.6575724772105502,25.51235809781459,29.730215562953266,0
DEL_4702,266,43.273024338968,23,49,1,2,0.2658657903123621,0.35898782152542974,1.7845362959990962,6.599427933808799,55.74841694380446,1
DEL_4703,389,44.50312899574539,23,69,1,3,0.5592991788977539,0.0926367461585892,5.240772104543219,10.02114707714603,79.74685173441019,1
DEL_4704,255,29.72428755298322,10,35,1,2,0.4213213425930664,0.2563916335598299,0.027992291308858483,41.83330685141587,59.00882231182648,1
DEL_4705,106,34.52805663002091,14,36,1,11,0.37104863770494845,0.04850636499907984,0.9641793209394166,5.587295635613184,52.33837412879966,1
DEL_4706,295,22.200679400652113,11,19,0,21,0.41884585432569277,0.35255068695234,9.535756356543635,16.67962861731836,42.8386804475306,1
DEL_4707,155,17.680624137916972,9,28,2,8,0.7930445398255042,0.10613046795516008,3.0260646745401734,5.967122706619545,64.93780184662677,1
DEL_4708,420,37.48924161282402,15,48,0,18,0.9591343872233514,0.6100800355666167,4.585225399772225,7.622414923358522,99.20754024576922,1
DEL_4709,292,43.78438170571137,17,58,2,15,0.23757391758415644,0.07500971320052353,6.538614816522801,4.907053925802241,64.45889794499715,1
DEL_4710,146,34.43348988300864,17,42,2,0,0.26824804982642336,0.18297953157572713,0.6068842630286014,1.9937348518605673,62.82746177956847,1
DEL_4711,247,28.021577479094713,12,32,1,13,0.33993256508072744,0.38538161764115625,3.7273377691392597,42.99402970918371,65.91733088663236,1
DEL_4712,374,12.15161450798772,7,14,1,12,0.2969482571552332,0.23225229869006073,22.487748834310572,7.115401787905214,38.45499296601697,1
DEL_4713,256,7.405642067216817,4,12,0,22,0.3605011119514585,0.2839770923297949,6.253131001486997,3.93117662719043,29.373820236269015,0
DEL_4714,301,25.05613056110359,21,37,2,11,0.19804069161691998,0.28151397397419586,3.089864908474636,12.471104597891713,47.42592064608717,1
DEL_4715,225,7.2207303663839575,0,8,1,4,0.1920242310087907,0.22342791895945718,3.304922295581356,1.4109527405815148,18.77650559029568,0
DEL_4716,494,30.62005843582513,16,36,2,19,0.872151534560072,0.200541438201869,62.73084142522891,9.407548685497986,84.03936674155075,1
DEL_4717,404,22.222813609299706,15,35,2,2,0.336857570788736,0.3382549219322153,2.410549585858709,10.243091074692558,52.57023936783593,1
DEL_4718,468,39.07351038568863,24,46,2,22,0.2708642962993304,0.09767363965390906,35.374356044947504,2.6171948319598926,67.31636883286873,1
DEL_4719,393,18.754182357628256,10,22,1,1,0.3882811161930607,0.18286424426506775,1.2596096429211319,38.511341162720505,51.07761626461444,1
DEL_4720,163,31.684221543534445,20,38,2,10,0.2550030567948225,0.3009440568463533,31.123431151792083,10.836898148783888,60.697951688855014,1
DEL_4721,424,29.19575847897952,17,36,0,19,0.9900528730888667,0.15128610389424973,10.606145205208021,3.021867879431972,72.12507310611514,1
DEL_4722,491,5.2120591485008525,4,13,2,1,0.5314140550042553,0.28977101433766406,14.074417178284637,21.508780461716494,49.94954157606972,1
DEL_4723,275,8.257522921893965,7,12,1,15,0.2003010492880318,0.258446613291723,4.234084792048512,4.401356253723943,21.172616778188694,0
DEL_4724,215,18.06656956187092,12,23,1,7,0.8887686366968647,0.25984695767131516,34.33151614935784,15.707972900501815,72.0299927229902,1
DEL_4725,303,44.70057864593443,22,54,1,2,0.5937020371255606,0.22336607170958614,13.269898367819685,11.878422871130983,81.08255206020065,1
DEL_4726,420,11.615672970490035,6,15,0,20,0.44840189775995565,0.1749269538136652,16.891296590854896,2.0877121679533017,31.681126836937942,1
DEL_4727,130,36.99024487072437,32,40,1,3,0.35100049706891867,0.4072674684665747,12.204692525728845,1.1908923656185284,58.802877953855415,1
DEL_4728,487,48.80149547685293,25,53,2,20,0.49770941563531423,0.16056835399015665,2.006994121987703,11.222986513407482,81.61503968521187,1
DEL_4729,212,40.57553987110198,20,56,1,3,0.5366013578640778,0.5477668804234792,27.138897092521617,13.2423638319088,81.64071930875414,1
DEL_4730,464,15.932541275916977,13,17,1,7,0.9769307958947262,0.1840032963195306,3.0424896942444226,1.6857464905122463,65.30902162571043,1
DEL_4731,424,45.87643671858867,18,55,1,5,0.15102237771832586,0.2784170327328279,5.178566693666759,2.2752892233599114,52.48045632862191,1
DEL_4732,475,9.189822042877553,3,9,1,13,0.10149393471233772,0.4479959143160191,16.608074672319546,0.6166608305377648,18.094130596677346,0
DEL_4733,443,26.06638738418311,8,39,0,14,0.1959506612052758,0.4460640178781844,1.4696392328475598,1.7333551309828092,30.833786559819007,1
DEL_4734,166,44.93938584768862,18,62,2,16,0.8893466618558754,0.49063082478090164,40.63670993680785,10.643023916457189,93.86547945198427,1
DEL_4735,174,33.85695691655914,18,36,1,4,0.19125874831997644,0.37144562501922734,1.9880226553367033,2.687262426674156,56.50820644468067,1
DEL_4736,144,23.614005412746447,12,35,2,0,0.354886159364865,0.3049609244188946,16.501218049795362,4.087282014543911,54.612250213170654,1
DEL_4737,359,18.176579003172595,16,23,1,11,0.36004223182283124,0.47923530198252107,15.122886644924803,9.722936764708347,51.45331570187035,1
DEL_4738,253,21.879473239325748,8,27,2,18,0.8032793738192114,0.12902592923392425,17.961436730294697,6.416181903566931,67.45494143766842,1
DEL_4739,254,27.90238014541788,16,35,1,11,0.2007339064851055,0.14597433901919804,8.52011716769135,22.389287651716177,43.70838849506385,1
DEL_4740,462,19.356976844276332,11,21,2,10,0.14632997912250237,0.016954237439034143,7.225926509524423,10.157291228372847,43.10776283833019,1
DEL_4741,333,48.60355379370348,20,53,2,21,0.4330456588545264,0.08439297232197318,57.01929481601778,1.699664003334258,91.8008215450944,1
DEL_4742,150,46.98849438797653,27,43,1,8,0.8527939854620964,0.355728752364055,25.487032991531915,5.820337311480081,86.58064254455097,1
DEL_4743,405,44.18021606964443,23,56,1,18,0.9541630621354735,0.08303760213988007,9.966752868061548,3.5932260317044316,83.20488679375977,1
DEL_4744,361,23.982342598519402,13,31,1,3,0.29037012237324145,0.33520981103153985,3.0183018111672424,3.596802603253705,44.182768761615904,1
DEL_4745,414,36.1085796200853,12,41,2,12,0.4753977672243105,0.3593973617730331,33.184803285242864,3.5561210960188347,79.38602511802746,1
DEL_4746,224,45.627318816618406,28,61,0,9,0.992128397006187,0.42032417299576874,15.693831806514124,6.5032227470973,94.23244041087231,1
DEL_4747,498,43.26932694555176,25,41,1,0,0.4251709276566077,0.5064487085130357,2.1888041298463805,1.6996657060948008,61.401388239208316,1
DEL_4748,344,23.644715630909346,15,26,1,9,0.8586092490338497,0.20668740542253725,3.033659328002445,3.4905157812956755,72.17585612339296,1
DEL_4749,129,10.057372219501731,6,5,2,17,0.9427557061762359,0.08397241154204867,11.674690258397998,14.506477562448964,62.47026982233829,1
DEL_4750,221,8.403366372554725,8,8,0,12,0.28830351172435753,0.4091631988888799,10.508125920500737,21.084214306864805,27.19449134031356,0
DEL_4751,224,30.96788203515662,15,39,2,6,0.16780777113459447,0.7105486709376708,7.896252748545944,0.16620814547379686,73.29234077522871,1
DEL_4752,136,33.91825708449193,12,56,2,7,0.8671075422120464,0.2909632600280014,8.349745243712318,1.0457447599213785,85.68555905278276,1
DEL_4753,269,43.24291720686608,13,67,2,16,0.7995807039643353,0.4533522677629414,2.834798558973316,23.176168744927192,83.11609308972496,1
DEL_4754,223,18.163175915346397,8,29,2,21,0.11600269084361906,0.2594651480863561,4.424950165500292,2.899572303066103,37.72157667441035,1
DEL_4755,456,12.536172074751912,6,16,1,0,0.49093573487452025,0.18991960547500283,10.180040240468117,4.490668697370424,35.08916016779975,1
DEL_4756,134,22.055262493018976,12,23,2,15,0.31751873152607446,0.16302116680563875,0.9873644573313989,4.933353634243234,41.06640498835504,1
DEL_4757,186,20.910880563452377,9,21,1,19,0.8512029151409568,0.23608294575656602,6.523770896722233,24.10791704335477,70.53633839309856,1
DEL_4758,233,10.961102930803463,6,8,0,3,0.47779550971140583,0.6465102032255255,3.542934857649213,2.1316983151576734,48.9205943959934,1
DEL_4759,295,35.25271936309184,20,45,2,22,0.14996810521488377,0.03302866515160413,2.8791832935278197,20.090231309774698,55.04671384520871,1
DEL_4760,373,27.89113733282192,13,29,0,16,0.7264237218578291,0.04109193936036601,2.37778089382712,7.566384690763698,62.65972929929873,1
DEL_4761,300,37.45052402516448,32,35,2,12,0.28006853221601025,0.572891270171421,2.2656477665572266,18.343560522420347,71.80596477564893,1
DEL_4762,468,20.87110040763806,4,28,1,9,0.7833475258120697,0.10576185304487294,2.6231409609587315,13.979049446944208,59.30052042632771,1
DEL_4763,384,19.656599520996604,8,38,0,8,0.7176104477894393,0.4448781858136665,7.029259292523992,15.805699963359274,53.585299389489066,1
DEL_4764,176,26.265913386973505,13,42,1,13,0.3940917795783594,0.5444116819844643,1.604678364832885,1.4503834117680583,46.88420021370749,1
DEL_4765,158,44.483330542781616,14,67,1,16,0.781075896561311,0.49645726578835625,34.10142965519214,4.431528341185136,79.31878176336164,1
DEL_4766,225,6.812658803029115,5,6,1,2,0.59340690202258,0.25066254578570285,10.334821385027734,3.092219655856756,47.41369428788161,1
DEL_4767,208,41.21747677834124,25,50,1,0,0.26013977491784934,0.45566787302196116,10.541160865121965,1.6150221089719272,62.155362938290494,1
DEL_4768,323,21.60444256959904,12,43,2,0,0.1775623754295906,0.12483816440738407,3.556588976273523,12.234317941940045,41.634837389743865,1
DEL_4769,377,43.4578561604815,20,41,2,19,0.8523709796486586,0.22283525105906285,30.278606782027246,14.254502746091157,104.6869666720927,1
DEL_4770,167,41.099135397613544,23,50,0,1,0.10965124223693298,0.45276260726849893,26.415347019190925,1.830553003876663,51.11476902446807,1
DEL_4771,168,20.694256132823977,9,36,1,15,0.30438666106587275,0.612923323155111,0.5226928123115214,17.55854250469528,66.4711895505371,1
DEL_4772,264,36.22444408947272,17,49,2,8,0.9750997236081522,0.24075509020889072,19.77417303243124,4.056368378290226,87.74353152332596,1
DEL_4773,404,12.183474054804806,4,12,1,13,0.19717554706224685,0.35422982036616696,3.055062352533793,5.674586456883588,25.127890684511332,0
DEL_4774,496,45.33266984737046,21,65,2,0,0.3388598242114641,0.17150903671864376,12.166021883806092,59.98674973070084,89.66404990872239,1
DEL_4775,261,23.202097900335925,14,29,2,2,0.3863085267889331,0.45749352891940903,30.663232251615913,2.55810113627194,59.17997364654292,1
DEL_4776,464,25.50315269098401,11,27,1,17,0.9097143928168339,0.19763816650857655,40.78351148500879,1.5084014698709487,79.29708111990112,1
DEL_4777,441,36.75915729666432,18,44,1,0,0.26505276185032844,0.48271745062279947,3.0584311934451422,3.752049101202351,51.59884170487668,1
DEL_4778,408,41.937810651718294,26,35,2,10,0.5556787787459991,0.06363110891404464,42.09553962118602,32.224655856448784,90.65564892156964,1
DEL_4779,478,15.635423449769432,8,18,0,4,0.24786436917271157,0.2223990777216466,1.081831809634632,1.534682280041581,33.29559960343076,1
DEL_4780,442,34.7607562944648,17,39,1,10,0.41768150949147886,0.026356173703798464,36.007359340518626,11.483601520122726,68.44647938728666,1
DEL_4781,486,22.63991197501168,6,24,2,5,0.16847595935832413,0.4616630273202269,22.197607403438493,18.905230887816863,45.69934303220331,1
DEL_4782,141,21.59163158017826,7,23,1,23,0.4349333896713019,0.22204355660280536,36.77059291090177,30.66968444092658,63.09351180335722,1
DEL_4783,453,36.051162077329465,18,29,1,6,0.23957220498123002,0.5983448504715095,6.839054880823985,7.801776920852945,49.79019979053859,1
DEL_4784,208,22.423247337017045,20,18,1,12,0.2156313908662181,0.22566569585788285,42.397259979061225,7.343014362503658,46.801353828129784,1
DEL_4785,150,20.574882507398343,7,30,2,22,0.16208259085909862,0.2591382800279159,25.598883055121696,21.095831651792466,49.17251193991371,1
DEL_4786,349,42.61497836568091,19,55,2,15,0.12341219252558575,0.08044306287714968,5.969654933720591,2.6154627784963327,59.204379628338515,1
DEL_4787,440,9.557425572395287,3,17,1,2,0.5839298557147814,0.4677323075595098,6.208527694335461,7.442284074752895,39.366035918488954,1
DEL_4788,482,35.415168027359485,22,33,2,14,0.3069523580511291,0.20297992434547435,6.629185550821107,12.184470596745747,64.21228424582274,1
DEL_4789,120,16.192642720578107,9,19,0,7,0.8324960303883817,0.2753648017871484,13.329649823177178,14.451401843850821,48.808261610060555,1
DEL_4790,399,5.697420882178564,3,5,1,21,0.5600446499261159,0.22382039641972473,3.011547075603118,1.4233204457579856,31.13687368140617,1
DEL_4791,238,12.50439209927114,3,16,2,23,0.20201021813889833,0.3659528759286621,8.524169938814778,24.223542507623222,31.12224402329592,1
DEL_4792,458,32.29976883991405,18,30,2,19,0.8222398410289626,0.4789609749547456,1.0508742902935386,20.46132488892501,74.54660966791837,1
DEL_4793,423,36.91072361686719,18,37,2,15,0.4540122739391578,0.07662412027659166,6.654877389248095,4.575989871542141,57.45797838502801,1
DEL_4794,484,5.947600260034402,0,6,2,16,0.9142258919086246,0.13716256299514493,16.482171782653598,7.763893314885779,55.65535337171234,1
DEL_4795,191,6.639144948577407,5,8,2,12,0.5045389041775393,0.5408117100234623,13.35456904128755,5.814891809502654,39.19028816589169,1
DEL_4796,379,45.61439516793289,22,55,0,2,0.15533228975709198,0.28475893891122284,5.7087132884163205,47.622281043265836,68.2816256474547,1
DEL_4797,224,8.298761815117393,9,5,1,2,0.2318001681317148,0.45176736261327083,4.460008446233925,10.524601929248316,30.116997713204903,1
DEL_4798,496,45.23819713774571,23,51,1,12,0.16552543683852447,0.16306866601267703,5.9423004873057055,3.784170595233216,64.65601262623807,1
DEL_4799,210,15.267466118790761,9,17,0,16,0.9940992345206707,0.3143724771389347,1.0812644995975869,16.4425584891625,56.74433449627578,1
DEL_4800,453,38.300801007119574,19,49,2,13,0.14939882987990302,0.3187414511893289,4.46755130269152,20.687490517002427,62.58571404118922,1
DEL_4801,238,18.937996202570545,6,14,2,4,0.5899752107607519,0.44941404630014636,18.46764277437896,15.54117516124095,55.83760078533941,1
DEL_4802,372,43.64384115241327,20,49,2,11,0.1549456073490972,0.12666650937410137,2.953891614468235,1.0465938670440496,60.589919770522364,1
DEL_4803,198,36.52046894409611,18,35,1,15,0.43090983932508664,0.1326795814706337,2.231512501242941,4.071673858087134,59.41410745128355,1
DEL_4804,351,23.081605637076283,7,33,1,5,0.4302470243175551,0.08213760370926262,28.067612399446052,5.4012180778042165,49.449879358321226,1
DEL_4805,437,8.433610437833579,5,7,2,8,0.9581922503924742,0.34708644487477797,4.048663373547191,2.9335442040389714,57.792167563683755,1
DEL_4806,203,37.97150827418632,17,36,2,15,0.26156625484976725,0.1564039388206157,4.337331439017433,7.878273013489656,51.31590902263852,1
DEL_4807,313,32.75981401843317,15,50,2,23,0.2660059549714614,0.14513801771578,9.327439640677877,4.619097525663902,60.355163804255625,1
DEL_4808,348,5.1310273025204935,2,6,0,3,0.5231466531658802,0.4375955860710699,9.577384834666418,0.445715858578861,18.10496798052346,0
DEL_4809,251,5.42389351876004,2,5,2,5,0.5892877763688983,0.25221994534680964,3.090653227197942,12.66835605798977,45.01840611737185,1
DEL_4810,349,41.395683793671225,25,50,1,18,0.9148081580847416,0.2759074483326124,12.183676345710271,6.871720323884509,82.27904340084238,1
DEL_4811,374,16.672988246083424,8,18,2,0,0.4176584603819855,0.098656625404956,17.848154563311585,0.34214367398927914,49.89418417031708,1
DEL_4812,264,33.626015047762955,19,35,1,7,0.7292420068213912,0.013955757593671788,9.939054628838905,32.41860752860806,81.41181728474932,1
DEL_4813,440,25.439648889436135,8,34,2,5,0.4639811440475522,0.4782192298526956,33.869167952457126,12.63343856530253,59.55676701552254,1
DEL_4814,107,43.85435065347953,19,65,1,2,0.486359504602482,0.09830420378942596,71.67903663446036,0.9218702132676401,73.78521047625927,1
DEL_4815,383,46.26325008961199,26,66,2,20,0.48126277847040866,0.042457757782141455,11.281058489896903,26.421670340419766,90.82997523794883,1
DEL_4816,104,49.85634707054843,21,58,0,13,0.31775558816108973,0.030151047200248308,54.01057393582099,6.554556395705529,65.33537893259965,1
DEL_4817,244,11.915786111326106,9,22,1,22,0.17890069320417026,0.19785933911313,15.59759867191859,3.286999728014014,35.429959072057585,1
DEL_4818,200,43.833382091396395,19,41,1,1,0.39238231547552904,0.5150753416114746,11.287277409917792,0.5651865266798499,55.94719759787055,1
DEL_4819,263,16.97096195279608,7,16,1,15,0.4945190365358556,0.45550905387100776,30.60613158417987,16.389530796177013,43.63693186704267,1
DEL_4820,473,31.586714370297845,16,28,1,21,0.5560974995581724,0.12071883772883583,50.94094425405448,41.81015135292483,77.75878447061298,1
DEL_4821,246,27.75977752411449,14,43,2,12,0.3263221618896398,0.6103070264702856,103.75975222744945,2.4594234660253713,84.88565220262299,1
DEL_4822,163,5.809465920757445,2,7,0,15,0.22283769856370914,0.2821482487908899,21.355352041235214,6.473061030322299,19.228633070298798,0
DEL_4823,190,46.97470759577426,28,40,1,10,0.15941123656059977,0.14854130442813193,9.962576851742446,3.2539911504229666,50.95622551951455,1
DEL_4824,216,8.52471748171483,2,20,1,10,0.49880055388470934,0.44471521791979246,5.265430940384682,10.196768902185458,39.46319321841186,1
DEL_4825,453,35.969851373348114,13,42,1,15,0.3676486835668804,0.30687905570686635,12.24602536562725,24.602934619855002,58.2195349478747,1
DEL_4826,366,40.32530762937179,12,48,2,9,0.8107970388248631,0.10850472542281346,22.544408652692205,1.6807679769856816,93.31747745699475,1
DEL_4827,409,40.78795320714579,14,55,1,16,0.7043189719710584,0.16028744078583868,0.40786383667692544,4.249454579799574,73.53585297564369,1
DEL_4828,272,11.097253351798015,2,14,1,11,0.10328940860275512,0.11267409194527961,4.6724663451636,2.1589862372182225,21.32264519317399,0
DEL_4829,146,25.140647772858745,14,39,0,4,0.5837908034412058,0.3165886677402226,6.568356243907333,3.11573426501345,53.23325688094495,1
DEL_4830,239,42.32429916952909,19,41,1,11,0.5054440959885427,0.09914641331590782,22.708353810960794,1.6701759073249507,60.124450687825615,1
DEL_4831,345,18.620564467043963,11,21,1,2,0.30001320474458737,0.4552633949475698,14.261372807082896,12.082187132524108,43.53793449860024,1
DEL_4832,248,26.04869039185986,12,24,2,18,0.9868200279809181,0.4749444728523601,8.31922175155107,0.5336983751462121,63.99101360345006,1
DEL_4833,345,17.275725171493058,10,23,1,9,0.7033504795896445,0.16727143631677308,37.74906985049512,15.666825629674504,74.31967651798192,1
DEL_4834,494,25.859813804839586,16,25,2,15,0.203825141874751,0.3252703111562211,11.58760475416345,1.8395570404872776,37.409395943974914,1
DEL_4835,104,44.952706516679605,22,47,0,18,0.9582027578049613,0.19169907416697277,19.305541221944424,3.722047519292378,79.15961857499178,1
DEL_4836,283,25.480590396474625,6,32,1,10,0.10896476403585412,0.1472976930722503,15.98371037260019,5.082580561927357,39.2121721178074,1
DEL_4837,119,30.016040768344418,20,32,1,15,0.5378563931971312,0.3648800697558531,29.332705699607622,5.756815631786612,69.37912012692514,1
DEL_4838,145,23.17893274863876,18,35,0,9,0.9978389552401946,0.2005344809650285,25.09993936394691,2.2783036596955695,79.922960180284,1
DEL_4839,111,25.705273244149648,13,33,2,14,0.3387889796971689,0.3474399607205527,67.69075455652248,8.05222819101147,72.1213198186474,1
DEL_4840,169,5.682838957088976,1,9,2,2,0.45322885108820765,0.29373338104809754,7.150981948361766,27.018813570932736,37.853323842160336,1
DEL_4841,116,17.768547948220522,8,19,0,23,0.13382556564030487,0.04714710393899456,2.702556560260152,7.365958182409875,14.663340943083366,0
DEL_4842,470,24.6461774783821,11,25,1,9,0.7668104890266682,0.6821085775581321,21.39534952900487,0.33898346724812833,84.62982109355997,1
DEL_4843,246,33.5208639196728,15,51,2,11,0.3034925410689858,0.0820834557785674,31.15734717499679,5.419397557470938,58.781750659515204,1
DEL_4844,253,25.252336874925145,17,30,0,8,0.7649233895650976,0.4537640813307825,0.8385898708445905,6.19291781765645,57.1018652123303,1
DEL_4845,403,20.201766949470382,12,29,1,18,0.852839359062287,0.43101712451229435,6.071704914613614,3.9979395605680965,62.94007967495122,1
DEL_4846,207,22.464443090487073,7,26,1,0,0.289746150559245,0.14983658763702565,24.69106648085158,4.211264844988031,49.494763016638835,1
DEL_4847,335,15.903199814020994,9,15,1,12,0.2304464123228311,0.19165015920322284,17.253467109719697,2.6616203874650504,36.712954253584314,1
DEL_4848,407,46.60224272483238,18,54,1,6,0.4227846836091216,0.13498206616090372,21.11592171617542,37.66869136459348,78.05950968767128,1
DEL_4849,451,28.478445160591157,14,25,2,21,0.559639224781024,0.6166674422723808,11.75263312822047,9.046086663028566,77.45249114311615,1
DEL_4850,169,5.60342542424554,3,8,2,19,0.7237686826495711,0.12208993104463693,7.215097468734568,9.234140060233965,42.997625361185726,1
DEL_4851,282,5.875081628879598,0,7,1,20,0.19463057196384767,0.06931604890339059,25.021200586434556,6.6532242934301,35.6291094138809,1
DEL_4852,349,48.78327357284187,23,57,2,6,0.4002642398556885,0.4413216182588613,12.129719923127526,11.51411451837577,77.2964356253259,1
DEL_4853,327,14.965290111796026,8,15,2,5,0.3267812543873444,0.2802772725033797,10.854598082966278,6.604510101775886,44.168969587181564,1
DEL_4854,201,41.25237299664416,14,45,0,11,0.4590523027834842,0.4522643122374924,19.911568335618377,14.014172219111,68.79702743642801,1
DEL_4855,174,7.622388570225851,4,6,1,3,0.2439426635866098,0.17615801626262725,3.1768811452219707,1.1081820503204254,23.286081789829296,0
DEL_4856,315,46.45232315125471,26,69,1,19,0.8263990341396471,0.540705922762742,13.228494159719508,0.36155434012480264,95.36396817933725,1
DEL_4857,498,44.34876516500053,24,49,0,9,0.9162922015627106,0.10353379506065089,5.445026048779991,9.918125789927677,82.72555804153669,1
DEL_4858,302,30.699192309553162,17,42,1,18,0.8498488461024689,0.14030371957646534,0.32524206181160065,15.895432935640983,81.79954159949828,1
DEL_4859,291,5.40493957774651,2,7,0,1,0.4646482057548982,0.021928747466083812,20.72664184644715,13.268150358413196,37.83435143266255,1
DEL_4860,348,16.60148933105019,6,17,2,3,0.49794687429628726,0.3921496384053371,9.656372673877241,6.102804994265151,43.66716117911182,1
DEL_4861,341,23.30701913293092,12,19,0,14,0.2644757274097693,0.1172475987949629,35.033975600437785,0.03866349908657611,38.221755283412705,1
DEL_4862,278,25.70288525364028,16,37,0,5,0.41148591886334707,0.15501937203972768,10.40219613685626,1.5450338809345443,49.77898921655638,1
DEL_4863,318,18.395544135306743,8,28,2,0,0.18929569493965223,0.5319168253386122,0.1536225736316186,5.971570557465709,40.02784495825823,1
DEL_4864,181,6.482654071048849,3,7,1,17,0.8752744713754164,0.6466499311424415,7.882676495980398,13.100473924724485,71.11662913267173,1
DEL_4865,191,31.555733266694396,9,42,0,7,0.7256289606292442,0.19405705905957532,2.814360998243037,4.488384433179843,63.50921024416079,1
DEL_4866,274,28.586960046264018,14,40,1,12,0.18547737281131468,0.060580599137610124,38.08958809638844,9.101176158331777,59.72291422644941,1
DEL_4867,338,17.735028594308496,8,15,0,18,0.7637715119273736,0.41631480699416346,8.85341813055476,2.3160995838702774,40.04880626764567,1
DEL_4868,359,6.708918540632293,3,7,2,15,0.3112421404748482,0.3751854385383241,10.72150577728601,2.2296718303126433,27.40208119207784,0
DEL_4869,490,49.756738424987304,25,54,1,0,0.4217499566747167,0.18317353966233102,6.823687353790472,16.293584323680122,68.50091432453127,1
DEL_4870,464,26.689378407188265,19,16,1,1,0.5046066797880808,0.3744790488531682,11.079206754081124,6.923488209915883,61.99763999575138,1
DEL_4871,262,39.02019087983347,19,48,2,18,0.9305189582941255,0.11003979020032026,1.2963178153702175,35.719576584869934,97.58520245081003,1
DEL_4872,147,25.3541315773101,11,29,2,13,0.38233002701103613,0.13461802992421312,9.207641759513026,2.8484632287825646,50.767698798576156,1
DEL_4873,428,6.942663088832365,5,14,0,14,0.28580672954921293,0.4336208849835824,16.334830558069722,7.1253156666925905,24.218742083930184,0
DEL_4874,427,18.932033528847505,9,15,1,1,0.5592615182529341,0.037348382078790134,6.984304785085965,2.503294545728654,39.961438140334224,1
DEL_4875,215,19.404956345265553,6,19,0,12,0.1667710039354596,0.33500931173721,7.480180911125338,3.5478385400937498,27.84908867608911,0
DEL_4876,436,42.72588068220572,18,51,0,19,0.7591432123700615,0.4529430217222045,27.24873855367923,12.261750730633125,87.46433055403259,1
DEL_4877,436,34.44034900999435,18,43,1,19,0.7646668273835254,0.23204404763724626,11.538319423157473,28.846131715729086,85.06769364373578,1
DEL_4878,468,17.394345663776278,8,23,1,10,0.38570533813722696,0.20058938503163007,13.288180576691083,1.6494575706048256,37.48401715322052,1
DEL_4879,324,48.54829795965887,25,56,0,9,0.8090235121283308,0.3362700291275564,5.282063748616583,1.6654270416823946,76.73467461300643,1
DEL_4880,451,19.46938245790421,13,31,1,1,0.17302207787381294,0.1418398624402311,9.895099726464704,36.55534717338928,50.05669418615603,1
DEL_4881,427,49.92053116229241,25,60,2,16,0.8405362839649102,0.2793043708633182,0.8320668465126693,15.994235180192348,93.18614933998212,1
DEL_4882,246,49.82736619266184,26,55,2,2,0.4918797602952728,0.20006562205556844,8.43959985299699,4.501969013614388,79.24146720093732,1
DEL_4883,162,13.60447329860338,1,13,0,3,0.4726548625407525,0.6071763034971193,24.34511624801053,6.269374203556424,48.9321314290341,1
DEL_4884,393,19.073350228478006,5,24,1,21,0.42272110133812724,0.25867136560165926,2.6413485678296587,18.664960062977382,46.11879332826795,1
DEL_4885,422,26.87198893180944,21,34,1,4,0.5962498359921818,0.13781034413697882,21.689244271565716,14.400622446631536,61.141563218054166,1
DEL_4886,424,34.884530201655096,11,38,2,1,0.5863173853282021,0.21176289129696613,7.031241389980184,11.284410424504049,80.72912857863952,1
DEL_4887,112,28.762135205170967,20,43,0,3,0.3000024372113951,0.24127261920101076,0.41151934876886337,24.004696521467118,47.953764498193955,1
DEL_4888,288,48.62486611095156,29,59,1,11,0.19626717133230617,0.18582802846556537,45.93059709745774,4.49473657202997,67.19794010908679,1
DEL_4889,386,37.57951239060612,20,46,2,5,0.33191913491076763,0.1986233099230508,3.00162089482679,2.847764500751872,73.72611643838839,1
DEL_4890,307,14.542018222233848,10,22,1,19,0.8902649319975815,0.20681853810418108,6.1143012636800895,6.327202702890459,56.54496784031565,1
DEL_4891,213,9.729389759613724,4,10,2,14,0.32928154385036545,0.5266014526977464,9.829906464720315,0.08996719441729582,34.642224498674594,1
DEL_4892,121,35.97805808192105,19,50,1,6,0.267990982526603,0.12561469097065267,44.7698733299747,8.493925604264472,72.22717422639737,1
DEL_4893,448,12.130359808134335,7,14,0,5,0.4706157503031806,0.21429259279579305,13.05426878215143,5.453948210391192,31.30207058280873,1
DEL_4894,313,40.44545781510894,25,50,0,21,0.42506870590094226,0.15370842840189772,35.36210217849751,1.6978091818229726,60.61716875343768,1
DEL_4895,270,18.996650026715166,7,20,2,13,0.5843488350378881,0.34335467052085694,12.467708705735502,25.000031331290902,56.72761792747586,1
DEL_4896,422,19.710196837502295,8,15,1,17,0.8188431556406559,0.5483355584640469,3.4486676164070738,2.594235028731859,51.32004065107107,1
DEL_4897,153,5.4859276575280385,2,7,1,6,0.5837360955333396,0.44261861397745694,12.46448804777523,14.688651458836304,53.62573691341152,1
DEL_4898,493,36.545507019276826,18,36,2,5,0.2454681556620992,0.23810925861414237,1.5878164125248284,14.678797190059175,61.90727093040158,1
DEL_4899,397,10.09713888791086,3,19,2,23,0.5324120801635929,0.29862852710848214,1.8674516821940643,0.5222829409958161,42.38638601431128,1
DEL_4900,419,39.77962598585832,19,50,1,5,0.2754625752787204,0.5437605799159486,1.843792848061745,6.695875586774584,59.52730452390774,1
DEL_4901,225,27.134051986274304,17,31,1,5,0.5048378711958192,0.3988648531547875,0.18492637519827565,7.763763070269299,50.593932948954766,1
DEL_4902,376,40.29259167295561,25,54,0,19,0.7115642417203172,0.2914949605313897,2.4605079824530365,20.413557691127053,78.90615064958419,1
DEL_4903,303,31.276694263898356,18,46,2,21,0.41159554227318584,0.18590782713032591,6.530645170380265,11.752125719557014,63.91844269590464,1
DEL_4904,293,8.709497240854585,3,10,2,9,0.7445088433062538,0.5712614379776687,1.1227329677614892,0.7850011417203973,50.836987633886764,1
DEL_4905,268,39.45435515173324,13,42,0,3,0.5793198490819671,0.18155303479395604,0.09272912174713416,7.147239568978179,57.2582998236456,1
DEL_4906,251,8.140976820263738,1,7,1,9,0.7836270442060286,0.054362060531822326,1.7863453084222536,4.294759452418431,40.68160418538095,1
DEL_4907,134,26.541577425619952,16,35,2,21,0.35579186279461694,0.23660559723906419,41.24669031116804,2.249667679998287,53.791848304434666,1
DEL_4908,283,12.755714636523347,3,18,1,0,0.5491459603825928,0.16335763243239618,11.186759022510552,3.8762775105675473,53.98483695008989,1
DEL_4909,385,38.85508300900482,18,43,2,22,0.4364079485045431,0.17979441207963837,8.5645695549244,22.007641622470032,74.53932987828638,1
DEL_4910,156,46.021605251275695,31,50,1,13,0.5367955523516654,0.23080431015716615,10.016791168842667,11.610950914249269,76.34008965021773,1
DEL_4911,321,29.93567735112234,10,32,2,17,0.7885521919097298,0.39199205391116904,12.138763231550868,6.860158025863396,69.97960305775199,1
DEL_4912,402,28.721628243463122,12,30,0,21,0.4698660411107467,0.46837558940895546,1.7114983188945763,15.296491100908979,45.720786957770734,1
DEL_4913,262,39.37834383465281,27,49,2,8,0.9892532784770198,0.057960832124815,13.183353296189992,41.38794487178241,117.77382510077203,1
DEL_4914,118,5.2285465839077245,3,7,0,9,0.8689484336649053,0.6865211000443102,26.956710459475893,31.434755182037346,75.97600541960513,1
DEL_4915,469,46.29913891858223,22,47,0,18,0.7021984363764413,0.14364475422710218,12.33672370208688,1.2224703732553928,71.03376691697613,1
DEL_4916,363,13.885196769100927,10,13,1,3,0.30200397518401045,0.2855494277883954,32.18983113036141,4.846623205116171,45.24535056526068,1
DEL_4917,381,49.28534977218067,35,59,1,20,0.2814233632779777,0.21097239233461573,2.2315066474407788,4.507278195675128,56.7398490998519,1
DEL_4918,212,38.1314276582208,22,49,2,23,0.5757761178916504,0.2460247040321986,26.220704505863004,9.685125114662998,80.7112010634373,1
DEL_4919,426,39.8413016465302,17,57,1,12,0.37627424593057646,0.16403776345183774,16.297927617855848,1.1371811243439156,58.59856254206245,1
DEL_4920,129,34.5291341168123,17,43,2,9,0.7735256883923645,0.6801121831528812,13.882698007893536,30.569324424822035,104.72629129015893,1
DEL_4921,234,26.22484322533221,12,43,2,12,0.3361133444352853,0.482849490959432,13.329160484628073,18.308216956475885,61.27182992044519,1
DEL_4922,166,30.723246201252447,14,35,2,21,0.35933563852746153,0.6287419864838312,1.8995466680549868,1.5718062827042396,67.76197976420467,1
DEL_4923,164,7.088129870680655,0,8,2,11,0.5943658170288161,0.16865774938283365,15.405922933059227,3.5206761865002747,45.23786025975122,1
DEL_4924,391,33.07817792444064,18,36,1,23,0.4591097694916061,0.30705198592939553,7.6319199912216,1.8526989100145195,53.1137529671664,1
DEL_4925,124,33.174414589417104,17,30,1,2,0.3597010652888145,0.325884469037209,0.9801898740315431,7.793143849988919,45.95931663785081,1
DEL_4926,136,45.10403588308142,33,52,2,18,0.7272402401273508,0.25692817017817016,3.4460303928927525,26.50060960781402,93.4049558624018,1
DEL_4927,100,27.754536084359874,19,41,2,8,0.8655772425680179,0.14997063816568137,8.766489620472528,12.415043976952461,85.30885200377624,1
DEL_4928,498,8.471496833872745,7,11,0,12,0.4229705381384343,0.2245959593097393,74.3808325621503,11.162442525887311,48.11635399311956,1
DEL_4929,136,18.778816421693655,12,19,0,21,0.2780433942709445,0.2272097330384282,8.449322258804436,0.9289412316119032,30.340281670276525,1
DEL_4930,240,34.50332354514428,22,40,1,7,0.8255640005758043,0.3828448963569255,2.4338732634210727,28.41117766461522,83.50198335203407,1
DEL_4931,331,15.766648823815876,10,21,0,3,0.23906239168055346,0.04808306163457339,34.797426835329375,3.9546628853342094,43.27095109061614,1
DEL_4932,235,17.623751983493044,13,20,1,20,0.5802143407314012,0.18585723750216712,0.538101741095018,27.64716294041176,61.07587071962682,1
DEL_4933,488,41.9211057362384,29,39,1,8,0.7592809660840621,0.3379554268242739,2.032603150865598,7.262230097029503,77.96586962143917,1
DEL_4934,287,31.294387929321907,14,53,0,6,0.29614913112997454,0.02261542900592611,9.628966128261405,9.029162739639904,40.266016267187695,1
DEL_4935,227,27.88373442981076,14,39,0,20,0.19160660123288561,0.09064968057589423,1.4605327121478948,11.14641770917561,43.533219573645376,1
DEL_4936,300,19.330338506261196,13,25,1,22,0.1885095424491238,0.030503769350750044,12.714967693820059,4.084719303297155,35.26205848741221,1
DEL_4937,226,37.8917616169865,27,48,1,10,0.3388711095107162,0.34656645347740456,2.575480345696195,21.662207227211113,58.03040399751289,1
DEL_4938,356,17.947329552051322,7,19,1,14,0.3337835249884772,0.3141299419642217,15.784124893838229,38.14127500890164,49.968032770848644,1
DEL_4939,263,38.167858293987884,18,56,1,12,0.308894319383724,0.07045867826030325,1.8777392871659333,4.000483681228129,60.54473226234963,1
DEL_4940,134,8.154566612034891,2,11,2,2,0.5259030143278961,0.5551401300121751,24.91920272656658,0.001686460257231809,38.3577869273733,1
DEL_4941,293,43.90436037119376,24,53,0,2,0.5895915584401886,0.49934117858649446,19.85430213371918,8.948779627407351,82.62584816724367,1
DEL_4942,290,27.480490851916976,15,31,1,19,0.7703772958507318,0.242712596418881,38.93485706386581,10.782863545451912,73.94931516577705,1
DEL_4943,203,24.73286075145365,13,38,2,10,0.24730531707577,0.037619392248400246,1.0630641252342308,0.7871527282462234,48.48834641067781,1
DEL_4944,122,32.49605351938661,15,35,2,22,0.4850553910509381,0.3736691380735843,12.155228597551382,13.40968775087375,60.63611731506503,1
DEL_4945,364,33.08864328033217,14,42,1,20,0.3248964722952885,0.3879652979924462,18.508935026524387,4.144855395861124,55.10529030686123,1
DEL_4946,389,10.9415829600498,6,11,1,4,0.20878429642061883,0.29499223419952525,34.943871226592464,38.233067984580195,40.00884440932501,1
DEL_4947,483,39.030511541729595,22,51,0,19,0.9895719335380577,0.2186668019669507,9.868262620181358,18.246956749020935,98.39694405088197,1
DEL_4948,359,17.41677340775283,9,22,1,23,0.240283879195587,0.14484843402129344,45.335981727401126,0.9042039352926026,38.82834652090272,1
DEL_4949,457,45.72328460764613,20,59,2,18,0.7260506177559164,0.1373308491268467,1.9598209996423852,37.04601959058478,94.14965509048095,1
DEL_4950,174,41.80327985366746,20,61,1,11,0.5707149692907296,0.26935212891038396,8.517004914836873,3.093267460815251,67.07594184442569,1
DEL_4951,454,20.581971869063683,6,32,2,17,0.9084339838460316,0.6881651454608609,4.378805858822309,19.213306471748425,100.50676139573518,1
DEL_4952,171,41.34826819403215,16,52,0,3,0.14142358600871183,0.22330836213017566,2.5331714907414074,12.369659354686304,46.171721836436156,1
DEL_4953,358,21.03757246849569,10,14,0,7,0.917907049940954,0.08973809145642404,5.069523619282715,9.22220077729959,51.514273159311855,1
DEL_4954,497,9.542645673621827,7,6,2,13,0.26166890470414994,0.15804445431095096,16.39175321389216,32.37664875440191,46.031970476993514,1
DEL_4955,287,48.28497074265686,24,55,2,15,0.3758469715653596,0.3089385998787891,9.901561664836391,11.173056706208989,80.83973921440558,1
DEL_4956,272,34.3670906846948,16,43,2,19,0.9312619477224717,0.08901236882373115,3.005122422825302,23.48442826814214,85.17310802280825,1
DEL_4957,389,25.524478699816626,13,38,1,7,0.7282213952310618,0.20701882959336407,0.48350567535840183,21.102087831846497,60.95167230478035,1
DEL_4958,144,22.899800818896786,14,24,1,4,0.5788082411098612,0.15896451628087044,38.55692112629893,13.383314121193283,62.334668316842574,1
DEL_4959,160,19.61174004162188,6,28,1,8,0.9335296727083536,0.1753440674615791,5.65613984823234,8.088772283025818,61.4265386914461,1
DEL_4960,182,49.16514179431082,25,60,2,1,0.5128993849450674,0.44008770101034134,2.047352541515682,1.2397582661812065,78.1199290721515,1
DEL_4961,222,11.063626930890834,7,9,1,7,0.9463100410030484,0.3756092417832354,2.3699547134792636,2.0067578583887427,56.83850164063418,1
DEL_4962,457,19.166227651425572,14,29,2,6,0.2904806029438771,0.18663709512336207,4.383906416507094,9.132186862578886,50.56482773422368,1
DEL_4963,115,26.847393812719858,17,32,2,17,0.8656678698218065,0.47890521380507334,3.9362998215232508,4.8453112428829,75.1319325285898,1
DEL_4964,165,26.509979527444013,15,27,1,20,0.3258484808727895,0.2664121530680406,4.918192061880257,2.796016067024964,39.706742162811196,1
DEL_4965,244,26.211491798352956,12,27,1,21,0.22994589548756136,0.1432266483351854,3.8332576481018683,40.96653978439579,40.90302934225126,1
DEL_4966,474,12.910271712367182,10,8,2,8,0.9978903015644953,0.593320297885098,8.448811979081846,23.474919604626024,71.18082358039122,1
DEL_4967,261,11.521963719927525,9,12,2,10,0.5241787892034282,0.22209632006047547,21.761127870761186,6.751410182330383,39.30544655461029,1
DEL_4968,333,16.464541384787903,14,23,1,11,0.21899367222896013,0.16882658943497988,0.4133268586678047,24.583643907801843,37.02062079050066,1
DEL_4969,479,46.15367692109252,24,57,0,7,0.769423299056966,0.36606623833692464,3.1693868328767842,0.7356360719093293,79.05719041090751,1
DEL_4970,243,10.087383552552957,6,9,1,22,0.39344298317070436,0.22678141013166134,18.671192739486962,1.2540298412238888,35.54095369008333,1
DEL_4971,457,39.084129651799614,26,47,1,16,0.8895495913142187,0.6444458219250033,2.4180376576642253,35.48698840811736,111.701054649311,1
DEL_4972,287,39.08967769100171,18,51,2,18,0.7104130428360134,0.20428164432245408,20.283000361234503,14.007798584004728,85.38640415882092,1
DEL_4973,421,41.4396681753768,24,53,2,0,0.11286637970732902,0.36790472097892857,10.8482072667371,17.342904383174027,67.07575028850563,1
DEL_4974,112,44.897697004521,22,51,1,21,0.14388526561100443,0.549358744413174,32.007186460800256,21.46926713968052,59.943696390237506,1
DEL_4975,283,16.836627989251863,5,20,2,2,0.18948865323226657,0.19989743157147527,0.15317917324728397,0.6563109053059328,27.159558406429507,0
DEL_4976,210,15.105176117100337,9,22,1,13,0.34219932183310175,0.3583231573762435,23.01193363282564,15.182425571459547,46.45484405917009,1
DEL_4977,389,25.947754993736588,13,30,1,17,0.9294508559882004,0.15730739420649728,12.7368743557802,5.295597159342623,72.99444125275333,1
DEL_4978,394,16.929012593841627,8,21,0,1,0.17449808595679003,0.4187776212072525,9.491470100446438,20.445034368803917,29.491851172233346,0
DEL_4979,491,38.04394950423984,25,44,2,7,0.743907535180809,0.22995034416209872,2.3624382165787368,5.886179942788367,86.59090597388254,1
DEL_4980,314,33.617280953364514,14,39,1,16,0.9308850157318005,0.42509931192867934,3.9998347099095235,17.51227929193807,86.44434559127738,1
DEL_4981,219,44.374445962369315,24,46,0,8,0.8082298873989069,0.23920947343530077,23.128788909282907,27.786936293862993,84.66088750534807,1
DEL_4982,481,8.72322365691822,5,5,2,11,0.186155443133549,0.4092818311072548,2.420303489536167,4.973294056254382,31.55844040901541,1
DEL_4983,154,46.178750001113364,27,66,2,6,0.40485551924219276,0.11496600257323786,11.240906198810514,7.604171469453614,78.29553603908742,1
DEL_4984,126,18.20068820015403,12,19,0,0,0.12226561283264245,0.11244378602895042,3.49089649923289,9.251341729135392,17.897093698301227,0
DEL_4985,217,27.08124556671428,17,32,1,20,0.2939386059067989,0.28473376245305765,10.078766661868086,13.970967027331806,51.82414947843196,1
DEL_4986,320,24.737514617283967,9,23,2,20,0.5474428367916007,0.44747537356561984,4.410339343708037,22.302887946266303,65.60944274597573,1
DEL_4987,330,39.214024299699076,19,44,2,13,0.30983513785138506,0.4018924331829416,6.4874179889902255,2.834593229435056,58.93439801163299,1
DEL_4988,152,23.914998924432915,6,38,2,1,0.3205399682960123,0.1219292840436611,24.32601343497731,34.9453148225242,66.41144620071972,1
DEL_4989,394,47.459891554223425,26,49,1,16,0.7153595771943881,0.3280350440855595,0.5673556658428954,18.47794223279644,84.37071841938173,1
DEL_4990,420,45.6140247187359,15,67,1,6,0.4026821474447899,0.5203306432015039,38.71427199101611,1.8033796791833754,76.28291831970154,1
DEL_4991,332,44.24725183862779,26,70,1,14,0.568201399785727,0.3609440223586589,5.771308607306072,4.9107820582840045,82.81278137473672,1
DEL_4992,257,8.206624969170255,4,10,1,8,0.9141919624217143,0.14991567251440546,13.596662518868955,3.4740117402305195,53.400014217814835,1
DEL_4993,368,43.441612769927275,23,56,2,7,0.8728519602488621,0.1835321969723715,3.760697230721971,2.0782827371085224,100.97177023638733,1
DEL_4994,120,40.17359504494447,20,53,2,6,0.3940790510136438,0.034706514552573564,6.664690731412978,12.4186397295631,78.24816042100682,1
DEL_4995,152,9.658082615275895,4,12,0,3,0.1466055800820811,0.31359321790175954,9.233498790564116,0.8166979304730473,7.999663511724281,0
DEL_4996,374,9.833644644629985,5,20,1,9,0.8575921416724231,0.3105081475210467,17.50722084101757,10.958668385511224,46.75383353981884,1
DEL_4997,412,9.552371518289352,3,9,2,6,0.33379833688340876,0.1588889662995999,30.964177521186556,21.103077457149222,45.89933733908939,1
DEL_4998,380,5.509966694201939,4,7,1,14,0.15754815219305632,0.31358529545409514,30.16322808325586,5.391020527949544,13.681097900109137,0
DEL_4999,313,29.68854373375626,11,35,2,12,0.26761362867316085,0.35224663868828,6.164907980025912,8.072459236204013,51.12867626032052,1
DEL_5000,130,48.80274311462195,16,61,1,7,0.709173727399681,0.23377109554039827,1.3934449787935126,1.8678193084078276,83.76218389471818,1
DEL_5001,436,24.74081163049071,10,28,0,8,0.7711194755630123,0.26139444670222306,38.85773611930638,15.29315177606199,68.51035944566954,1
DEL_5002,282,29.334087584931037,7,31,2,8,0.8904991573496992,0.6290069762325737,0.4676593314981706,28.729310731002148,94.41922746696608,1
DEL_5003,122,48.558640854648,23,61,0,4,0.2727603646583394,0.3042268388552227,31.937625083740482,15.835399317204118,75.70123471830155,1
DEL_5004,131,16.48320029484038,12,18,0,20,0.26192698327371167,0.28459302703645517,0.39242746225018077,1.5748787552975252,27.408469864946834,0
DEL_5005,173,43.63116136692183,14,54,1,5,0.26104426179986373,0.49141165606926723,56.338511770277506,5.085878213950462,67.8789431673605,1
DEL_5006,109,29.587571024528124,13,32,2,15,0.4889242579456796,0.10042981351571173,0.16814856495734537,2.2823005446346336,56.1177002352042,1
DEL_5007,153,30.626443159835482,10,49,0,15,0.25419076084450365,0.38697692004977696,0.2571803252107878,10.68265312622518,46.229592365305834,1
DEL_5008,151,20.44282357432776,19,18,0,23,0.10699904642191418,0.2557034152748497,10.660850252946721,15.383387607150805,28.517233451164103,0
DEL_5009,247,30.271296243510864,13,27,1,13,0.28276756859203744,0.3758313658143069,16.48382793546298,44.41815015919599,58.97988637359857,1
DEL_5010,259,8.291412926522778,5,6,1,18,0.8617641078757896,0.12622757418017028,6.526063815253042,8.387984111440863,53.60375526134097,1
DEL_5011,469,39.40896076763505,17,25,2,18,0.7546220810496533,0.07969491508052923,13.967137281083383,12.169364688279872,89.52932810185135,1
DEL_5012,113,17.810949269492227,6,28,2,15,0.3389530878618092,0.6164485337976137,28.048124605145826,1.3523123662368077,68.41667020641623,1
DEL_5013,277,44.94237482722797,18,52,2,4,0.21728766706714217,0.18044572384493518,23.813995569325563,2.024623931697567,55.005391765764,1
DEL_5014,465,21.55328125733563,10,30,1,0,0.5907916722982013,0.5118611331514988,32.3226686899209,3.1628163412593375,60.28758841180344,1
DEL_5015,152,11.427084971909718,3,8,2,4,0.22337211520279418,0.18409444831420643,2.6003523222034297,0.6703431003327257,25.506068922711293,0
DEL_5016,434,36.31467084658182,25,34,2,8,0.778233075236274,0.3005892162593686,3.81635013944921,6.2945558592773105,84.79695329815112,1
DEL_5017,121,12.406016512107628,5,12,0,20,0.42477530966517363,0.12121709751516961,13.290544752354519,36.23794361038745,34.3826999375956,1
DEL_5018,129,38.91562319943457,15,40,0,6,0.33111404638722763,0.271644368503114,19.29235916798353,12.698330671578722,50.91226231089418,1
DEL_5019,290,48.565050638275245,23,61,1,9,0.9584482516130577,0.33351296440348027,1.7036272308080607,6.873116056981054,92.19574484754843,1
DEL_5020,359,40.07987909578678,23,42,1,23,0.5361912396535948,0.5605938959388336,2.8970877069413623,8.17177095479847,68.17951087045608,1
DEL_5021,304,6.0102161794096105,2,3,1,14,0.337541194304531,0.18680934194344248,38.445795600654826,1.9026779077190443,34.9854199456198,1
DEL_5022,158,31.994860462374863,17,39,0,20,0.28767856961496285,0.28214962346633365,0.39266922442450647,1.2209479158549363,47.546897246671264,1
DEL_5023,363,36.29348019363759,13,46,1,11,0.27712510244724553,0.709908113621726,7.7072792269539825,3.5975373918761115,68.49341296683495,1
DEL_5024,111,42.14562466083284,19,44,2,12,0.23793400240128357,0.260780409171251,3.5520934667502826,4.391970453939084,67.54056542592096,1
DEL_5025,218,7.520103902255007,1,10,2,17,0.9772164304028564,0.6427218773027338,22.329714876106777,1.5728961703429991,80.47068940729757,1
DEL_5026,389,26.604852257852887,11,36,1,20,0.15995899385592457,0.23460737162656356,29.88087371456443,14.108772249865968,42.24279414978815,1
DEL_5027,437,29.091689268727745,15,33,1,9,0.7008301300328764,0.5951674613690592,4.255157520998368,30.794913136733264,60.414086990538735,1
DEL_5028,347,12.610618818988012,4,12,2,23,0.3707337649960861,0.1670841443410407,13.36969224693635,2.2995278644698525,45.208734171738506,1
DEL_5029,453,19.510241436979236,16,19,1,0,0.3271307644049489,0.08698010150633263,27.79265124745884,21.851485927525186,48.77057005087114,1
DEL_5030,226,24.80997768152743,11,19,1,3,0.18669613995344989,0.061588472462059486,13.688427616413836,4.251397280852024,34.59100725572046,1
DEL_5031,174,42.494435958101064,29,57,1,16,0.831713207814845,0.18328387347552821,13.770758848874927,11.20423523899429,95.01302811104485,1
DEL_5032,460,46.82334047315931,29,56,2,20,0.17163361753413373,0.39765433986671006,7.987478906763712,1.1145788923932176,61.500279572589356,1
DEL_5033,303,33.27902730129528,15,29,1,12,0.2576222496844356,0.102465461540866,15.877447964389006,3.282186933753807,46.81702656760774,1
DEL_5034,148,22.772533370965796,15,33,2,1,0.32574233375037864,0.08743598556588923,48.40906601412245,2.064836068325145,55.3812989200477,1
DEL_5035,178,16.43139580095437,8,27,1,14,0.19667505465320592,0.06716889925401798,5.342152290973863,2.110510649424878,31.578834077738776,1
DEL_5036,340,49.19608329962677,19,52,2,11,0.47781249205868503,0.6642019939451396,3.3583711868919197,32.52047266103938,106.32770593758481,1
DEL_5037,448,49.23589991343613,31,50,1,1,0.19666218955063616,0.5021240370658268,47.60075199845422,5.427719885256169,78.00420614291983,1
DEL_5038,253,46.62396267057656,22,62,2,6,0.16206322497704242,0.12268707442180422,0.9309322493926416,2.6191318844409235,66.83883962740279,1
DEL_5039,373,40.35511174450186,20,44,1,3,0.597277434615334,0.08261997011411014,27.480244907612573,2.2546632985067854,80.49332544711503,1
DEL_5040,195,19.660079468552823,13,17,0,13,0.32385578161369455,0.15399839365597068,36.085199532338486,13.410962913770632,40.077296968261884,1
DEL_5041,313,41.76502175739338,21,52,1,17,0.9546573508637934,0.3906904356251259,3.7159394565985497,15.21097007815111,91.90617385249926,1
DEL_5042,393,23.395685777202765,7,39,2,10,0.5472784740118299,0.468106354581909,8.319292353192711,46.79956703608171,68.05376645704895,1
DEL_5043,308,19.704789416977032,7,23,2,2,0.2155458122955831,0.34448903305894213,1.9692112677288538,11.804531457785066,39.790567958312714,1
DEL_5044,442,38.51894113098258,20,44,1,2,0.5627899776795203,0.15535719093882255,6.858488693726207,7.367731999806443,68.34711949719905,1
DEL_5045,187,8.58442674291903,3,9,1,17,0.7178675684685834,0.21530014365408776,9.168602518550992,3.045511627031461,36.859763066826254,1
DEL_5046,405,7.185322548304776,3,16,1,22,0.5209073479692163,0.0881749823053022,10.687039686183674,0.48154870361578545,37.34891524336796,1
DEL_5047,363,25.157916373153352,18,40,1,0,0.19213355431129933,0.25657504568231815,1.9594815269318613,25.522115992021103,50.6500632921533,1
DEL_5048,489,25.053746036997286,12,26,1,12,0.5691688242876269,0.2555885683777348,7.753146782922177,18.662518165355657,58.60006245122388,1
DEL_5049,424,45.303986887872576,21,50,1,4,0.38712182135738427,0.3501753846290794,14.718228893796484,19.085435634709174,70.6255193357619,1
DEL_5050,476,10.676889332951756,3,8,2,3,0.19495684787382941,0.07970993328799886,10.401488745183755,4.664222816475695,18.812540496065623,0
DEL_5051,419,10.547776735358575,5,9,0,2,0.5224100271443621,0.04971148427593925,27.622395006509127,5.310366543432607,38.152097955468605,1
DEL_5052,256,11.635367021370552,3,17,1,18,0.9066048144088539,0.1536244824571818,45.2607793716194,18.370090301142007,69.32199241333505,1
DEL_5053,255,6.338131758257117,4,5,1,12,0.4664067106310791,0.27569949444363717,25.462070204010818,13.960341074331927,47.52872871133847,1
DEL_5054,238,8.227928201670878,3,5,2,15,0.42172036077815167,0.22187675648554803,0.7281163496493664,12.584400083660995,39.22866300497363,1
DEL_5055,220,34.69414400730676,18,48,1,18,0.9349301452997668,0.050213709424359945,3.6248214797250977,9.707939882971765,95.32164372784266,1
DEL_5056,164,24.421294810287915,19,23,0,0,0.27185744723778915,0.4594951109245385,1.375272171047293,5.513286403492609,39.203691454297164,1
DEL_5057,206,39.362138018960614,23,50,2,17,0.7254355460476705,0.34238639089423234,8.532972205474856,16.223182358753718,87.9024411346366,1
DEL_5058,246,49.66689733617471,31,56,2,6,0.3799065731628706,0.17042291824868475,19.299473151964094,5.372480845442245,81.13875768415994,1
DEL_5059,236,34.65656064945506,27,45,2,2,0.1387803049965914,0.3927102629387114,0.4933574781391207,15.922839399344298,57.69939006290874,1
DEL_5060,261,7.270500677905568,5,8,2,21,0.1333670036800497,0.17562123746161817,4.660152352532094,2.5349618306183084,27.652571521418427,0
DEL_5061,199,9.705328913945369,6,4,1,19,0.9270088019560704,0.4825771490154554,1.4790712500844554,10.712594339222026,60.557588383859745,1
DEL_5062,437,44.64518381666185,19,66,0,9,0.8838890265120396,0.2066530049966014,7.917237189392569,5.305327936014014,86.19414391354906,1
DEL_5063,498,28.73731750512177,11,29,2,20,0.44763981754558646,0.3811380115604104,38.92054864035893,21.163507593503404,68.85911740459233,1
DEL_5064,406,42.1176721728083,31,52,2,7,0.9954009082778144,0.34037087576385555,7.986714938354493,8.775040240364866,99.19968721345872,1
DEL_5065,240,43.54755513012167,19,44,0,1,0.212951980747876,0.2105166895393878,15.1069635659066,11.738470788497406,54.923586787814365,1
DEL_5066,182,46.74535436747836,32,65,0,9,0.9537546284669455,0.4009207968882515,7.341470976205262,1.0431391301968866,92.18830808526884,1
DEL_5067,276,47.74231424688646,25,75,1,20,0.19838974901778098,0.4921924458372985,19.721122150327904,8.204063587839192,71.96152597094922,1
DEL_5068,297,29.96716084264878,11,35,2,17,0.971433249727224,0.2993856086263528,20.38177911133429,18.209516596398934,86.4293687546434,1
DEL_5069,211,20.345907751521523,10,20,0,11,0.4143456155725511,0.20177916641948568,2.228337646787895,23.592232103792725,38.721079870271524,1
DEL_5070,155,48.28391934565994,18,57,2,13,0.24245566828756407,0.5136119926790443,15.885324110810245,15.325821486788936,79.14296271487865,1
DEL_5071,278,29.633288270055136,17,38,0,1,0.2877194608541157,0.3404155966700668,7.3250322251686555,6.507243831606527,55.83686509269424,1
DEL_5072,285,7.891372532957497,5,14,0,16,0.8852370116359447,0.2365465741995542,29.464606675683562,3.5724050854776213,51.43373058125864,1
DEL_5073,317,33.924944752693925,24,40,2,19,0.8005650204618081,0.048396727350633655,2.576362592495303,5.914873393684812,81.75445553760449,1
DEL_5074,415,31.445813767775483,10,38,2,11,0.43717991198523576,0.16555516069376322,34.15857454610909,9.895461702254314,68.62977623350845,1
DEL_5075,316,45.310679280261766,17,65,1,6,0.49117458446354156,0.16563623057374044,10.746918892220329,0.06981013215475457,67.23542109335511,1
DEL_5076,219,34.39342351210156,23,32,0,14,0.43254123974025305,0.2781346799765215,4.426037706776917,29.166035986489725,64.63093767502379,1
DEL_5077,493,20.707359100769814,11,22,1,1,0.11308391524874087,0.34215587437532236,6.111905773059462,5.053974685959372,30.178499105177465,1
DEL_5078,274,48.48015765676192,24,56,0,11,0.5484198475740195,0.356169750326017,0.07535271249943783,19.12319517956659,73.4084481912891,1
DEL_5079,122,41.07287686919151,24,49,2,16,0.9329330475950807,0.23953871415947361,44.90880662796939,9.175085519453068,95.16946783354997,1
DEL_5080,312,33.368792827160945,22,43,2,0,0.5601232469282684,0.44294729674304706,3.8228960043667564,13.023216658493928,71.27816165533551,1
DEL_5081,334,18.18163415314053,8,17,1,7,0.8443486502798305,0.2778752859811536,36.07536660065915,17.100305321212034,68.73131819246976,1
DEL_5082,112,21.809313334143297,16,18,1,4,0.33392339129306137,0.08766310628950497,28.756143215779105,4.074609964507458,56.52551522178924,1
DEL_5083,200,35.14864658434955,20,51,2,7,0.9005763670458632,0.2645268252971762,6.4404795661141225,11.17938300262828,87.19335317458619,1
DEL_5084,123,8.239136830849478,5,10,2,21,0.282692819565489,0.21759134241621525,3.5531585953106912,16.714774957357392,33.083086758822766,1
DEL_5085,463,16.550626624261856,7,19,1,19,0.8055858102235203,0.36585398599128655,8.342805944499286,17.68454480967395,62.00082589946183,1
DEL_5086,110,37.12554200284691,22,41,1,13,0.13681513632685519,0.416258157955108,40.67327381962906,6.45431856552908,64.17353701517636,1
DEL_5087,372,26.60083294300794,13,32,2,5,0.3259152271325608,0.6465359849562722,28.977703323658204,15.646186323414248,86.03571795250768,1
DEL_5088,380,23.107710416649354,9,39,1,17,0.9413682271705144,0.3036931024894722,10.05958317575101,4.312718426177431,62.660159473838135,1
DEL_5089,193,11.815593008018652,6,15,2,4,0.588417834138084,0.10368248626135626,11.829961793741749,1.5923163733353007,48.77731952029208,1
DEL_5090,300,24.883206551497967,13,27,2,9,0.9177462055277527,0.12166874654346167,7.880115103682861,1.4378518850185125,82.18903080068527,1
DEL_5091,120,39.681138684210524,15,38,2,14,0.4672374159050492,0.18888877561203124,43.43992404157712,8.45540478318398,68.62682720337766,1
DEL_5092,439,16.880578073235185,10,23,1,2,0.5480735762815839,0.11878926557082675,67.53656156432332,5.79969520583966,61.31347733205771,1
DEL_5093,310,5.242934398265484,1,4,2,2,0.3715926506865955,0.455343468309088,5.11947888438817,3.1745984998765566,32.175059102378604,1
DEL_5094,239,35.082720551794225,17,49,2,16,0.811027444640625,0.2808125193337884,44.852474448198386,5.954762326053832,82.2186626726163,1
DEL_5095,392,48.768197199464865,24,61,2,13,0.5241042076000005,0.3390312852437508,45.06320323612078,6.369142951213238,93.16811233896755,1
DEL_5096,397,32.30719536148623,13,32,2,23,0.3870868531217204,0.264165109045424,9.620967595962755,9.67775686436585,62.404060518675074,1
DEL_5097,200,10.396483651720857,5,20,1,9,0.8483931971577077,0.5033558178586939,8.03963592524816,0.7159982420422686,49.713408063778715,1
DEL_5098,403,19.43298915551029,9,21,1,18,0.8797490019833263,0.33699475521474076,30.523301706822934,28.63434144860374,67.33477042596346,1
DEL_5099,458,44.04387266241005,24,47,0,15,0.13051875309359492,0.3844050038820677,42.9858928999268,5.586425881612518,65.8275318058252,1
DEL_5100,127,15.465563341557285,10,21,1,16,0.8947764903248682,0.4736900462299754,7.721989640646814,11.465966848052137,57.14829329060578,1
DEL_5101,140,32.34631565739237,18,40,1,19,0.8726501077357203,0.4053421039297788,10.165070852623884,4.390325429498903,83.72114267521528,1
DEL_5102,454,23.120204371429903,10,23,2,12,0.24235390998829573,0.09421182332797351,6.1022221390475035,17.20948621732888,49.12761263896557,1
DEL_5103,402,14.352967463884205,9,17,0,0,0.5195988525565232,0.1938826775955376,3.5158042508346536,7.365306386220793,37.950533415714744,1
DEL_5104,245,41.603310210410584,23,43,2,0,0.39911968058751945,0.09237175286710542,83.6456579233217,4.659670567234277,91.89569393748529,1
DEL_5105,355,38.42740744095606,22,41,1,16,0.959231003702065,0.06681473117047688,3.1391603791638865,39.827031722617434,93.05826327717828,1
DEL_5106,326,34.771597968166944,16,38,2,17,0.9317637240582519,0.4445680452580476,25.244511024744153,24.04817522954766,92.45460142299974,1
DEL_5107,335,15.635146562093803,10,14,1,16,0.8242322820768015,0.44549508347131545,8.186011689179008,2.386222354256218,59.52124109736359,1
DEL_5108,460,9.403565122240252,3,13,2,11,0.22575141498363507,0.3768536227886541,1.3105847919316616,14.47330390308643,29.11766630296863,0
DEL_5109,479,30.927169842168478,19,37,2,5,0.11991694806231826,0.1442862607529805,5.8940939024558645,16.844656218437166,54.620425948144714,1
DEL_5110,112,29.9155025092745,11,38,0,6,0.29013186963859117,0.14055789515739264,1.3018881093534482,0.4220169835163156,34.22688492049411,1
DEL_5111,309,13.477325420069285,11,12,2,16,0.8702284418217318,0.1668356012634009,60.218907184623184,38.919160599028025,86.28578948600817,1
DEL_5112,328,7.531101244182762,5,13,0,15,0.5523824709576669,0.6310765898121411,4.622361803485624,3.1827892885451194,48.30910376917635,1
DEL_5113,496,8.631880438729368,4,14,1,0,0.5541830828667861,0.05277074105530871,20.558455010322387,28.680486489686633,50.47944262128801,1
DEL_5114,199,49.67469439307302,23,52,2,10,0.3502012361946576,0.0683901891161971,8.316917261765292,12.738244479771996,93.51778365224715,1
DEL_5115,130,40.261275263429766,23,59,0,9,0.9738258424482804,0.12694917536690917,17.064596920774058,8.611969430755021,84.43866156264578,1
DEL_5116,485,46.48943641843277,26,56,1,0,0.42025102994045493,0.23176741081771937,4.417042815700059,18.492264187166214,83.82109262120906,1
DEL_5117,115,13.77746250063635,4,12,1,10,0.22906203321931404,0.3787450624513694,1.4830375909180025,13.488172939487786,29.272023507723045,0
DEL_5118,236,48.22558413455458,20,64,0,23,0.24285708941725218,0.4359442774745644,24.796767409571682,16.17634052353441,70.53353990451298,1
DEL_5119,428,11.419445816292294,6,11,2,2,0.10127892618382764,0.41114249342995907,18.91957667699148,23.41518441077999,40.81863491842106,1
DEL_5120,265,27.9086822854912,12,40,1,22,0.1391059382914894,0.6001034184443738,1.7379891638011593,7.645327906257563,62.988613746608735,1
DEL_5121,409,42.33630579876788,25,55,1,15,0.18925181566328045,0.40070323333366814,19.692739921663822,6.6558526328309195,64.41881465966124,1
DEL_5122,199,20.741150953021073,14,24,0,0,0.42028636892134974,0.4680777085512808,13.656145250624748,27.604388141395336,40.6867531189832,1
DEL_5123,208,24.117283992960523,8,35,1,6,0.20632862837002822,0.16455416342270848,2.821869648992777,19.18530508118566,47.27336735203626,1
DEL_5124,442,10.768329963459404,2,13,1,10,0.1620395023999832,0.10887844270927659,26.196577274727517,0.23319458832496012,26.058685579011474,0
DEL_5125,272,10.531484599953775,2,13,2,16,0.9086970403281337,0.18862150458603744,18.00467972458894,12.729505196789923,59.14203577925344,1
DEL_5126,336,32.88057011503968,25,24,1,18,0.8941177494095233,0.6295370148309957,10.603191109106573,28.108960556625856,101.15725036044385,1
DEL_5127,261,35.39895658790255,18,58,1,13,0.1298365641126568,0.2646063235056827,2.951812153152388,13.808343175345417,46.5127045759516,1
DEL_5128,492,39.979963133698696,19,55,1,22,0.48644904379976106,0.394636540971283,11.653296748531009,9.674197855015706,70.90341039958352,1
DEL_5129,315,30.05069237067891,14,32,1,15,0.40307853479645883,0.38615442436227243,2.663770543162639,2.321418816249907,48.46936635021513,1
DEL_5130,363,34.05916815175877,14,42,2,16,0.9307866069260076,0.36933426476703785,3.0492359344357496,36.088316804110505,89.42899798790243,1
DEL_5131,362,5.608277226487402,3,7,2,13,0.5915911459153038,0.254628978938632,4.143086302303209,11.81321687612557,47.4299079196802,1
DEL_5132,391,12.297682721173462,6,20,2,8,0.9732456870466224,0.14647185090141793,15.941952375639081,1.2780166134875923,64.17875966933356,1
DEL_5133,373,49.321164470760706,25,59,2,20,0.3724258638936615,0.3261140403660195,17.07536486979996,31.513929922838095,87.92754754015431,1
DEL_5134,102,8.41970778421243,4,13,1,12,0.1798517043672778,0.31149835103714874,1.1331673874004562,8.723062466460572,21.880533774295255,0
DEL_5135,127,35.545470001711024,21,57,1,1,0.2646663841184953,0.19901899944123663,15.78579795408917,2.052665337596935,60.07675175517718,1
DEL_5136,425,12.92371848642723,8,11,1,19,0.8540391913789067,0.12018654043441838,0.5281409244891824,3.0824789239368875,49.025435573436994,1
DEL_5137,248,37.25233635954389,24,40,1,7,0.7951283067546199,0.06957159659326989,35.3060925430303,41.23369767712402,88.25089055938099,1
DEL_5138,127,36.76956813328971,22,49,0,3,0.30078579670098693,0.38434340419277374,22.621163916110053,6.885890638539509,56.01556678399794,1
DEL_5139,409,15.53895769046406,8,12,1,4,0.5931497503367532,0.14282366637117816,19.331605103378187,6.529985924241327,46.77287334314973,1
DEL_5140,164,17.13354796486419,11,16,2,14,0.4269235586504636,0.16375290771913104,4.100950381393095,7.9903115757516705,44.66485601779798,1
DEL_5141,455,34.46468211209397,21,36,2,1,0.5586674086053325,0.5126322760636801,65.8001384417871,14.46850715141536,86.20483110070239,1
DEL_5142,120,22.553871745109614,21,29,1,20,0.2204135939164347,0.026024393739542954,38.71798709931882,5.449944049904043,57.300543281809226,1
DEL_5143,351,13.754658636496007,5,19,1,22,0.2593920315770768,0.05371721540059782,10.097930717606848,6.558319513228486,25.27614556861884,0
DEL_5144,334,37.92558194543668,14,42,1,8,0.9093169402682645,0.2904050400885254,0.5295617098382833,16.45064319312837,84.1755898219032,1
DEL_5145,326,11.936638595135037,8,12,1,7,0.9699472775665019,0.6464188880249652,10.742881702234724,7.420858513287411,87.82697556535602,1
DEL_5146,112,43.503964886522596,19,48,0,10,0.2058378850014708,0.6061169275298504,2.508141051475311,15.00323319467334,75.93607020677156,1
DEL_5147,412,28.160128582332238,16,34,0,21,0.5733603890264722,0.05021012928039605,13.472987631363724,39.31091865231505,67.34413732339158,1
DEL_5148,148,9.756527174568532,5,10,1,12,0.12178954450562976,0.24763782746878973,64.67167233214323,39.40901830512302,45.7232886312147,1
DEL_5149,217,36.2332550088943,19,36,1,6,0.5449290071858519,0.15222034914672494,21.215704808726635,7.1089076509926725,71.55594623843436,1
DEL_5150,153,28.36233678085432,20,25,0,18,0.8096163403728783,0.24233623553415296,5.834844900499043,3.2023484139357032,48.02856179791755,1
DEL_5151,237,18.41259073076643,3,18,1,14,0.36294901704226157,0.430017311996434,7.517073708504868,3.471923933245245,26.132512267762802,0
DEL_5152,152,24.014272110073467,9,31,1,11,0.5986987212454019,0.2871424741748064,43.390903847958356,20.525824247753697,67.20488962410856,1
DEL_5153,143,18.425198461437446,9,24,1,12,0.5350239901642124,0.13128169820340874,1.7507883327668958,0.996929186442005,45.799620144537116,1
DEL_5154,402,16.836162608425283,13,13,2,0,0.5520107954333114,0.27855174491125734,33.131371936940035,0.49504123207577166,63.145392614636435,1
DEL_5155,152,12.362378937967048,6,10,1,20,0.3927675031966259,0.6810082095453794,1.1618570857522397,13.726467647123904,56.31235982108626,1
DEL_5156,173,21.324520991186414,12,26,2,7,0.9391394279958781,0.15353477385146544,8.033232553890688,28.910468420226337,76.23442288447315,1
DEL_5157,145,16.294424284223183,7,21,2,14,0.44390271631850475,0.22778013116457882,20.52391909837562,3.1488998264844215,41.28277108051479,1
DEL_5158,112,35.75455191742627,23,32,1,21,0.5096635162029399,0.2841634363928601,7.539560895343314,0.67345719534692,60.70677803967675,1
DEL_5159,264,35.774453352348786,17,41,1,13,0.46046695381585934,0.19078136768697107,12.698676864711521,27.078450473697607,64.93790133671746,1
DEL_5160,201,27.58281091500373,15,36,2,7,0.7462030027066727,0.6008670769160201,10.12312033755429,5.24644275744474,91.41929036032812,1
DEL_5161,379,40.007503736164445,19,59,2,23,0.4189854774600692,0.3226616920789058,13.919523571781628,9.57465055681348,76.95570951279018,1
DEL_5162,357,42.86028735527217,15,57,0,2,0.4632043082070394,0.21802492791016517,2.8119021045058106,21.71278468092761,60.15583406192002,1
DEL_5163,436,31.08949058454229,12,36,2,11,0.3179692389122972,0.0916945603063512,12.944503214467602,3.4522369303441813,59.105738757974834,1
DEL_5164,455,32.85208232435452,14,44,2,14,0.45343369671932854,0.18980342529709734,65.45028031862087,11.032193580831008,64.10355154141415,1
DEL_5165,497,17.729865940386432,4,25,2,21,0.23840527622390192,0.41522808231877034,3.23304537997068,57.22607677995185,59.5604469563179,1
DEL_5166,237,45.26911403174839,26,54,1,15,0.4174703952199059,0.17953745213948494,1.0394316740104288,16.225479216483645,68.78929192296967,1
DEL_5167,262,6.089271999013842,1,8,2,6,0.36187621625926847,0.098143928557742,7.458538093312891,6.0768372488185385,38.25040334205867,1
DEL_5168,486,20.687111124928055,6,20,2,17,0.7325247149240106,0.16550745975571815,7.034754978978679,17.533165083298314,59.71099148538882,1
DEL_5169,210,37.48101896974352,18,44,1,12,0.4366114216814987,0.19600999078261752,2.0156137846516082,0.2641595652156486,60.52738445680955,1
DEL_5170,201,8.604027935202256,3,8,2,22,0.3983102693127525,0.09261612149875223,12.71111347690595,2.910056183433972,34.042007096933375,1
DEL_5171,116,13.242628734273168,1,20,1,5,0.2565370518600588,0.3990638069542755,8.632922463499908,16.38277639057116,36.37070802784377,1
DEL_5172,367,31.517857753828302,18,37,1,1,0.5314019591362202,0.4308481356624152,27.19962130284307,3.649575288112457,60.021106358400345,1
DEL_5173,281,30.199715215860106,13,32,2,1,0.1270788450810739,0.17964199281349225,8.247584575362648,1.6176588877098146,37.68559104241421,1
DEL_5174,471,38.25177332589298,16,36,2,21,0.5498755159060009,0.36089091885698993,63.67380014343797,4.165859414798269,83.20686910289751,1
DEL_5175,123,41.56756875896773,24,45,2,18,0.7983551757238602,0.0598019090505136,22.70161350032377,2.2552688171111583,86.17917052532141,1
DEL_5176,128,10.786081033025111,3,13,2,5,0.1947462982550691,0.17658252037250602,10.025371460699436,6.55009761874836,39.726610859106685,1
DEL_5177,270,5.827144539885892,1,6,1,9,0.9958900530834218,0.5566556915867605,12.050955356004106,1.5960809291378037,54.730991867961166,1
DEL_5178,327,36.03373338465077,19,51,2,16,0.9942967710726021,0.4658254202294825,30.232991728759522,21.819993422986926,105.83588845143696,1
DEL_5179,477,18.562630809486166,4,34,2,18,0.9594488826213832,0.2645588606718861,22.31853147950278,18.1681951595668,82.52108704945346,1
DEL_5180,287,33.16927612630791,14,49,0,15,0.2595730308024988,0.44746309886487423,16.08257691556752,4.400223779384274,46.03843943821362,1
DEL_5181,445,11.774506462800112,5,15,2,17,0.9524948877127707,0.2994122462882735,4.6552545247204336,8.80580378743822,63.05069005693845,1
DEL_5182,329,26.10680209996833,13,24,1,18,0.8903841979398421,0.23922887678939042,7.9233154089964195,23.175138543947014,75.12636381329588,1
DEL_5183,420,27.69911357285466,15,32,2,1,0.5583965660856028,0.29901803651200665,23.209965152272684,31.744634176304743,70.3248834629769,1
DEL_5184,439,31.328501736794724,18,38,2,2,0.24943601508927984,0.03217182445585734,14.811375481940122,1.146073633586872,52.47293720042017,1
DEL_5185,218,28.092650734875395,11,26,0,14,0.14121963958052933,0.41850086883531334,47.02468309642764,15.362498384774561,44.60950668646387,1
DEL_5186,255,27.306084660292125,10,36,2,14,0.381377613469981,0.3346857161573553,30.939859251304483,1.7466837932199122,63.79252290032363,1
DEL_5187,371,19.973036929273498,18,21,2,11,0.3415003866525639,0.16764051195466687,8.355489730315124,0.24284517348206464,48.8907288336086,1
DEL_5188,274,8.20311063431388,1,9,0,19,0.8631490723176757,0.3610999752687345,5.218221983166883,0.9868201815907248,43.915319812245755,1
DEL_5189,203,9.028408855857904,4,15,0,12,0.37133759028883906,0.1647699203924722,1.987013112528959,10.292871374828906,31.11985282956186,1
DEL_5190,191,24.520022348321916,15,29,1,22,0.2982333877382355,0.38691707553685795,7.854306354105573,5.680736991826192,51.59301732597301,1
DEL_5191,285,21.010690751944686,12,34,1,1,0.10234292703922268,0.11375294576507834,3.8559805609013784,1.5159464213188591,37.14775938564498,1
DEL_5192,382,28.2260662103524,16,32,2,17,0.7511757343706263,0.21735337950267716,0.2527053432902873,7.716905098360858,69.6202897382631,1
DEL_5193,280,18.717717616532013,5,29,1,14,0.16032141016395027,0.0882027953939686,2.231228103787336,8.516956940559258,30.528410370479676,1
DEL_5194,269,35.9559541154896,27,36,2,17,0.802505976746714,0.23985647682451494,9.049912830543425,18.579829712648802,73.65676991807862,1
DEL_5195,286,43.87796699042798,14,59,1,12,0.5608531652651189,0.47647426523257264,33.44232962465456,13.075662860424444,74.55958022485356,1
DEL_5196,274,18.448843495409044,9,24,1,5,0.5018245036887162,0.06442217088544211,5.8061168934138845,7.527563964998268,49.80557209157335,1
DEL_5197,321,13.684280357256286,6,19,0,7,0.8765262286804806,0.4037158409740184,8.727311788283089,4.70471859882503,46.92221639317182,1
DEL_5198,332,10.22812584143401,6,14,1,15,0.1737194068687005,0.21256593708095697,7.269398036050212,0.024126772713653367,19.925415437340686,0
DEL_5199,261,32.731431825686556,25,32,1,19,0.973940681115057,0.1953318531543199,6.906142793982657,21.408478191106568,91.65464599134064,1
DEL_5200,233,24.973519601325624,12,31,1,2,0.4637308845492655,0.4098620397191677,19.23652273700977,3.7270758546405123,47.65901577679234,1
DEL_5201,490,13.460707273833004,6,12,2,16,0.9970845565354559,0.4612291219631589,10.579246338521557,2.877657643660004,60.72049984051871,1
DEL_5202,323,34.39115299813349,19,41,2,17,0.7736956457891816,0.12461667707796732,7.874954464576805,15.918242894085141,77.96999812762712,1
DEL_5203,252,11.681743235237798,8,20,2,11,0.17766379038837707,0.5096029977098413,43.05565771840209,0.8921485128913047,32.91593571797495,1
DEL_5204,132,29.943531763157864,14,36,1,6,0.5977369750381104,0.38469277285984116,4.8504155381728635,3.655800048415893,56.38708941485795,1
DEL_5205,154,28.72167717313691,17,36,1,11,0.17839874078861526,0.34925386240751555,26.832939396466642,6.852394673813679,35.61065579786255,1
DEL_5206,106,38.04025105337375,19,52,0,2,0.520059125244402,0.18386884303566553,10.854276312621755,6.991786169111736,75.90032004589537,1
DEL_5207,343,7.479933797330004,5,14,0,11,0.39347277805170056,0.5639817613463339,8.742582623687099,2.061535079785489,25.613285058177652,0
DEL_5208,412,44.954281933309865,22,68,1,14,0.43914323712035785,0.2212693272798623,0.9755323514433346,0.49137480421635416,70.22187605945629,1
DEL_5209,225,36.634627676606875,15,49,1,16,0.7819172901130389,0.04676831052515994,29.33102528144186,7.630632558632145,69.25771799706595,1
DEL_5210,111,14.7256699256943,7,20,2,11,0.534841021200311,0.27901090999098593,4.734279962500646,5.307990906948955,44.16171217809025,1
DEL_5211,115,13.253240687438286,3,12,2,8,0.9262328008309964,0.4666733893766942,17.061358100632795,4.02314465717202,62.265213118241235,1
DEL_5212,307,24.424709636470254,15,25,2,21,0.5243319107403497,0.14281701004115965,31.129143676155337,3.7868708610834276,55.99579647447996,1
DEL_5213,142,41.79043982950686,15,65,2,0,0.17718398936918797,0.3998040468859009,11.522492405623074,8.41843033239642,67.42451718108174,1
DEL_5214,472,42.93274969125982,24,58,2,15,0.5333533653731325,0.1894235932684955,15.352616001708293,0.26284208342297394,80.23010684322648,1
DEL_5215,234,28.420524146272236,16,30,1,14,0.5964766602109801,0.15990938242557046,6.236870389810891,1.3456989432140025,56.6254828124827,1
DEL_5216,327,43.73648882090318,23,55,1,10,0.4307533974973403,0.5057500947039121,19.448946706772972,4.720139778833267,71.51361341746598,1
DEL_5217,210,5.244966913626076,2,14,1,4,0.5881805521497224,0.36865581874181214,16.033042013974715,7.842836109734231,37.47418319196391,1
DEL_5218,406,6.582858418921847,6,7,2,6,0.20994176928133437,0.2750707966118617,8.82602698545599,14.203270905844363,22.108800057198707,0
DEL_5219,259,46.03197171365343,29,51,1,2,0.5146415601732235,0.18378460935513016,15.101528029319201,4.162511238697307,78.403320431302,1
DEL_5220,430,39.88993684486622,24,37,0,12,0.1845234916848966,0.3061230328146054,4.570584905141022,13.19697280568677,44.55695249730732,1
DEL_5221,363,25.281772621267354,10,34,1,23,0.357971381674124,0.6843853828777618,16.086294220789295,5.875621909736496,69.0864433311454,1
DEL_5222,324,38.91245591650942,9,44,1,12,0.4320174957340369,0.4362353158599992,16.755073732133667,17.884961191124606,68.96552956596507,1
DEL_5223,316,48.003775777553976,24,72,2,18,0.7214054535752455,0.1986219946139345,8.828773235220066,7.861406985728248,92.51542861596438,1
DEL_5224,144,39.744028574657825,15,49,2,9,0.9163511274625692,0.19102926703085488,4.302705686432051,9.354671306494726,87.95596405586241,1
DEL_5225,313,42.90671002182449,24,52,2,6,0.26046234651226075,0.12820050472245684,24.373296803967264,6.852647716586702,65.61455212981437,1
DEL_5226,158,39.22729616255278,19,37,2,19,0.9954769492215614,0.4736576097755227,21.044112921689848,1.7111114140988568,83.49931253907388,1
DEL_5227,231,12.569499159509371,3,17,1,20,0.10327649699677935,0.20923060249588363,0.881796109422302,2.252840859295108,26.049340998265393,0
DEL_5228,203,42.51083493405815,18,50,0,22,0.41049922435437025,0.40706309345708575,10.2262323886963,6.1398030444766825,64.80824455987594,1
DEL_5229,294,13.779896901089451,6,21,2,14,0.5330548597121639,0.23629185367517386,1.4494966129324727,1.248596734689033,52.19501246553933,1
DEL_5230,256,45.167509761986615,26,64,0,17,0.7215178210519584,0.005350252816040885,5.77529527423334,1.8125466883503996,89.73009227969295,1
DEL_5231,197,25.639245413648418,11,27,1,19,0.9430999605756438,0.0594671109376533,8.228928717582045,11.729542653383717,68.83510948525273,1
DEL_5232,325,35.46395385399629,25,57,2,6,0.38740610226226013,0.1270163250081167,2.919912619072338,12.036626431729546,72.98108782530886,1
DEL_5233,304,27.37583815462896,19,30,1,2,0.32866752787472975,0.19475032609492,9.492141791463778,1.635838398805241,55.342030219969594,1
DEL_5234,178,9.229591823747091,3,7,0,19,0.7927558120047332,0.5923910169315895,18.373922512131205,23.074873885078766,59.650994390704234,1
DEL_5235,223,18.08250384292993,11,22,2,9,0.9409307359584529,0.31372160473483574,8.61621532135337,23.315923180977386,80.86493573007235,1
DEL_5236,317,49.26793342986527,27,68,1,14,0.4499463236772343,0.247291232936642,4.001334313684734,5.731192740755244,72.63458309171605,1
DEL_5237,103,48.23216382514178,25,46,1,11,0.4656042197763022,0.37785870857784554,8.03749229246622,8.268934822716101,81.89844348497178,1
DEL_5238,189,19.421910394499626,13,28,2,15,0.3573811744059534,0.5057011569323766,13.462284846543437,19.40636621519473,58.98661141598405,1
DEL_5239,203,49.833356191035165,31,58,2,23,0.47040588256096616,0.4127147216794122,41.325315234711205,17.261517438888056,95.652229867144,1
DEL_5240,492,43.04980379736048,23,52,0,18,0.7922066574507972,0.19900910207189623,10.380560712053166,5.407082155516552,76.3575802858692,1
DEL_5241,218,32.49317747445146,19,41,2,11,0.1486758515200782,0.10178827494806403,32.82050856934082,4.576838752324078,65.62371088671361,1
DEL_5242,232,6.805607911745427,3,8,0,20,0.5258075347298309,0.2342838507185063,62.55799164431188,13.099958271448862,57.963534745547975,1
DEL_5243,411,45.565107329227075,21,50,0,1,0.5352402260357954,0.24019305307577696,12.281282936695106,5.421622217806955,67.98062104054218,1
DEL_5244,195,30.084317566894388,12,30,1,7,0.9292378118149863,0.22672958015416567,2.3861477390818,14.032960931934799,74.78035357182704,1
DEL_5245,430,44.08142680412463,25,41,1,23,0.493216707295558,0.22415934664162968,31.229223394254454,1.6659856546921992,76.82891897391599,1
DEL_5246,242,42.549310395758404,21,60,0,12,0.3555854993689167,0.3598608404342637,29.74630272018004,13.378327190946088,62.64089074595611,1
DEL_5247,387,42.48527968404888,29,51,0,0,0.1620135900617881,0.15432292365673514,30.4381379221474,18.453562748751317,64.167573526928,1
DEL_5248,127,36.41782373217073,16,46,1,1,0.298999347868416,0.24598899085032758,45.10161634208908,28.19673044369825,73.0355924049638,1
DEL_5249,377,18.11368124042219,7,17,2,13,0.13827597913837522,0.31354976688277253,4.853482939473498,7.309708824289308,44.37087829377788,1
DEL_5250,332,20.127211598503393,9,25,0,3,0.4932334978894798,0.3901846073431563,6.084164283816772,9.860061951494593,42.59188648459635,1
DEL_5251,116,18.881114566220887,15,28,0,5,0.19811673138671163,0.14355812045142288,17.427930193299535,4.09147980872037,37.61805824149375,1
DEL_5252,158,5.902069978965411,3,6,2,12,0.18219595055584512,0.28567781743245635,12.448370710210874,1.9572058187126633,22.71699146475814,0
DEL_5253,189,31.215600914666503,15,43,1,8,0.9513464404289336,0.41779079980024225,30.416302695773062,2.2810002187430714,86.01064032476472,1
DEL_5254,298,36.447515170071476,16,35,1,15,0.21306550636991436,0.10931133170955007,4.405628824435005,22.338989393758002,53.6713559109288,1
DEL_5255,461,43.42396970863416,13,45,1,0,0.4369760905182798,0.5694656862132877,16.11213630842572,9.356866946777169,70.41750582338013,1
DEL_5256,125,11.307444502222866,7,16,1,8,0.8048545366350479,0.6350805557747929,42.303975846109125,5.6652240684600095,75.28579032848549,1
DEL_5257,124,29.488241703956078,5,44,2,23,0.16466831205580088,0.09730514857689519,3.6477421706697983,23.936790582540127,42.69156302266904,1
DEL_5258,493,5.360366330320229,2,10,0,6,0.4622095930512,0.2017717989599774,5.498274187909214,1.4497506099453643,21.818046959410125,0
DEL_5259,400,9.279214146982827,6,10,1,17,0.7330464297236132,0.3370521693640536,7.848984609153563,10.823674851175838,56.489959263911494,1
DEL_5260,438,7.439528489269688,3,10,0,15,0.328736365351774,0.02554131463062397,1.3668449985253646,18.770767998811106,25.449018801380472,0
DEL_5261,366,37.64651153069691,23,48,1,6,0.1624299799097553,0.5171171394563514,2.919611690442899,1.6012479044652186,51.93596088790288,1
DEL_5262,280,8.647680374492142,2,17,0,17,0.9591795319241755,0.21953629613580625,7.221275061875348,1.5414735708899485,50.50002005410437,1
DEL_5263,459,37.24038417014555,25,45,1,8,0.9101387760784847,0.4287110883853976,1.1595892541828159,0.4073222780854734,82.26672728086646,1
DEL_5264,167,16.23311169847625,7,21,2,19,0.9674533763593767,0.3124307422438106,6.756419115082098,34.15936446585346,78.62434236702977,1
DEL_5265,450,44.497083231362275,28,48,2,1,0.31361047232986095,0.30201124558758347,4.198522041989099,14.138932780340987,74.23160397708217,1
DEL_5266,420,41.59174947637164,26,48,2,4,0.12443440032737538,0.17353602254377487,29.982929254280503,0.8894429806062005,80.60386011451928,1
DEL_5267,148,48.102359786387446,19,52,2,8,0.9642414175085028,0.5007922780583132,14.066299006833967,13.349778011495385,106.11507226881774,1
DEL_5268,274,44.76929069561144,21,56,1,3,0.37625408012335637,0.22607541290097324,34.313973763897685,4.34217791430511,76.91221974308388,1
DEL_5269,151,46.99982386023563,15,50,1,15,0.31712246099532937,0.5171032547374158,3.4013820021541488,1.3894207786216586,63.867926798454725,1
DEL_5270,201,43.64340784309885,22,53,0,20,0.20077599535392057,0.24064738457623328,1.2777736474431407,58.27440036510802,71.33399426120597,1
DEL_5271,315,36.20218552766849,18,45,0,23,0.4121716074097246,0.10318253380138316,6.555432630652676,2.379699489041926,53.107474301221345,1
DEL_5272,287,12.661661845644618,6,16,0,2,0.23759872319704942,0.2856464457798126,0.87119467774735,19.22597391377672,31.493906258157786,1
DEL_5273,156,17.226838348434182,8,26,2,5,0.3145871493129647,0.2754288605262127,32.24976987570685,25.584383815584694,48.16160502655116,1
DEL_5274,146,14.572713475862288,11,14,2,16,0.9657718977981484,0.16901899047266525,3.126632793787449,9.068644765282734,61.71018008939959,1
DEL_5275,258,32.16136044461925,15,33,1,18,0.7805472647687817,0.16729626348832233,2.281061436302654,44.75784590894264,78.63401662917016,1
DEL_5276,273,27.662897208812062,15,33,1,7,0.8564774500925181,0.3042906806260738,23.252113767720996,1.5321905141776049,74.24266706485153,1
DEL_5277,341,44.018599872129066,18,51,2,9,0.8870678558853555,0.2399455506405506,18.69314328974457,38.89030311087374,98.49008641742626,1
DEL_5278,381,47.8702789924584,32,51,1,9,0.9373275387398887,0.3299592405367336,0.8796355142578488,0.8793558353916959,95.61936396546314,1
DEL_5279,340,23.218695032816495,13,24,1,15,0.585544962408781,0.47578614086690824,10.686945368978897,7.785888061836467,48.84531547054953,1
DEL_5280,469,27.785774897636557,16,42,1,5,0.5542206214024719,0.037838672993281544,8.93622110450499,23.174493435841214,64.82614828597748,1
DEL_5281,104,48.718236056186264,23,62,1,19,0.7352982643126416,0.28646590850336184,7.337370613534268,9.667505061353495,79.22443045054973,1
DEL_5282,183,17.430752373041457,6,21,2,7,0.9112705503666649,0.33151954918566023,2.0321448085027685,10.509274603327547,66.90244697956437,1
DEL_5283,407,40.65758489114661,15,49,1,2,0.1562543025212367,0.37453906850535285,23.221757394562523,2.1063101972409104,62.56984332983636,1
DEL_5284,460,15.135795605086082,3,20,2,1,0.31884093157150273,0.07069529086852193,4.115680240381456,49.885607421695696,51.99365650449679,1
DEL_5285,347,35.66570519413724,14,45,1,9,0.735010840244575,0.5953692449383277,9.193852820289324,3.1539201497514453,76.43263636763999,1
DEL_5286,153,16.412703243735386,10,18,2,7,0.8671682499792088,0.4288225067242548,31.937584747888657,23.501953322267976,80.12883713701518,1
DEL_5287,260,44.76800249741241,23,50,1,11,0.3648783807395929,0.21243738383948652,5.746217831495671,37.63528839937314,74.75781008639962,1
DEL_5288,325,30.266507468150458,15,22,2,19,0.7562171527866847,0.24619087877711018,0.5457934686294096,3.9550270243741457,71.816058986751,1
DEL_5289,114,13.367013839347306,9,22,2,11,0.5848473725574916,0.32426244744888877,32.99128449280864,15.734880363896254,53.93160212278881,1
DEL_5290,323,15.09661290643187,6,15,0,8,0.8443742388193908,0.17910773412305842,10.215038015061028,1.0054588478040405,48.687450290376844,1
DEL_5291,160,27.22321380686451,14,30,0,18,0.7745461087931401,0.21001544543794892,10.309352935166183,16.231776520793947,64.70872462118682,1
DEL_5292,221,48.27209115086955,26,68,2,21,0.33222089482647443,0.048724882512406954,12.0248815873834,7.9476160135339775,74.21960209818947,1
DEL_5293,376,39.63389737476445,17,46,0,14,0.3733675873704764,0.5211059848371749,2.9755565381843794,1.505871362290357,54.092605783324174,1
DEL_5294,145,26.97393392716303,10,37,2,13,0.365864047544492,0.3194643136446812,18.82299908751388,27.00462836384549,58.957619975553776,1
DEL_5295,489,20.197361505299767,7,21,2,4,0.5570622046013168,0.27253423081325534,3.947404786912558,13.630511609299425,59.717411945348886,1
DEL_5296,393,29.71708220067992,18,45,0,17,0.8511241649098864,0.24441143545600713,5.374748064042084,2.2155941690720358,62.44425111430789,1
DEL_5297,161,38.67623750428788,21,41,2,11,0.16136834096861583,0.4051123071275829,14.962063654895784,9.132159211349286,56.32918148502185,1
DEL_5298,185,40.276786480376,13,37,1,5,0.27255508920843075,0.2118651143402433,20.77979456634841,4.7320211341974865,55.52059283157358,1
DEL_5299,309,19.60739591436251,11,24,1,19,0.8903971634512386,0.3418085175117847,19.674310077277752,14.877832562382018,64.0327148209378,1
DEL_5300,177,37.45216706962447,16,48,2,20,0.4419935529150315,0.20570870565711383,1.3021603653256637,11.849000934784183,76.40034716268745,1
DEL_5301,301,34.600495101628375,21,47,2,10,0.41559627780476216,0.2915667955009267,21.071586513105583,2.521908125004111,57.40999834432285,1
DEL_5302,401,48.160053139833224,23,48,1,14,0.5969052161482485,0.33977624714927446,16.302869220425933,3.326640563811295,74.6066770111149,1
DEL_5303,496,46.89906307286067,36,68,2,21,0.26846752864914103,0.21505906294642282,13.936687821940279,14.630829689284603,84.0997712764749,1
DEL_5304,322,40.522069652160965,9,50,0,22,0.35762435289096306,0.32536986259736245,51.111666411420224,13.493142589110416,71.89736182099266,1
DEL_5305,321,37.552760998471776,23,52,2,3,0.5895751866256372,0.12804881582162078,6.3886683138513956,4.49185414121852,68.88437666112624,1
DEL_5306,102,17.33187153669241,7,22,0,23,0.44777613930612314,0.35163347128303846,17.236882806441017,7.806596173629426,35.20304261683708,1
DEL_5307,105,43.068436524434,30,45,1,13,0.4243401360937543,0.5570388443542578,12.772788261625738,7.555207301958783,69.42700668935439,1
DEL_5308,192,24.237756667101475,11,28,1,4,0.17737362002549942,0.3853767322762207,7.364362919760654,1.594730229794607,44.904910089072025,1
DEL_5309,107,17.250824412772012,10,25,1,22,0.22332845172269636,0.28733339369707717,23.284498428023007,11.644457039442225,44.42695915597945,1
DEL_5310,334,22.287234107905814,11,22,0,21,0.2887365946933509,0.688503998384916,7.74128480674155,3.6854328665673917,51.890307218289905,1
DEL_5311,207,42.617097050742856,16,56,2,20,0.33242355018165226,0.30892618894895685,12.265551428082343,7.3919357859346935,74.24130550051815,1
DEL_5312,260,11.688494701004824,5,13,2,22,0.3486051198525788,0.23924646479782055,12.336106200133445,0.8935896505992824,39.167644559155086,1
DEL_5313,308,25.52714335039201,8,21,0,10,0.5510685907148228,0.14313581977485745,10.740945588907731,11.42433504248128,49.22838357280372,1
DEL_5314,339,27.156091753827035,12,35,1,19,0.7718914353758586,0.31858652266564286,9.170804530538213,21.960939804412863,72.92114790120462,1
DEL_5315,430,6.648336391946873,5,8,1,6,0.22417628502533135,0.28736728533490574,2.7548607601983006,10.116286660429818,20.367934473833984,0
DEL_5316,432,13.80857132966744,8,16,2,12,0.1718169017742209,0.2571718613445798,4.133254669350688,10.90011146512571,36.78534521509685,1
DEL_5317,149,42.20340928591354,23,65,1,18,0.7231804216140263,0.4319699956746115,1.977328822406474,13.424832003289144,82.53345046247628,1
DEL_5318,110,42.38453248676423,28,62,1,23,0.5852899005545638,0.0632023725952995,19.282688006517063,2.6228991332347604,94.42182958880113,1
DEL_5319,450,18.15867877479116,8,28,2,3,0.5469804016938553,0.30126655720251005,20.45594197245378,0.8552487396272672,63.14055584785423,1
DEL_5320,255,44.37037555690668,20,56,0,19,0.8684512503369721,0.11871112599486508,15.26360078263616,23.089757725700682,87.1311230399524,1
DEL_5321,169,39.73023225807565,17,45,0,11,0.11076140208423627,0.23762215494111444,37.45040309966716,22.49708931968397,58.17091608589923,1
DEL_5322,268,23.805836770793423,8,28,1,13,0.2735154349987243,0.13333911353526468,4.617539699520755,9.44008603056633,36.114018075618716,1
DEL_5323,371,38.6782854982267,19,42,2,0,0.531809025001373,0.5518949223536128,25.807545460161368,2.6338563511996034,76.16465613380468,1
DEL_5324,167,48.26005840376628,28,62,2,7,0.7777850712248268,0.37272575345750014,3.0838590983664016,20.395262036817318,92.59139852099567,1
DEL_5325,454,25.653637312940695,15,28,2,15,0.20480066062494737,0.17178107792965017,1.053483029089971,2.9853058582952894,42.63187996450007,1
DEL_5326,351,15.729223052906764,8,23,0,20,0.33324356733429517,0.5840600628115857,0.0019324954786502538,23.672082903905114,39.85152529355046,1
DEL_5327,147,47.38174250225701,26,51,2,18,0.7851470904555974,0.44671202127539145,13.035145739215334,6.614943480262587,87.4091676808811,1
DEL_5328,283,32.16849298534654,13,23,2,4,0.3604007682862943,0.43698343674189205,22.626272666674215,0.7104986558484893,51.409605892257545,1
DEL_5329,419,9.736932311619137,5,15,1,13,0.5505142238425816,0.10935838714200014,25.97292887982235,20.3709617416217,44.467791267208284,1
DEL_5330,286,30.770726713551024,9,47,2,11,0.11935942316848339,0.18223336330167725,9.541709735719826,9.868887224585732,48.34139294903372,1
DEL_5331,189,27.52614002517344,5,35,2,11,0.40694576253964754,0.2925549708809182,0.9077275942370806,4.599010155124556,58.011700372900414,1
DEL_5332,431,43.50150023340035,29,52,2,19,0.8750707224216671,0.4672638781849566,0.5462625041443531,7.2381858932407965,99.79922555904713,1
DEL_5333,238,28.88128353935846,18,29,2,11,0.5951925360894279,0.3640588422074346,37.397393227595025,26.07973753256306,76.11844183907155,1
DEL_5334,456,16.485459545492755,11,24,2,10,0.13255086035176747,0.10628987021851317,1.4632061562263408,2.72515460583482,41.744521544183705,1
DEL_5335,188,35.403982873919986,24,40,2,14,0.40864569154194497,0.625335015699439,23.033389159660693,1.3149551740079881,87.56561119604773,1
DEL_5336,373,29.415895364101107,18,38,0,6,0.2281853438795707,0.1154307532595277,1.0815795206465442,18.43369662956743,46.98337026618348,1
DEL_5337,118,15.48700827200926,9,24,2,9,0.9241642621091671,0.09539294317287962,3.03813958600158,11.664329008325332,67.80198477553834,1
DEL_5338,410,30.813253607430852,11,31,2,4,0.1609648996695325,0.17329529824472792,2.666579027819467,24.47983065736417,54.883918680571135,1
DEL_5339,457,41.969101005035874,22,50,1,14,0.3146263064020466,0.45973964907404224,4.8674153362307155,4.51217327230478,57.526267056506626,1
DEL_5340,473,6.2856912975804695,3,6,0,1,0.19268077248136836,0.3234714806117448,7.803797604087453,9.885959876943005,15.67670011392237,0
DEL_5341,253,33.388296739030025,14,41,1,21,0.49972186119334105,0.2779010190670829,1.9982742870633556,0.5201659863975726,63.0182603310214,1
DEL_5342,489,20.73133381029764,5,18,2,12,0.2757217831607053,0.47195425762517523,54.26726431441858,22.502556065280416,52.95774798629368,1
DEL_5343,359,18.170215059174087,10,25,2,13,0.1933565992280966,0.14988522803662568,0.03007985278652561,2.5462009715968925,34.24644268397895,1
DEL_5344,207,22.666448766250006,9,27,1,19,0.8450755944626813,0.22318757555940807,22.18394059694808,1.4608439423201838,57.324359904516626,1
DEL_5345,470,20.391019891159175,13,25,1,5,0.5086086589156482,0.04597975689012944,11.214305764231174,7.9526320975950995,54.28509854016837,1
DEL_5346,384,42.45075980187987,25,46,2,0,0.33119774368482124,0.45626769225791447,1.3419220561958232,16.393841316581256,65.95654631619317,1
DEL_5347,158,17.365901484555526,9,19,2,14,0.2894247011294776,0.2619350963408081,1.9180438830480873,2.825135862316187,47.86793171031724,1
DEL_5348,224,37.99188603979634,16,52,0,10,0.4160720961885448,0.0815092875957453,13.373943365442523,3.1906121297860186,60.42311875758122,1
DEL_5349,453,9.232691910286492,2,6,1,12,0.42569829446958685,0.35853397686785454,5.680596346154823,4.550449498166742,24.669131953649227,0
DEL_5350,372,47.8128367617987,15,53,2,16,0.9393766648109254,0.4381976382028015,8.972721448502753,19.99792349843244,98.34288844923488,1
DEL_5351,206,33.00424867618483,11,45,0,3,0.23787882098463722,0.20449059277284648,11.95061012427988,16.50921047722067,44.55684467624824,1
DEL_5352,398,36.802335967005206,26,42,0,22,0.5706512363077372,0.33891493485483365,12.776803487011207,3.774142735330085,69.70059519748506,1
DEL_5353,344,18.411769944250295,15,20,2,10,0.20672212387186759,0.18568399423586207,13.106037553305823,3.5346041990815342,41.205791176322315,1
DEL_5354,435,23.54434559186516,13,18,1,22,0.28707913794409845,0.5692036784033684,1.0893771830740302,28.429474190550696,58.46144726865398,1
DEL_5355,346,15.070027382193931,8,10,0,0,0.241846971167846,0.3597271936924539,20.233737887288836,11.448436214752267,41.83122092707374,1
DEL_5356,107,46.96412386110008,27,53,2,13,0.5655617540845985,0.15381552066984255,5.2115695441413425,3.0584228613950923,79.5275130659681,1
DEL_5357,240,26.964700119561996,14,29,1,20,0.5141850712391518,0.06233693776399606,1.8228715841025496,1.815222412436123,52.042347727102786,1
DEL_5358,461,33.37016520460955,12,37,1,21,0.5056359686429327,0.3379525653837241,1.617134225956215,0.8213302199738681,59.86317745713492,1
DEL_5359,107,38.04224137388219,18,57,1,4,0.1023550409375599,0.08796929839885469,4.057765973235776,3.3939484522439916,47.466587330469686,1
DEL_5360,451,21.699774099479253,9,38,2,22,0.44295025010416045,0.3819666123130829,14.860362329166568,15.276894437247659,55.41732585203257,1
DEL_5361,193,37.40457445426136,16,45,1,21,0.21513684756434473,0.015100462908196359,9.577696314379306,5.576012337695097,45.20377412455136,1
DEL_5362,420,35.41966203903531,18,46,2,20,0.5838721285966497,0.2600955532580798,1.6987753660130516,40.23786834154884,74.6994693301046,1
DEL_5363,138,36.754670024327595,15,35,1,4,0.36537570401773256,0.36798758657477315,0.49331389671765175,4.703318304585357,58.29825812594835,1
DEL_5364,180,27.01534550920758,16,44,2,2,0.3823515006999725,0.2808036355565539,0.37462472407647573,1.9530639003743961,56.837441946786626,1
DEL_5365,286,22.23218220312277,11,23,2,8,0.7111459453103759,0.6225282751494642,8.19917087748727,2.331668876459979,77.29912504943698,1
DEL_5366,183,14.993698469404542,7,19,2,12,0.36836531115120563,0.3921494506195689,23.277368123935748,8.04380760434006,50.22232011434728,1
DEL_5367,187,42.10818587604018,24,43,2,10,0.47486859381207214,0.4734914032523033,12.786700642689826,33.26302746471852,73.14638099175268,1
DEL_5368,341,32.37575209392554,19,54,1,17,0.82967672814761,0.1605375310747503,24.885597612919543,27.66466643573107,86.70716750837839,1
DEL_5369,441,24.995848824387274,15,28,0,9,0.9895899931374388,0.09674121834267875,5.771456237477035,2.4300398016678786,67.18372639807463,1
DEL_5370,192,47.479815801977516,28,48,2,22,0.3362340389774452,0.552088164679717,2.2682932994025515,16.85268876491955,70.389089431827,1
DEL_5371,185,7.152746562816747,6,8,0,5,0.45819985536141494,0.2732019573041797,24.368395609376424,16.7502827936166,39.4915072934411,1
DEL_5372,143,43.25773753422714,15,39,1,23,0.5497795085441882,0.1422065042773814,19.520572361385003,2.168225357741977,73.15229788757534,1
DEL_5373,236,49.89121668256876,19,63,1,8,0.827199010694672,0.3726708464876934,13.341345588920605,4.249212495599032,89.77605893493539,1
DEL_5374,173,44.91239498972903,22,49,2,12,0.153648265340838,0.4009314175426402,32.80673287222821,0.9490198909747127,63.17473509647863,1
DEL_5375,135,41.46964635270314,22,52,2,21,0.44280455725171075,0.6870372350648316,14.941381329470717,0.9337120507992286,89.61174167170164,1
DEL_5376,200,21.843769703284607,11,33,2,17,0.8679555073534666,0.3032095756543221,11.192382037874568,7.003014872058414,72.00971181050247,1
DEL_5377,255,15.409138201803207,13,22,2,9,0.9439860708767714,0.15253741558790246,10.46666982990354,7.9403525660826455,67.15250788732163,1
DEL_5378,354,38.06827342248205,22,46,2,14,0.18929664173117808,0.21968851539771325,14.410499766452334,0.3995159972976201,60.45917304735656,1
DEL_5379,270,18.705891482985578,9,17,1,11,0.38631813838564155,0.079318705222538,10.904448198167376,40.65777250661861,57.46277059303502,1
DEL_5380,315,12.92178569697368,5,16,0,19,0.9713228255893065,0.1560907402071018,4.776271252219968,7.993619004266513,57.96624958357582,1
DEL_5381,269,40.39366491966161,23,55,1,14,0.3539804130556924,0.3683899856712481,46.14519308739245,18.6049855895945,75.35827851892654,1
DEL_5382,351,19.0644643506525,7,20,2,13,0.5792806141069072,0.45597654358403394,47.57329770844679,12.092066734188869,65.6147042929167,1
DEL_5383,459,46.14987782693023,26,54,1,18,0.97057848973727,0.43478389774811743,2.7380523788135878,11.58931390901153,94.8770501949354,1
DEL_5384,421,42.82846901686064,19,62,1,18,0.8571673106148725,0.43530113940022996,11.344334385004228,4.333927515790579,87.83042894459997,1
DEL_5385,154,43.14381482791648,23,56,2,20,0.1620989515315124,0.5049888396426078,23.382304018506513,26.176298418067695,74.29532365885761,1
DEL_5386,190,39.720637672512176,18,48,0,9,0.8825501400569317,0.1522958259642509,0.8449966300125697,4.275603970912499,86.2271985870952,1
DEL_5387,377,44.63966406986315,10,44,0,0,0.1531177360114345,0.285907573062767,1.978352011125998,36.316614774174084,55.5271468538081,1
DEL_5388,200,41.25861014801541,14,38,2,19,0.8437023587957289,0.12820976222670136,11.808340660963891,0.4825598121786603,87.65655731809227,1
DEL_5389,254,32.113011360862785,17,28,0,6,0.44109380756660077,0.18465571714869125,0.43123073994480077,1.4619325078717504,42.15353817041275,1
DEL_5390,476,18.312022336183844,13,16,2,22,0.109616918752129,0.27303742265079733,26.8456822790152,15.560381734627873,47.47510689161842,1
DEL_5391,448,44.96941369463671,19,64,1,22,0.33775241091056785,0.11550617216388934,30.97312585101349,11.259292946440633,71.34747330204615,1
DEL_5392,463,42.827163024793634,20,55,2,10,0.23176281827541437,0.1439709217241592,19.99474776200251,15.150424310478964,72.47811236251239,1
DEL_5393,240,26.27956949947453,13,39,0,20,0.3699794256335365,0.17016126340207324,25.919998473126387,12.313771830353282,51.73668854942712,1
DEL_5394,272,6.758540870087984,4,7,1,3,0.18932884323593183,0.11577509421436614,16.707995579989827,8.989096197842473,7.3414269486320265,0
DEL_5395,109,33.734467733086106,25,38,0,3,0.12842774531582882,0.41032383064290556,2.2949370958408806,0.38021098099832257,52.27234092348656,1
DEL_5396,327,7.276858415446178,3,8,1,20,0.26158876613915805,0.2353005456414661,0.4546386784090303,19.860293943065074,21.29912310813556,0
DEL_5397,364,46.68259828317832,26,42,1,21,0.24775355535236118,0.2790352747908653,28.266456180860892,8.563815327905788,62.132335691833305,1
DEL_5398,347,48.273406548138816,33,53,0,9,0.808743404921767,0.28986737205261687,18.42197528611168,1.3421119686952372,85.86711922916402,1
DEL_5399,346,13.52705656548219,6,16,1,22,0.3372744295547675,0.20275846393140484,7.623970716883885,2.5655691366258813,29.809321967581536,0
DEL_5400,254,35.43752201247095,19,47,0,4,0.24566390166679183,0.3133837815825884,23.90620569005027,13.016621933536182,51.36579345178436,1
DEL_5401,133,9.152105205324325,2,9,2,15,0.3852152592142304,0.08944525639651588,0.8212784290029616,0.9616804533785719,34.226162185745466,1
DEL_5402,228,37.828261785790495,30,40,2,11,0.1356586941156204,0.021553908928375796,5.7647838110183995,24.434903292190388,67.43384632573036,1
DEL_5403,259,20.627944976870356,12,24,1,0,0.43117630587687505,0.17395160239690446,6.274830642638294,18.76988614971056,48.84231381245252,1
DEL_5404,188,35.64725502787004,20,38,1,4,0.1736446833832386,0.11391423945579317,1.661880707045111,4.3889328879068605,48.04540645064229,1
DEL_5405,192,21.779442914098002,11,20,1,17,0.8788159540962351,0.30018684583554406,20.30430461741309,25.79956583504826,70.80580258127014,1
DEL_5406,426,11.550537942495609,6,12,2,3,0.24106144358586004,0.07717357823467001,22.544235664267724,25.972281352972303,42.08587686958085,1
DEL_5407,340,23.274949122615105,10,30,2,14,0.33292595992165364,0.5867925830773312,13.12616952388175,21.83023070136195,59.416056834682045,1
DEL_5408,422,10.070308698565551,3,6,2,22,0.5765786832149744,0.1725341023736631,8.115606526399842,4.412058668223022,53.13777813747592,1
DEL_5409,216,30.95974737396256,13,46,1,5,0.2623296252177143,0.270575486441267,14.011187135494257,12.800561263709515,56.45994956199374,1
DEL_5410,193,6.84281894672659,2,6,2,6,0.24066093423546983,0.4643791214227338,34.298087817778566,7.205129223217368,46.768416273342666,1
DEL_5411,262,28.729385581993686,13,36,2,18,0.9744389756400741,0.30077860809801976,6.641711644088313,9.28924996519255,67.12050396710454,1
DEL_5412,198,44.88658911929934,19,52,1,13,0.2959844500430854,0.05046250658153326,6.10255229321265,6.325286274521044,60.20622843486507,1
DEL_5413,212,42.70429715537132,21,51,1,14,0.19102055593628534,0.5645376957014053,14.62185446938668,0.047952856817991024,53.207401741027795,1
DEL_5414,458,44.72517648319236,11,43,2,20,0.16888466815781525,0.5568850661959652,17.26303112403046,0.12030197135457132,64.41153628903018,1
DEL_5415,190,46.49219609571983,33,60,2,15,0.5286793029073927,0.031059873582595383,9.180387901810908,17.785666133386787,93.87732988033521,1
DEL_5416,445,9.70375495440624,7,8,2,21,0.12631936726151768,0.22928562963032426,29.445088132167015,35.110853220708286,42.09807894084798,1
DEL_5417,305,10.793624129407089,6,16,2,14,0.4554125597299927,0.3654759420624807,6.514644600494114,3.1302348339543906,46.86909075635133,1
DEL_5418,116,30.065306284090788,16,34,2,5,0.20128545051003557,0.15711336570069115,15.363036952786358,9.431588419751407,61.74306631872428,1
DEL_5419,373,45.22877007909931,25,48,2,5,0.10585751164398097,0.25693193453655955,16.53008460854838,4.384097854549899,59.169159819775786,1
DEL_5420,272,48.84572554358138,23,66,1,5,0.4975724793984798,0.7170111101367679,5.239524283830685,7.790588374869149,94.52709836648674,1
DEL_5421,215,7.081786280299998,3,9,2,11,0.45114275961176176,0.21787065161647648,0.2854703645353464,1.5087936509300168,34.182688716258276,1
DEL_5422,448,21.009833789029706,6,19,1,1,0.2671494531871704,0.16471910143272964,26.283373507018798,15.509600405963543,44.39555066329418,1
DEL_5423,280,14.580241459699705,4,19,1,3,0.1396662669452368,0.41737063395115964,9.878814028673998,8.71430889222172,31.61751723529595,1
DEL_5424,190,39.018463201906165,17,52,2,22,0.2803357818488933,0.4177939779954093,1.5048498053022477,4.43059385830893,61.75144407550798,1
DEL_5425,181,33.80872408416644,17,35,2,5,0.19066379015091425,0.38749759670576067,47.39485166145153,13.072333601356185,64.49299216801565,1
DEL_5426,423,10.394961416773043,2,13,2,9,0.9921700856036333,0.28294750544428043,5.273754825686278,8.590699247504595,66.10472368716054,1
DEL_5427,213,26.75849303142372,22,38,1,18,0.7091140645504878,0.2570880967156238,9.650141901134818,6.215878401317376,72.23043613595047,1
DEL_5428,356,35.84482350670811,18,38,1,23,0.5819218188634622,0.3568290657503614,9.926673653695415,9.142136928104883,66.90632454786466,1
DEL_5429,157,40.055242726581696,17,55,1,4,0.2756570609502137,0.531317267906655,6.9495909428525575,36.86546533313813,72.21732611968636,1
DEL_5430,253,5.902371940280384,7,8,1,5,0.37823140933719923,0.24170812962071245,2.465739515709451,0.8615710224816925,27.03723366327471,0
DEL_5431,464,45.07113082927504,23,47,1,13,0.19506171504760975,0.5439360475078228,18.275717442534315,30.920991708459695,68.8919160609427,1
DEL_5432,215,30.6176622327736,17,26,1,14,0.5042145470187644,0.06218724599983167,3.2627572335156727,1.6206742654897819,66.30145743639062,1
DEL_5433,442,41.53591017319571,20,50,1,18,0.7823661539006932,0.48303351964693636,17.200927653148383,2.7736703437739565,75.9181181013729,1
DEL_5434,365,41.35721135064276,28,48,2,18,0.9581808939634369,0.766975410204422,24.300506056879225,46.462409231548506,136.15163949274222,1
DEL_5435,414,13.543369712193611,8,11,1,6,0.29583004617945363,0.05208911265386322,0.35105767967559387,19.931659852214302,36.502230528251296,1
DEL_5436,302,9.95774541141349,2,10,1,21,0.3892078870125386,0.24834319405970376,19.739475687506726,5.201081556449359,39.932387580558505,1
DEL_5437,140,37.4579271038222,11,47,1,17,0.9129199046771937,0.13450948004863592,15.243040430145545,6.224712885176466,92.29288937291324,1
DEL_5438,204,12.03921134697286,8,21,2,11,0.45539755706715845,0.2836105341618863,3.2681101207162855,4.264937932264238,50.73913238623392,1
DEL_5439,488,43.24718711321257,24,49,1,7,0.8410417627636221,0.2869203351348884,14.521386143236912,3.061353704805698,87.3517281897965,1
DEL_5440,477,37.67852677379473,20,44,1,20,0.36569296060781564,0.23007827284981733,8.190877135280862,0.7537056327145297,61.71761973417182,1
DEL_5441,292,42.882141396436815,19,49,1,22,0.31346296819669794,0.3610118961085308,1.325780587889295,0.41099141862307614,55.49616716668166,1
DEL_5442,377,18.455570582420574,7,27,2,2,0.24109055443018204,0.28095266304821487,11.125239473214645,8.356170647762234,45.0426104963996,1
DEL_5443,453,19.246912718475606,9,25,1,14,0.34786391138226314,0.26292793889691,54.338199988013,9.062964638568644,57.66413514292032,1
DEL_5444,336,35.204970035584296,10,40,2,9,0.7665852126914076,0.16183104613027166,15.696427398245255,17.20378439063223,87.84624724281741,1
DEL_5445,320,6.415067977652639,3,5,1,20,0.5744424735895112,0.2848572388146097,6.019363244804953,1.19952799880048,33.08076860080424,1
DEL_5446,167,37.69235358518402,15,49,2,18,0.7458259000813455,0.32241241848901714,12.434560041158706,8.67616854796838,84.59865580711289,1
DEL_5447,296,42.61023818845705,14,54,2,11,0.5421035824510034,0.2928237777598613,20.07978807237813,30.997274907879824,78.21563514340683,1
DEL_5448,355,23.682361397184682,9,21,1,2,0.538377404693567,0.371848983496181,2.548343013666974,22.98008837653651,53.27096636530135,1
DEL_5449,238,39.41954735398109,19,60,0,13,0.22479232380063777,0.48147419380526635,11.288002154812107,9.17749901325193,53.845622199293054,1
DEL_5450,411,12.857491264201787,3,15,2,16,0.7122398642666833,0.12806905164838225,10.604581613386467,1.7213778847685182,59.84084742766217,1
DEL_5451,248,19.50171772187681,8,28,2,2,0.5349678796392124,0.5595492445210479,7.087499312270674,2.035953135965002,40.24805284547335,1
DEL_5452,198,48.84372333997148,29,47,0,6,0.35749740097590166,0.31290312817158483,20.61937644634638,7.785835211357387,78.11634570282021,1
DEL_5453,175,49.38476781020568,19,54,0,16,0.9431813963709352,0.3146783705517978,12.48650938889307,11.527743491225902,81.8691165997445,1
DEL_5454,381,28.06722738597146,22,31,0,14,0.42539271512160304,0.13567530903832958,18.00449423365868,46.14196724684998,64.85363762633649,1
DEL_5455,470,47.04214061587446,16,73,0,19,0.8383523084311715,0.4524131709455772,13.593667687175756,21.355072913975683,98.54477346581189,1
DEL_5456,208,28.522880512558455,19,22,2,9,0.7550358783188843,0.10847904102413694,22.776127258074133,6.420766157253165,62.99615629469289,1
DEL_5457,287,18.12146576725208,10,31,2,6,0.5163230658871185,0.2244758835101256,15.07400619358063,5.172481153972598,49.294780714771534,1
DEL_5458,298,17.010467964444732,6,14,1,21,0.12093745796906288,0.7531863467029098,16.98601532069261,0.1629453624807613,54.89373204911667,1
DEL_5459,402,46.827756741566695,17,54,2,19,0.7874058580769516,0.253870720420141,3.833028528324218,0.09294004782014385,76.25491718620708,1
DEL_5460,426,12.760087503823659,7,12,0,2,0.24524707904646578,0.4384186478108769,28.049250949657427,7.719470419097011,41.72054086678424,1
DEL_5461,253,31.08346061908182,19,30,1,21,0.3415612454760162,0.21546468443525027,2.532912458009494,0.8616485902327874,49.525076689463944,1
DEL_5462,139,29.998628062822384,14,30,1,14,0.3717575275239645,0.384617076710842,6.228557557909587,2.040368765928835,50.97676093307928,1
DEL_5463,232,38.28297580938477,19,53,0,19,0.8799183179773079,0.8067580697626431,33.02832538890999,47.17350142027661,120.7456998941687,1
DEL_5464,231,27.465930838614863,15,36,1,4,0.5419289932716799,0.17678278445165224,1.7241853225452601,15.158042375791933,58.14971967711848,1
DEL_5465,378,17.252854731866037,5,11,0,1,0.5021120626982327,0.1922511910717023,30.224919619231446,7.223260780565675,48.050950429703235,1
DEL_5466,461,12.622842483421035,14,16,2,8,0.924629224041324,0.4845298916583288,9.675795607346702,23.413217860754592,66.05068384344409,1
DEL_5467,183,32.93684615776513,18,43,0,17,0.98380937323675,0.20538474635041717,3.042517896139419,2.3436444956043996,72.32778415444186,1
DEL_5468,498,37.35458405839549,15,38,0,12,0.363278912479327,0.17111627545213276,20.045060801302025,5.91812903922256,54.12107484671853,1
DEL_5469,341,30.628457540691468,17,41,2,19,0.8447535710652123,0.021305307200765677,5.008651258607289,4.190446492422721,75.50612017284224,1
DEL_5470,215,38.225807470453766,14,43,2,23,0.22249005761986781,0.2074297996275427,16.993826593181424,64.74657597515215,67.30509529972888,1
DEL_5471,208,11.368454110248205,5,23,1,6,0.28307768294378965,0.36845902840007916,23.47382260322643,27.76418751522034,44.277871877060065,1
DEL_5472,320,44.711158772441095,19,44,1,3,0.259877262075752,0.5319106466985769,12.63615583485761,8.960696179956468,59.47249897463124,1
DEL_5473,491,31.20779787838264,12,36,1,7,0.9484110288887657,0.13625084477860028,23.126593869432337,6.620595917646912,75.48039562001237,1
DEL_5474,140,10.707976710166871,4,13,0,5,0.1253770407070223,0.12884107287929283,41.01120014193151,75.2516175839857,56.9763521049138,1
DEL_5475,467,25.786634189258077,24,28,1,23,0.3103573897870765,0.2299084683531044,11.991013204275031,2.7730556255890937,54.23768337594806,1
DEL_5476,246,43.01562820396602,21,51,1,3,0.1373998766491116,0.5306810764167476,2.479640274309124,6.28865851527307,51.05758843566921,1
DEL_5477,211,45.390298705392205,25,57,1,4,0.24310402927076694,0.3698845284045493,18.54752669108846,14.927903235042486,68.14008714255513,1
DEL_5478,202,16.909227724944266,10,15,2,19,0.9996563757690112,0.047219803493976927,7.916362027565379,14.602007258441866,67.9508139650298,1
DEL_5479,145,37.00696211197039,22,41,0,22,0.20498063567909056,0.25677917956751767,11.366975093418796,10.246677710970559,46.90440640876896,1
DEL_5480,423,9.499336136769951,2,12,2,19,0.7213873769682686,0.4381839986957873,14.78522958189931,36.41113145619193,56.13369682138649,1
DEL_5481,477,6.509564213547101,4,8,1,20,0.31606663532289647,0.34870637479934835,18.96076119563846,3.400572635627921,29.7303740578466,0
DEL_5482,370,30.217952921897425,14,34,1,8,0.9612298082834234,0.4397873724422979,15.31613085824383,10.089422557279654,73.69075704735006,1
DEL_5483,484,36.26724106976566,15,43,2,7,0.7487191450319125,0.23478377159673378,3.9764900420054703,19.958998522793365,74.5229757752781,1
DEL_5484,294,40.81040290294259,20,45,0,1,0.16391882128823357,0.21743451555568374,20.68477194765147,3.1748060510328324,41.64566314874582,1
DEL_5485,466,20.30973073049006,12,29,1,6,0.4074976888388142,0.2806610731612832,24.702587501631786,24.589149278093387,56.844355298146,1
DEL_5486,379,5.293643469299915,4,4,2,17,0.7971899242300466,0.31827954082510007,0.5760209415433412,12.230773139528484,53.13130642947519,1
DEL_5487,382,26.57836567001092,17,22,2,9,0.9772843112156397,0.10621877254555008,5.52564689235268,5.757168418415127,76.08647264191046,1
DEL_5488,139,5.713409541810514,2,6,2,2,0.29657355338762637,0.37013286820227764,57.11383085133479,12.519000215665955,44.82689093382325,1
DEL_5489,288,9.139302980185997,2,8,1,16,0.9411393687180623,0.27747687110391006,2.9352463287584682,31.5834408558808,49.39599301494013,1
DEL_5490,263,19.701006013928676,11,21,1,1,0.2817822571453815,0.1716691795136719,3.0284426495860344,53.25112657387858,43.44972856485751,1
DEL_5491,123,24.672742230207973,10,32,0,2,0.48286637046766434,0.023247662395789175,13.42250741324753,3.9659763301809763,46.52607928404997,1
DEL_5492,123,17.576124855334186,10,14,1,4,0.5196032349769681,0.17465029068525323,6.191012772171945,28.772552271352858,55.2706667174207,1
DEL_5493,103,31.183936992711853,16,40,0,12,0.17436588088160873,0.06912462627327123,16.055670287058106,0.4722058487548445,39.086091836812024,1
DEL_5494,422,7.490740514814283,3,3,2,12,0.18395253581481683,0.21857286049085026,4.57028957745607,0.08760331565428371,27.380388688381046,0
DEL_5495,389,11.506086960781312,5,17,2,5,0.31060879907166383,0.5862298859133211,8.326908026496925,11.044088629373451,41.50338715279007,1
DEL_5496,280,36.28662803399451,18,43,2,13,0.2600944805507692,0.15584437720165775,96.87414673386431,7.885155271445823,86.31437438736938,1
DEL_5497,347,11.396338411906298,13,15,2,22,0.5097868026961687,0.555684712084531,7.012678977444878,7.6000563283470015,45.14906099179747,1
DEL_5498,215,33.78988407066901,12,46,0,4,0.5984056015574966,0.4746452808511893,1.3515923654016109,3.199915723663131,55.40435342729028,1
DEL_5499,378,7.4608079339014495,2,14,2,20,0.1905551857172311,0.4110121822691375,20.3473149646615,10.919571109633193,33.474537446137155,1
DEL_5500,464,23.332202560361317,10,15,2,23,0.48127207541990147,0.16335691023646304,13.321974908316141,0.20506188998963867,54.002379606784785,1
DEL_5501,168,12.983426155453206,8,22,2,0,0.4036234081083182,0.11807951294074959,8.820439405610282,6.825956357256905,34.75796201598849,1
DEL_5502,450,9.933632714083389,3,13,0,8,0.8192334656904774,0.549358793720753,35.90750758441737,5.486229088225989,50.55788563300606,1
DEL_5503,353,30.51647525755524,17,42,2,2,0.23222073450194328,0.20344454801522718,2.3783839103474995,2.573976236914313,53.75431292166414,1
DEL_5504,280,46.77510974025298,17,52,2,5,0.14859811106956097,0.23054534684030073,10.092313056933964,8.578450861280556,59.97780148064019,1
DEL_5505,417,7.465417156559697,4,8,0,3,0.3716280529506629,0.12729194469744762,3.1939209242377067,14.064223532147818,36.97423713632848,1
DEL_5506,268,23.96994116981154,12,38,1,1,0.406752924451921,0.465102884163625,1.307809910159266,20.117746824612503,53.243201417641856,1
DEL_5507,412,36.83909469854497,14,52,0,15,0.5815244699412351,0.06459202352840425,8.760456411076126,7.444330611413625,59.01941201860129,1
DEL_5508,348,25.820952425952214,9,41,2,5,0.4376155320444385,0.27656119195228707,44.16047642351443,3.291504620229045,69.32987327374856,1
DEL_5509,287,41.29231757473603,26,34,0,13,0.32184215008576067,0.13638817961860863,19.20562648730342,2.8270918977377244,56.838261994332306,1
DEL_5510,153,13.084039213885927,10,20,1,9,0.8761066269041103,0.15097161755367744,4.008598870997658,10.386743173093512,59.83666641510264,1
DEL_5511,425,48.181739226248325,27,63,2,23,0.28661948743875143,0.6897970814693851,9.315829780763556,5.916872223831718,95.88566326324171,1
DEL_5512,456,22.332318249764324,11,21,2,3,0.1812792509326697,0.13485110599076852,23.95165743858346,4.584902252721782,50.75441088660181,1
DEL_5513,412,20.37063348249238,7,23,1,23,0.40899002639232906,0.33737087130302534,3.261403397651874,8.882249350831591,40.292165876615954,1
DEL_5514,237,44.35726075264247,23,48,2,6,0.23312531671094536,0.2202717041879851,3.416624334559787,9.754611015468306,62.34117246178784,1
DEL_5515,267,30.374016435129494,19,41,2,16,0.9755431698116012,0.3517405511604569,2.9956247142863743,3.1961897764022007,77.58944053961896,1
DEL_5516,490,28.23999538562697,10,48,2,4,0.3139341822360997,0.32357552191815636,14.026105905971551,5.703629006984137,54.90098846381472,1
DEL_5517,202,37.714006378779395,25,49,2,13,0.1748081749403678,0.0816296759624944,0.4406742544412616,14.759710793601492,63.11082075567004,1
DEL_5518,184,31.092540722649066,20,37,2,15,0.17081528508257401,0.5272333265414856,13.287198428879567,5.880483418120071,52.928488850352664,1
DEL_5519,416,12.313204014070191,9,15,0,7,0.7385150868758595,0.18426326508512555,26.176266139421156,7.046032683616967,48.33083285098466,1
DEL_5520,311,35.33889302892183,10,49,1,15,0.28294865398929203,0.08088086916507102,22.893843748720066,12.26072619851338,53.40513414596669,1
DEL_5521,102,11.006099567695781,6,15,2,5,0.28186227352553184,0.34087660014180793,16.48659442664163,2.5405778255234166,44.407968663806855,1
DEL_5522,483,41.26359674003279,24,57,2,10,0.4061619776426688,0.2634904821364551,3.7171611313335458,24.190331814442366,72.9379480722569,1
DEL_5523,278,49.538146897052194,20,73,2,22,0.21075593823104496,0.2258360547222341,25.426343819536893,4.95712444195534,64.54221912988211,1
DEL_5524,441,21.982443123864932,10,26,2,1,0.17271412914743858,0.2998016410757155,47.361549662473344,13.963787197500896,51.59356186609309,1
DEL_5525,402,25.014015419090565,14,24,0,0,0.4286312553641034,0.1310103001804061,3.0461130918922894,4.232338415257832,52.45705786733296,1
DEL_5526,431,7.089514496726554,5,6,1,8,0.8295487166336513,0.3646397369380355,36.1739934777141,12.534355387485803,59.714624995135345,1
DEL_5527,137,5.617993463716023,6,15,1,4,0.5536824908762144,0.2577755469270921,28.758706452749813,3.8978647842866145,45.2928778645928,1
DEL_5528,338,46.46387006943475,9,58,2,1,0.1914854603969923,0.5564734489578987,58.14992560703065,16.54229202995638,78.09585308444636,1
DEL_5529,268,10.788082719763644,5,14,2,13,0.32392803007796966,0.02786079809235566,5.768969199850426,1.3292204171972115,32.07447696783201,1
DEL_5530,496,25.060043640176165,14,29,0,19,0.7142813956047642,0.2523772156044831,40.78777701863821,4.4091262882753295,59.30880490973221,1
DEL_5531,442,41.69095807350026,19,53,1,12,0.20910983436488303,0.0696857256503859,2.967949004364723,10.058245469129716,57.83954356783671,1
DEL_5532,413,45.01934419677438,24,44,1,11,0.5175006835067526,0.2642481979764937,2.8887953090255793,12.034896562285983,77.86577048402641,1
DEL_5533,405,28.372895837756044,17,36,0,21,0.3925167565911357,0.28675732600231013,1.69733889061019,1.784357087555085,43.33415660024193,1
DEL_5534,129,30.42646362391774,15,29,0,8,0.7256705044324393,0.32898491567867144,8.373268985020662,4.619731608829092,56.617649343161375,1
DEL_5535,289,35.13577876084726,19,41,2,23,0.22554936497186703,0.04042333973807654,0.18385785087056006,1.288195072076259,53.62532246869596,1
DEL_5536,456,48.26221115646719,34,62,2,5,0.20643121994229027,0.25089524303209354,7.203087412377257,21.574294998087993,84.65209795217991,1
DEL_5537,124,32.12014824250273,18,45,1,3,0.3772241765099791,0.5002708970353017,14.749530405202464,49.369805051597545,73.86520800323285,1
DEL_5538,211,30.176386675535582,8,33,1,9,0.7094701036817452,0.38720397911737237,1.222404770723408,4.005568373688773,61.1525345367315,1
DEL_5539,305,5.6540360869695805,3,10,2,4,0.22676369117670023,0.3616377633042544,25.595422123276734,7.919214376468782,27.433889818876995,0
DEL_5540,284,8.642736591006024,8,10,2,3,0.2661502974112129,0.10232318422027581,5.194932984589265,8.475441822019931,31.46877661302834,1
DEL_5541,481,30.97272319807983,13,33,2,19,0.8338899032387577,0.5268784281761846,0.7135384217519851,2.1559889124509026,67.18317994676875,1
DEL_5542,478,47.13081745132414,14,54,2,23,0.4686390083310402,0.18394639183176978,7.04074149146638,13.217414382395138,68.63539660435062,1
DEL_5543,146,44.001110677972775,24,44,1,3,0.2036615758908342,0.18612385810041274,2.235101438499416,8.727438229986191,53.82726264984288,1
DEL_5544,473,49.21605153464921,29,62,2,12,0.2911011650236611,0.10826383766172494,23.791706147001985,8.6549298832103,84.43512704102712,1
DEL_5545,327,28.75253169025733,13,45,2,15,0.5349788625321678,0.10952718409329532,6.0971485510638574,0.7244081120543484,64.45220782068114,1
DEL_5546,138,40.456892229699505,21,47,2,10,0.4700961233298715,0.4870002836473301,1.8667106327104959,0.9995275079606889,69.39450150768295,1
DEL_5547,115,42.81801491702032,30,53,0,18,0.9505259368984175,0.4579149267078451,9.067703038502346,39.988342122288124,93.99263302777928,1
DEL_5548,121,34.16142457988878,21,44,2,17,0.8507820558117879,0.3549032660117527,9.021560873351014,33.70322357459454,90.46208401400953,1
DEL_5549,312,20.243745689652826,6,14,0,0,0.5866468909577892,0.0640893222011576,4.836370066704897,0.22075383562446504,41.78957074149436,1
DEL_5550,409,26.14902955960075,11,29,2,20,0.3626888020934038,0.6931932326867302,5.940069683746264,9.330327486241224,69.45319493740952,1
DEL_5551,248,43.60626825096055,29,45,2,3,0.4596730793430823,0.26251940678622715,21.96960414262688,0.8045671532343521,76.90454176612029,1
DEL_5552,340,18.434656669197377,11,20,2,8,0.8647810325196421,0.3224687792357786,15.271717863793029,18.90896864526084,71.70099216886564,1
DEL_5553,371,46.568440906999186,21,63,2,8,0.8364171792525159,0.10967861436231713,3.624530324526489,0.6061125163137244,98.18340921726093,1
DEL_5554,158,15.34128536401993,9,29,2,10,0.4023924610110182,0.03464921440573258,44.400945578788864,9.563789415004194,60.58431691843354,1
DEL_5555,386,38.72823868205513,18,43,2,4,0.18780021606086825,0.22455743869199893,5.451699990023398,11.587999010694991,68.42310511916484,1
DEL_5556,301,33.375165545558225,20,41,2,20,0.29010588552181915,0.6304586422806101,11.435509614756374,1.2118506444597033,75.11358996893466,1
DEL_5557,131,38.731974850434305,24,54,2,5,0.14151379763785885,0.11825447262805197,12.698692641493869,10.827821048114572,66.39451771114342,1
DEL_5558,261,24.680640759466765,13,33,0,19,0.7462350944066798,0.23628072731385721,3.60560892974998,34.10122565273609,67.6818780334588,1
DEL_5559,354,46.968847814929305,17,70,1,5,0.472439499988639,0.31869857475886554,5.163265331453306,1.2289332782030307,76.70466580215621,1
DEL_5560,353,33.46124910851648,10,40,2,7,0.950196704062855,0.3992278203659705,9.82892235089888,13.849531611691152,92.20800874039982,1
DEL_5561,108,17.97331120494153,9,20,2,20,0.32600819765425526,0.04287528051271681,4.442198281369447,3.797147193948181,37.238695906499004,1
DEL_5562,238,33.73047817934646,26,32,0,23,0.3317123096954422,0.556826065063303,5.471220812072498,3.836119905870147,48.88210473536501,1
DEL_5563,109,17.9067086243164,10,15,1,23,0.11873338933767155,0.06245064590463794,14.245767609806197,9.426460304203442,24.328636376959594,0
DEL_5564,313,18.213457629194338,8,20,0,18,0.9535240192377442,0.1619000775296327,19.85004563979653,31.546926201579424,72.54585294718527,1
DEL_5565,372,22.981933022939057,14,35,2,21,0.16425199068624716,0.07268822125066544,24.21529208906322,3.1476401384632906,43.588084349432805,1
DEL_5566,423,43.359368790610354,24,47,2,0,0.19239618110172554,0.20869049189383357,1.9468441111448314,60.12866635905762,75.2830198168963,1
DEL_5567,147,27.51340434772964,13,28,1,4,0.5810583543426411,0.4171310516081481,20.033875435700423,1.1508869136057807,61.00903141339233,1
DEL_5568,210,35.55053790035933,21,41,2,22,0.230892604767256,0.037883630734651584,41.319037096769364,33.79676957812792,66.80450808694985,1
DEL_5569,252,22.638548312350835,7,22,2,20,0.34181248723735624,0.6042616088389068,13.038734087435762,0.21606332341447762,57.38732566231898,1
DEL_5570,222,16.862244791309664,8,24,1,18,0.8780662673648207,0.40581176085572246,13.920904418046435,2.123367997201644,58.06153962269088,1
DEL_5571,456,47.95880723223041,21,54,1,1,0.30674569196753665,0.3123564435138308,46.624627274772706,44.95105495135636,85.49218115807636,1
DEL_5572,201,32.16115612053782,16,37,1,15,0.36430906980958433,0.4012081253167885,30.537947089583273,3.7129115314885808,56.55902361316912,1
DEL_5573,340,47.02781023622232,26,51,2,1,0.18439386383209014,0.24876738999536874,12.235458660809114,0.08552795657452109,67.41515148091773,1
DEL_5574,420,14.153585098924177,3,14,2,8,0.9662509457537274,0.1910150207280386,21.77687059984222,25.960757693545425,77.74447210769569,1
DEL_5575,290,11.610237376081974,2,13,0,17,0.9604596782432433,0.3205705635384152,2.9932183453482097,29.43715472522313,60.079666065112264,1
DEL_5576,316,43.51203082057566,15,50,1,15,0.2824507430130314,0.2768471353807203,7.993866738925155,16.370302710600974,58.91267358664508,1
DEL_5577,150,35.64127456777632,16,49,1,6,0.11912785032603787,0.4417179205645264,18.850546937372666,33.67236713151696,56.18545139069031,1
DEL_5578,391,13.39603246641386,9,16,2,8,0.8317905990007731,0.12605944474123598,5.107441523325338,3.7055879538450687,62.44463098208943,1
DEL_5579,180,17.1211865298592,6,19,2,11,0.5075528820009602,0.34636165626983906,9.07423252664658,12.437878564369614,50.08291022361815,1
DEL_5580,482,41.029877368639006,15,57,0,18,0.8893442228253394,0.0847478459607156,2.844325040991533,16.27378537712267,85.78437851006305,1
DEL_5581,187,25.424087899817124,13,31,2,22,0.10936569718904873,0.32670536846596226,34.212818290237344,43.614624088758084,59.647599638020665,1
DEL_5582,293,35.17432279277409,11,42,2,0,0.15935137837755134,0.27143392030846136,33.902709932754846,27.410327468296032,55.940791932621444,1
DEL_5583,203,19.32584099612049,6,18,0,5,0.44343509732413333,0.211947535935177,9.761642223226389,0.730553684113744,36.94967772837927,1
DEL_5584,370,22.155347874869452,7,26,2,1,0.497322319389244,0.20669162880212294,3.1979925005890486,4.968919128548795,51.34182995763498,1
DEL_5585,195,49.582065138039724,26,72,1,16,0.7077346776483289,0.15408850290433193,17.054586738689817,11.457934732612905,93.43030485523751,1
DEL_5586,478,16.142768922862334,7,19,1,20,0.5437754517679868,0.1609771603027342,3.6031050433307374,23.204270283453745,43.3178036029274,1
DEL_5587,297,27.79053696664313,16,35,0,13,0.4136626807907716,0.15410451806234945,3.8931185200924436,3.9363800968830143,40.634225359068154,1
DEL_5588,100,42.99810544357395,17,59,2,12,0.35906567422882274,0.1581178753008335,53.65820376106678,0.09701373032879851,84.70725739612334,1
DEL_5589,477,15.765044614963609,8,16,1,21,0.22679594400684847,0.3568328336591935,1.5727654306858498,2.4836744005163163,26.288498447242635,0
DEL_5590,266,23.684619050794883,16,24,1,10,0.28585015736782504,0.23872353293643886,7.152204597104023,6.647701105820695,42.67272019818689,1
DEL_5591,225,32.67910793164947,11,47,1,15,0.5734866363397739,0.49056209180350596,12.14099144878053,0.7571661536632841,52.1343900203424,1
DEL_5592,412,26.653466816379613,11,29,2,17,0.8580616697854608,0.3595561234973616,1.7108063255914865,0.5189961916039926,69.73652308561435,1
DEL_5593,180,25.677601995664286,14,31,2,19,0.7116923457278267,0.21838571709895283,0.5958249192157975,6.162316225952516,57.82999638858674,1
DEL_5594,350,21.312937909495563,17,38,1,2,0.3894556088339244,0.1926949990006025,11.72436468689742,12.525248859778138,52.98391778622124,1
DEL_5595,268,31.39908474987163,18,46,1,0,0.20527233207852344,0.26639570648726163,1.8250461505702549,14.875417130091822,52.90168457437955,1
DEL_5596,172,33.09677140656247,16,37,1,13,0.5766392689258258,0.041687538936180435,4.338632230870118,9.132050459487317,60.90958244132377,1
DEL_5597,240,34.398029340561315,19,47,1,16,0.8208776040609473,0.3342913698282698,10.31562059071391,6.8697179716190035,81.11144358171613,1
DEL_5598,169,8.16656485577132,8,7,1,2,0.2911298489676819,0.3196661075351632,6.404112798632099,0.22835697765185065,27.731173071689984,0
DEL_5599,361,33.3965379070422,21,38,0,11,0.5079157585233559,0.12362564336043193,18.5968918685152,3.655330499854404,61.657496582482054,1
DEL_5600,439,47.895673045155476,24,72,1,1,0.20593733113343096,0.16183948028201506,49.23287568213692,13.299401175414813,76.23538415587646,1
DEL_5601,407,29.344380598763767,14,32,1,1,0.20661432691566925,0.09535411394599841,20.98717395925633,7.164346142600444,47.717855833826775,1
DEL_5602,344,37.18701871291599,14,51,2,11,0.4954806172785152,0.6521615479588302,176.1205637595958,3.6803177742535453,132.03032876716628,1
DEL_5603,102,30.0529538491648,14,35,1,20,0.37965399043357684,0.18091279174222485,7.387731732541552,3.1272998310494016,50.612375179780585,1
DEL_5604,436,43.46332783663904,18,72,0,4,0.37791764426350194,0.35514507109559407,5.462803181430117,0.2089930399371748,56.35800651636219,1
DEL_5605,162,46.831239256890605,25,48,1,22,0.38683541368525387,0.16085910343054513,3.585003331140233,20.920022791448403,71.75760284257959,1
DEL_5606,148,13.289895468336168,12,15,2,15,0.162903408508173,0.08107547361933387,32.426441379308834,25.24966402705311,50.813414093503866,1
DEL_5607,175,24.658701645070696,6,27,1,4,0.27477953719844384,0.5948874333353962,7.412864399301548,5.462260595115216,34.85984431083872,1
DEL_5608,467,22.65719454197246,14,26,2,2,0.38653983492098165,0.21352598166262485,18.616918108515915,14.498118517500028,46.41844392862001,1
DEL_5609,274,23.23468054846754,9,29,1,5,0.22379421328669977,0.12184743617448221,16.848665287261642,0.8060159077779697,26.79342431050943,0
DEL_5610,208,10.648588155254416,3,8,2,18,0.8435997592660717,0.3158105334308487,0.8815225923292094,26.34995294313504,60.42652493875222,1
DEL_5611,282,41.61270766913237,20,32,0,11,0.3785176191270052,0.5235474406978505,31.75979470665241,28.473972864076625,64.45566002507563,1
DEL_5612,291,6.609480935672086,4,5,0,7,0.8233075573120378,0.09115873824188093,9.99860424425547,2.047207759939254,46.81544243323582,1
DEL_5613,164,28.77019734772206,16,33,2,5,0.2228879045291787,0.4152287807921237,3.795310831163609,18.202696558549853,53.13623675183789,1
DEL_5614,436,34.784527462011106,17,46,1,13,0.31967864577866323,0.46792799691813236,58.01070210567499,7.692246863653266,73.96981761255981,1
DEL_5615,370,14.336124712649474,8,23,1,22,0.5907556052720808,0.07173172352385601,20.985000493985183,13.711527970597627,44.8757512749696,1
DEL_5616,199,45.7632586444458,22,59,1,2,0.19339493810897232,0.32131625791852014,14.385384234677048,7.725141572520326,64.14475639589912,1
DEL_5617,131,42.734714316115685,32,50,2,10,0.49000974296657485,0.3801414459172712,66.82046712252655,0.9831352068978187,94.13351359462199,1
DEL_5618,451,26.19876782677664,14,34,0,6,0.18857747781847864,0.5403190585147531,21.19491937441354,21.994065611171884,45.55677296225033,1
DEL_5619,227,23.501701955306242,9,25,1,8,0.7092539485793606,0.04271760555523541,1.9370160242358176,1.0756524528860232,57.814037937603956,1
DEL_5620,468,15.645556634499501,7,21,2,23,0.343986968675447,0.42734786537512276,70.90519585357161,5.35829741280152,56.504088248112154,1
DEL_5621,438,37.849695109023365,15,39,2,10,0.5860807423549764,0.1796868009766779,13.654667569828632,51.18942714789951,79.1833486940571,1
DEL_5622,142,10.928470983438388,11,13,2,12,0.18503748372028198,0.3542809888395796,5.338030637285833,6.675821491178747,28.438425409355652,0
DEL_5623,471,35.610698922970236,16,55,1,17,0.7546900799767369,0.21641985817280315,25.516772023525906,20.59698798422682,83.6923770160214,1
DEL_5624,177,42.91056437532861,25,44,1,9,0.7858843283181535,0.36484917255904864,0.7365898459313878,2.2204050229024475,90.00059694402609,1
DEL_5625,413,15.281220916266067,10,15,0,1,0.45943771876824047,0.6445412698568732,15.935642651363382,21.268089042288135,59.4777523241199,1
DEL_5626,388,43.98923313044403,24,41,2,6,0.15048438188114574,0.1585162647297341,2.60232660400755,7.421247131773489,63.66009780977189,1
DEL_5627,369,6.499543974777881,2,11,0,14,0.24428049411232303,0.17940754228488737,1.3742101468494747,8.55849282815009,18.825198288039047,0
DEL_5628,261,46.07543234239364,34,60,1,9,0.9260099687025525,0.40393643493715164,6.553965999869714,41.55224258566253,110.24837238204115,1
DEL_5629,288,10.32630025330841,3,14,1,11,0.26214380401633974,0.06281709420819614,6.609316332658067,26.07316069573309,34.52950519237238,1
DEL_5630,346,34.05916300721147,18,41,0,19,0.9186484152389764,0.2726471708659669,13.764122544554574,5.128328791889042,71.34963029227931,1
DEL_5631,487,16.25371110112738,10,18,1,21,0.12741483530693118,0.20967909362643308,12.50113387730506,35.807388113259414,43.084189585824355,1
DEL_5632,315,42.64485760263262,20,61,2,8,0.7297183903572327,0.11840034210581322,17.46877805830927,1.306015527494711,87.76662216540336,1
DEL_5633,414,28.053516241195993,15,36,1,18,0.9481677228940887,0.5082355282727146,2.8693647956792403,0.3184193295322394,80.32908606850661,1
DEL_5634,438,11.085853606092561,9,9,2,21,0.18649858458361382,0.14261082067482586,30.703268028606484,9.127827400238168,40.795221160624955,1
DEL_5635,489,30.69462070966903,10,34,1,5,0.21305934495187198,0.3066809514455476,29.350268331643885,17.630752000484467,45.30445846879218,1
DEL_5636,476,23.35471745886424,11,28,1,23,0.14879015776711976,0.20279090672571634,3.655408746103328,2.996007227501357,38.83680238836801,1
DEL_5637,267,34.765151747589556,15,50,1,22,0.3295294261934315,0.05362943243686398,9.62467031855693,1.004424560456661,59.262757489005615,1
DEL_5638,438,44.685647814355676,20,54,1,18,0.8510484893179637,0.3388535882633283,10.041907613726309,22.411381930295494,92.95350829995895,1
DEL_5639,292,23.42251090325383,15,41,0,0,0.3904860246282128,0.3668040739664152,38.1198262624709,51.49911049584408,72.86800536521892,1
DEL_5640,382,18.044630579023682,4,28,2,1,0.5811839362029323,0.2574345514219498,35.406214392587344,14.22244624896291,51.79734418483802,1
DEL_5641,435,5.653179253742396,6,7,1,14,0.24798301600225856,0.35416281896808927,1.0477693441077323,44.394059369373906,43.12683956201148,1
DEL_5642,489,30.86775670369437,11,34,2,10,0.4810399228014399,0.3663360116532674,47.561998944680425,21.453905854496224,74.3273272349541,1
DEL_5643,112,23.10236453441451,19,37,2,17,0.8098277150071621,0.2901743425030467,1.065386268732464,3.4818579199600963,77.00704561244679,1
DEL_5644,339,21.859214855667293,13,28,1,0,0.13066349030611127,0.17401331883341264,11.963347410771197,1.395460112579196,32.04663402401136,1
DEL_5645,419,13.232089457789563,6,9,2,3,0.5650025383608955,0.3433126939715151,5.60062893736865,19.86091049959803,42.191325194473066,1
DEL_5646,246,24.352490533607345,15,21,2,21,0.565651959422875,0.32343326106151377,7.425855892919754,12.931552239248962,61.17982997453126,1
DEL_5647,303,49.299887911251574,19,58,2,3,0.29816759106895296,0.15956003755941864,14.781272973268784,20.11262640968051,77.345783064326,1
DEL_5648,179,18.398936915250996,9,20,0,3,0.3088389175028682,0.43926541180779427,13.14940421387275,15.205877144941184,30.618003685331228,1
DEL_5649,478,31.98669860336451,16,37,2,17,0.7938993232431967,0.09882627037945343,2.7496279352701793,8.442202363422156,79.20651269119746,1
DEL_5650,142,39.941909659205,25,45,1,0,0.34751532773593463,0.3267070060516279,52.489655708716256,33.92701977922039,82.8319566608573,1
DEL_5651,188,38.712102042943926,11,57,2,6,0.4996003492578923,0.791930990798181,0.4367098424304182,16.807621810159816,102.75768562326259,1
DEL_5652,247,19.794842937166585,8,22,0,13,0.1180625845524321,0.2983771135822316,6.309705795002833,0.10272609341552069,24.62221866081658,0
DEL_5653,194,32.48870375825827,18,41,2,15,0.22513530619029506,0.4387867329366259,24.245358065295896,14.619278363944037,68.16104178945858,1
DEL_5654,250,44.206910837157075,20,51,1,14,0.14553249259418158,0.45560305441496823,28.55073073827802,9.426872888525658,61.854664304698495,1
DEL_5655,101,5.695134247988507,1,8,2,4,0.3270990261159048,0.41622607576562337,23.939702173695558,1.7861627453331337,34.223008219913666,1
DEL_5656,475,24.608046057948844,10,38,2,12,0.5270797222854477,0.21938287862844486,6.990146583267157,6.8538511241026825,62.99063031233033,1
DEL_5657,121,15.092303820885737,11,22,1,4,0.38489387173302025,0.5178371991563646,16.785282360231914,8.91229858887827,44.85453282165777,1
DEL_5658,470,22.488453067947752,8,30,1,17,0.8102351332765324,0.32068400019169724,21.677911935643476,7.583596177266544,61.48839285817671,1
DEL_5659,412,23.719532358885875,12,25,1,21,0.283053446947805,0.35667116396455695,12.93960465148403,6.8379567652369975,37.15848666808583,1
DEL_5660,427,38.600193415398664,20,49,1,4,0.13180493836325555,0.3451271111832848,17.045543650262182,11.969468042617073,51.96090395057584,1
DEL_5661,106,9.221984257794942,8,7,1,4,0.48320483524421554,0.4353287588338955,12.098938108057695,12.896386652037155,42.65579734138044,1
DEL_5662,305,28.06627564096297,13,38,1,5,0.385383032991374,0.19193034551103347,0.847755848359081,14.3491365487514,54.90343934602133,1
DEL_5663,474,30.38876563094354,17,37,0,13,0.5654827535617643,0.1105540738905398,4.788327355703213,17.19749239233733,66.16889912730745,1
DEL_5664,213,27.237092159831196,16,44,2,1,0.31598261216147283,0.11072176314357911,18.19273376771756,21.48788086978476,62.920714093724676,1
DEL_5665,371,37.93429638782241,14,44,1,14,0.3007498182564713,0.28784220230615265,4.146857621258472,10.244506639220916,57.721904198305666,1
DEL_5666,182,22.270606515808133,15,26,2,15,0.5871734952029514,0.5792869501177411,9.11736272596214,0.9086984812947754,63.68693344531421,1
DEL_5667,278,47.52351786380343,24,53,2,4,0.1705787474726321,0.16928839963494371,11.473283942846647,5.445053393655017,60.15573865608005,1
DEL_5668,309,26.68115491425236,20,34,2,15,0.2261807663740191,0.20395524697517836,16.674133217697605,0.04558023949813059,47.469339979578955,1
DEL_5669,427,30.70462593266589,16,30,2,0,0.34408210772424797,0.16398744294426645,4.499239450308369,10.852562010532061,62.48820171899366,1
DEL_5670,223,42.148887050603726,32,51,2,7,0.9337480421382224,0.34037235120723286,13.56599271498833,44.293310721585904,106.06296725672344,1
DEL_5671,212,17.385624766900513,3,18,1,0,0.3743583099826959,0.133166576892538,13.6140334617905,21.059456951549254,39.30796350904095,1
DEL_5672,111,8.384091294326112,7,7,2,6,0.2060549648977751,0.3642309782468632,27.967269203822603,7.991841606694701,38.65340777131225,1
DEL_5673,225,36.85027902631171,15,42,2,5,0.5634240242283048,0.3305292124430488,12.046028714643718,14.780017937117172,66.92097438575371,1
DEL_5674,152,26.73553349967704,21,30,0,7,0.7866072202187906,0.3662955652363451,5.244994893153356,16.251881948058127,62.053980963780134,1
DEL_5675,430,45.342691293154765,23,55,1,4,0.22921992477980987,0.057926812203068404,11.094248595997044,10.84157256510048,64.366708993764,1
DEL_5676,488,49.22060219250953,26,69,0,14,0.24709649942335257,0.5023761957965508,1.702177838220218,26.014893386070636,65.91094339173479,1
DEL_5677,382,22.959920775862813,16,34,2,21,0.5401792326367787,0.39316130840740954,14.037790806822423,4.660477128989122,54.008860724110036,1
DEL_5678,239,23.694755731684737,13,33,2,19,0.7842289671654272,0.33475619991224037,37.177472238014204,13.427615622731269,77.23272849884498,1
DEL_5679,489,23.35831709925769,5,21,2,15,0.37818168078548,0.1771374143779222,11.319286268328549,0.8019920951508126,48.420153599372455,1
DEL_5680,196,19.604934937891677,16,30,2,16,0.7353069978274203,0.1544351716462552,5.183232751186406,1.7854771630505915,59.29979964207231,1
DEL_5681,104,40.17591939948788,31,39,1,10,0.22586639920750998,0.36238348001788107,7.8011770614147915,33.45631749312449,68.01483326895178,1
DEL_5682,156,39.15480931208275,20,38,0,22,0.30828834536334926,0.41180848848096613,34.82008581587481,9.398788606698847,65.4032718230101,1
DEL_5683,433,26.539019174773617,13,37,0,1,0.42806868893589933,0.31515272761307667,25.15506473067841,16.84779680539984,56.577261777407806,1
DEL_5684,168,7.009754737050444,2,5,1,0,0.2401103293820991,0.21033233594730633,24.381636071879196,24.41706514472439,27.27202866663973,0
DEL_5685,217,18.930168568088305,16,29,2,16,0.7776609847290991,0.07574156895013441,12.454442619425683,32.64193447088836,82.28390054791834,1
DEL_5686,475,18.15363709496769,9,24,2,0,0.21010857595129992,0.17703135525979272,7.572975923325128,1.1284593562829959,40.91226799784221,1
DEL_5687,158,41.498926079011625,18,39,2,1,0.48945344497992394,0.30917181389112053,2.1309541214568526,14.520979729082338,70.35702355033276,1
DEL_5688,132,8.940900803727862,5,12,2,16,0.8546621681857526,0.22685866342735156,55.70619927294459,11.925984817225627,71.31915469840466,1
DEL_5689,417,41.255392056921686,16,44,1,3,0.5167004384309103,0.3506933371903012,2.960367575200129,10.999557042259617,63.35959555470967,1
DEL_5690,149,35.11326434896144,18,36,1,11,0.5615528559443865,0.28066961962533893,4.357661612499314,1.8858826423774615,62.35375129317994,1
DEL_5691,467,37.959865660870214,24,40,1,9,0.8473402854011093,0.31813201541726316,21.675482931929796,17.803893848671716,85.75678970458614,1
DEL_5692,118,24.449593441326055,8,24,0,9,0.9783765315559348,0.26121191873328337,6.479098565307838,4.5502100015438485,68.4284306479993,1
DEL_5693,313,35.58766082007912,9,53,0,14,0.1771829369622097,0.22653433921704985,13.151310211634256,3.0154444322513774,38.200976754589774,1
DEL_5694,296,32.40630251181121,16,34,1,10,0.45291261539297456,0.0941761996531653,21.50968689489949,14.742137801608408,65.48500524598181,1
DEL_5695,478,39.604108785288325,17,46,0,6,0.5161190406138848,0.12408301215080365,12.183063090752253,2.9103195837536706,60.573877087457014,1
DEL_5696,146,25.104642551071347,10,35,1,9,0.7634039198469659,0.187982825343596,10.121342657836065,8.287414702985526,60.851240311193294,1
DEL_5697,266,26.277153120333608,12,25,1,18,0.7473595678041092,0.7490912240030659,0.7804930737132819,4.584310329136423,77.51866731614653,1
DEL_5698,388,33.96093002329191,23,39,1,17,0.8695797611181141,0.07823063998513101,10.03142005881197,20.811700959222804,89.3362725770081,1
DEL_5699,240,9.863487214987472,3,9,0,1,0.25326732867358426,0.25609519352736904,9.105275103852287,37.04750953475877,34.508220599333,1
DEL_5700,183,24.631000176394277,14,21,1,6,0.26194652951878983,0.07016451327299839,31.868085918239583,20.889588399121358,43.21459263662453,1
DEL_5701,281,48.73778803669125,27,51,2,13,0.17778713838561486,0.31333276467559545,8.89661807806805,6.067721625415549,71.8353404600826,1
DEL_5702,490,6.689854402702053,4,8,2,21,0.2549761150326644,0.053741493686519405,14.91146633776326,2.132165212566245,23.627906126403495,0
DEL_5703,178,19.220212528987723,8,29,1,10,0.5536284505888812,0.20302989207885863,22.290623975888845,14.382731642264655,57.1858089051089,1
DEL_5704,314,19.134941859021684,5,28,0,0,0.2626929162402807,0.3489834108360682,9.458642154829512,28.08299985891997,26.162465682070817,0
DEL_5705,113,33.50588536560977,7,48,2,21,0.237218592634836,0.15672346413760704,4.533926207625707,6.159280338969829,40.317261360117605,1
DEL_5706,314,9.761016174086295,4,10,1,19,0.8171835572446066,0.1921896849258957,33.658144583582526,0.49953491130209315,55.4207104959093,1
DEL_5707,227,33.28448138954875,12,37,1,4,0.5801365189990167,0.29738623593512276,33.88110514379867,1.5934978065256462,73.5404572003539,1
DEL_5708,409,9.276810829322873,5,13,2,3,0.48228956594256134,0.19938726616582642,34.51411672501955,5.7880954138615595,54.774992422023296,1
DEL_5709,347,9.272914133824894,9,13,0,13,0.2008691587738776,0.3202242042263794,4.777801496029451,8.300426386252495,22.114333087972177,0
DEL_5710,128,37.7682510734817,23,55,0,2,0.47627579755154215,0.12397304240852061,5.685108288462721,4.119428470656108,67.15877524070575,1
DEL_5711,379,19.586082822475834,10,21,0,17,0.8358625859011698,0.2641569276179139,37.66196636240244,8.021391756262645,62.1030816756409,1
DEL_5712,437,48.98403264711865,27,67,1,17,0.7888808600249021,0.26372925813037107,2.016405420733106,38.271908417431305,101.37866816077496,1
DEL_5713,418,6.680882139599972,4,6,0,3,0.5455475544309614,0.11299310048657751,16.001525209673282,0.9620825467323605,30.15135826881184,1
DEL_5714,301,25.029799867309734,14,24,1,2,0.14759749156551424,0.024587411826793058,5.186405059338891,19.525694895586334,46.141240041642334,1
DEL_5715,460,10.091117195331064,7,17,2,21,0.32728827068386457,0.3933856541809305,19.164645218769884,7.290847053528145,44.98046998761268,1
DEL_5716,156,20.81205350411489,7,21,0,9,0.9880355118659473,0.4884449410022946,26.906246045917484,12.725118851239833,68.80934619345167,1
DEL_5717,491,49.92001027740728,29,53,0,15,0.5866844004349505,0.32308848836550336,7.866649978098911,41.830572864846516,80.70523190921733,1
DEL_5718,317,44.99791302823393,22,67,1,2,0.14257735907721533,0.2080252146126329,2.458228041826544,7.384365091243524,63.891685809175655,1
DEL_5719,161,7.1745983984928605,7,6,1,18,0.9711103931194457,0.45074485036901274,19.76474274861505,1.211532300741477,57.84783052113527,1
DEL_5720,256,30.346512972155754,15,44,1,19,0.9253824333302478,0.14174462005976182,0.860110867627957,21.117015689583894,81.6357596653934,1
DEL_5721,301,34.1520037170996,19,40,1,14,0.30662209676392593,0.07753035729689006,0.22659196378036034,3.6899354051813447,33.7611335752614,1
DEL_5722,116,14.429058077755656,12,21,2,4,0.3278892215142013,0.31317060839699223,31.456743137417263,28.273388590137927,45.397088993816084,1
DEL_5723,421,11.529750802840262,3,16,1,10,0.2845510698624455,0.30695053282582097,25.458265138906484,1.0258922428007025,36.00254356201068,1
DEL_5724,105,45.69715105994855,22,58,1,8,0.9061624752831448,0.2879966841093467,13.082494956832026,3.105008868247377,99.6918065548377,1
DEL_5725,157,48.596739866751946,26,49,0,12,0.5016223894806449,0.09386515115450965,16.421170409372298,41.330224245176304,78.3822663020472,1
DEL_5726,424,49.63517857938388,30,52,2,10,0.4683299558816839,0.575324151983049,45.7381799605343,25.469115855153625,94.99620521674863,1
DEL_5727,417,40.53927981805855,28,40,1,20,0.3053506790532251,0.2865269370630744,0.9723397917442255,2.963490890762076,47.06917496694526,1
DEL_5728,268,34.85759312323657,12,39,2,13,0.5407617904251157,0.12894391942386718,3.6615530123244175,17.97825072275559,67.00732403081916,1
DEL_5729,181,20.557861348684906,10,26,1,0,0.14666964360221632,0.23834272925244834,19.595761390869487,1.0829394131254833,34.515045334403936,1
DEL_5730,318,12.712924054613861,5,17,2,8,0.9633104232715197,0.5616502705878631,4.598605584543403,2.061628390310328,59.07782487025466,1
DEL_5731,276,8.554126971480427,6,5,1,12,0.5770289266405442,0.3247444110064519,3.4839491785693504,2.414803074866859,44.59688579943701,1
DEL_5732,303,36.198386084817145,15,40,1,1,0.38349415171127643,0.34474286035411733,8.756407684769721,0.5297437136658945,57.16102436583221,1
DEL_5733,170,40.31255368307112,26,48,2,3,0.17972888783462046,0.4743706138554701,19.293908505274775,7.953360083859502,63.26105087055719,1
DEL_5734,486,42.1904143604741,25,50,1,15,0.5745728538753725,0.16974797628925622,3.5457523641496693,5.944334709089575,76.540491654504,1
DEL_5735,365,46.119425148670935,24,44,1,9,0.7409017501859366,0.3925144572712071,8.419818211706396,10.687246438274931,88.76338485459168,1
DEL_5736,197,44.59683036372681,16,52,1,5,0.5407465340976049,0.242647017169299,10.972615521017893,14.004753910544824,67.67696620110459,1
DEL_5737,444,49.98835725161417,25,53,0,8,0.8041231415054303,0.5023766932049313,2.835207086452708,10.856509548703766,79.27540113916642,1
DEL_5738,390,15.982880493526308,6,19,0,1,0.239246992959006,0.4785724554856202,9.716528116167188,3.9165964045214787,19.11045803535704,0
DEL_5739,307,39.348842684549474,32,36,1,0,0.30348642627593647,0.3817264365762329,30.13488158351283,1.0350337318144982,65.04059402532265,1
DEL_5740,101,31.390678056865895,18,40,2,11,0.3896608629290047,0.4186343189297249,20.56017243931568,15.802071421692204,68.37496874183114,1
DEL_5741,223,16.75603096041121,10,21,1,21,0.5960907047847561,0.20627234880211237,10.500993416167425,4.437449716936602,45.34194467917569,1
DEL_5742,379,49.185739502912426,21,61,2,21,0.5780667734163929,0.22359514213771822,2.007807368623498,3.4051727065111437,88.0800542104617,1
DEL_5743,173,45.40541471484135,16,44,2,21,0.5605695293488703,0.0553849584106416,0.35451072485875096,14.073824326342233,80.40541847627298,1
DEL_5744,265,10.78320507998524,2,6,2,15,0.14463814940677291,0.24229780922294075,1.0441506561108118,6.998098545499239,20.925954639014453,0
DEL_5745,121,6.177125404553893,3,8,1,1,0.47858317261204775,0.527328654271334,20.8074065628572,2.745731309477729,30.12136903250766,1
DEL_5746,253,35.97488430497046,12,45,1,12,0.5384229306698457,0.1075937592574405,18.279834012135446,17.457253924814356,61.15838726295317,1
DEL_5747,394,32.18587829854408,27,34,1,7,0.9879437653956828,0.765130465059144,20.56009982776843,19.70224502989236,111.52658471712209,1
DEL_5748,318,47.111703085001565,34,58,2,0,0.2097870171004038,0.1827105708132474,5.505439734839979,50.628226609144875,94.2716702113858,1
DEL_5749,256,15.530237922216642,7,10,2,4,0.4742207469434362,0.20379544202983105,1.4134354737329362,7.5730549862482714,40.1531790262987,1
DEL_5750,329,8.797457655274417,6,12,0,9,0.7336766043600388,0.15781295398262055,18.793875565788202,0.4483385910308623,45.6679339620546,1
DEL_5751,119,16.66469001973939,8,15,1,2,0.5704291010739136,0.2386580128209494,38.35560152205645,8.739234886678592,53.43455453209254,1
DEL_5752,140,5.851743823015855,2,7,1,10,0.17803882212814012,0.5283880598065717,9.02744532181264,0.2823576491157485,10.39121350845187,0
DEL_5753,247,6.615173803501959,2,5,0,21,0.32876892608510455,0.18578857861120182,21.678855619267107,35.38280910163853,37.563658553943284,1
DEL_5754,207,46.16860126643418,24,64,1,4,0.5913989248335481,0.35171732966114877,19.53334501978869,2.3057417699359393,78.45431057618536,1
DEL_5755,183,20.840746212584524,9,10,1,11,0.5941101082685052,0.4053104519304182,28.830571198131658,31.146792491470222,57.745900183639584,1
DEL_5756,466,23.486405045435628,13,26,2,11,0.4879951433477684,0.3726040963300556,0.4318532905092877,35.95364364137478,63.64572461075712,1
DEL_5757,421,5.826724454214698,0,11,1,12,0.519594242413907,0.35782621284946975,46.61840348715874,17.924242144719084,44.01102955055307,1
DEL_5758,408,17.1734801077331,10,23,1,13,0.5835853710957501,0.29096163913103157,30.076907089306534,1.0962699415306614,57.659564310197524,1
DEL_5759,389,41.212669268364394,22,53,2,3,0.5637147547071846,0.41075251107824795,31.37031812370871,9.807252477675416,80.77909062992883,1
DEL_5760,422,32.69709318500236,13,41,1,2,0.4110543161419239,0.20890258671962292,84.20707514103077,5.248370104099895,71.90677568917364,1
DEL_5761,233,38.92012704888869,11,46,2,16,0.7634992892300799,0.5182097565536503,15.302965304042253,20.59181389465465,86.438659311116,1
DEL_5762,306,25.124618335720328,14,33,0,7,0.9163982581672684,0.28731739179181576,1.2780357347575504,4.318121745230638,58.74580948486729,1
DEL_5763,382,18.93781497880985,10,24,1,15,0.3532476369857872,0.5162889758265702,25.956840175085233,7.201439321140876,45.932922486791455,1
DEL_5764,365,26.726454199776665,8,27,0,10,0.5404145082644736,0.3687517073638986,2.1732206387345054,10.231104159293666,43.19236564018448,1
DEL_5765,172,19.5381980782588,18,23,1,4,0.4690125560685099,0.24785554913742397,20.08507988935615,0.4315286189062384,53.495352743991184,1
DEL_5766,451,42.75369935033306,23,57,0,15,0.5299080851840154,0.18700665981062178,8.275351780036372,11.264919607179419,58.15272057827789,1
DEL_5767,147,18.395317201678058,14,19,2,23,0.14795548170270514,0.23326111655207477,0.09952856032593758,5.063965387400064,43.91816637790545,1
DEL_5768,425,34.68936382038877,18,35,2,8,0.8678902271596171,0.22237006128660153,8.584632775460417,9.039282340394495,79.93826340106492,1
DEL_5769,332,11.164200003928752,10,15,1,12,0.2647584141741244,0.18700590239123205,23.893446112172583,1.600039810227479,35.163155157882386,1
DEL_5770,199,35.90899221807095,13,30,2,7,0.8869228655496654,0.44605505862287503,1.3718461245170863,4.9104409681689365,78.84763440744183,1
DEL_5771,158,46.09848702200152,18,57,2,21,0.40648272231827476,0.2201043676432484,0.033216113000310125,10.461509281852448,70.23695115785226,1
DEL_5772,357,32.38624195879588,16,38,0,23,0.5228792360661422,0.13626502277086838,9.04307591189641,10.171815096786121,54.308997812650716,1
DEL_5773,164,30.193492101551474,14,39,2,4,0.11593886227930753,0.2619229292761149,0.02246904745615857,2.0631596467893947,46.080722072264464,1
DEL_5774,182,48.25032206097381,28,67,0,8,0.9700952592735015,0.21987155835807085,40.94045350095876,6.427508771476404,106.6261900105692,1
DEL_5775,253,33.23284498921309,23,39,2,5,0.5607228706401579,0.23283162928415788,26.1327234233672,8.795201036278788,78.53031687155035,1
DEL_5776,365,16.679769497288717,11,15,2,1,0.583635354961627,0.0815060432282869,14.9185397542675,1.0165690081853724,51.36514108983579,1
DEL_5777,408,18.15759607314832,15,25,2,6,0.1277113415487238,0.5521561473833807,0.2620455030294467,10.976663096519978,46.45207194637757,1
DEL_5778,178,36.73879891411673,30,51,0,16,0.9129446005211096,0.03812428238117048,12.653358996011594,3.163200672852371,92.02652857625425,1
DEL_5779,414,38.09464672514839,19,47,0,11,0.10486498688362025,0.062119481352837035,16.679408694269476,30.339944770521925,53.14945246289234,1
DEL_5780,249,18.657330430505684,6,19,2,0,0.4787240065973687,0.4165830437524879,13.280825469694836,3.752616405279271,50.44104669294717,1
DEL_5781,147,20.54047900668486,7,26,2,14,0.44097009012049204,0.12345621080739427,44.03119138786599,18.577847811894912,62.74922894619597,1
DEL_5782,478,49.59754289325892,29,57,2,23,0.38240255769931686,0.1423687837506761,26.698400220835275,10.471890133417215,92.2519939225201,1
DEL_5783,347,9.587864731112486,3,7,2,20,0.4458305866277825,0.10492872960253775,6.814139759077981,13.87541843982982,44.3753610439234,1
DEL_5784,377,23.20902627980447,11,35,2,10,0.36889560627891005,0.23786861428599648,17.801753505409682,27.844351134955268,65.45674416632147,1
DEL_5785,455,7.810138903887836,3,12,2,9,0.9436004931332403,0.25712123660577113,9.274665941264638,22.59177056630399,73.42816599305684,1
DEL_5786,197,41.94852628992085,21,46,2,15,0.4771668674777444,0.596562723750698,39.539009278307546,1.6400827386612735,79.29548641883538,1
DEL_5787,124,9.155562752544451,9,14,0,8,0.7797804286090627,0.18046328213245608,14.439982272020476,32.57083101934909,58.948224034551544,1
DEL_5788,383,35.330331040822,12,51,2,11,0.5271009465366333,0.3178036665662088,13.086616422743687,1.791387069040133,69.56403543373439,1
DEL_5789,468,7.541754080156693,3,10,1,21,0.577038339230878,0.45900008531273717,10.418139478907621,4.5644008320105005,38.44215610074213,1
DEL_5790,400,35.278476701436105,12,49,2,14,0.47377080587027265,0.13680482155905802,7.115934175175179,8.88622233701375,59.71455590391662,1
DEL_5791,167,42.93666261174665,21,61,2,15,0.12727489576663634,0.16523023456995856,2.4035646830849875,32.49951245862454,64.0620221560825,1
DEL_5792,106,22.94696871158258,7,26,1,0,0.11041928577324964,0.2868393625022352,4.801664806637813,11.84010436725192,26.34676141382399,0
DEL_5793,404,28.49569220444796,20,40,2,5,0.4699353353522624,0.2988610512455474,6.063259189708187,24.948604541872854,71.67412064565909,1
DEL_5794,236,23.069378210237712,11,22,2,12,0.1280254824636056,0.49667224946187666,2.5088520493959665,34.11015320146451,50.254790431295845,1
DEL_5795,263,18.52199413846875,8,28,1,0,0.25797229914811337,0.24249455593214425,25.126717007238824,16.56301610577009,38.821421537849595,1
DEL_5796,182,41.14685302822077,21,48,2,12,0.1680799437619834,0.09997470297833559,0.033311889200769086,7.891207379415567,56.57108382603756,1
DEL_5797,484,17.240115817894534,7,17,1,4,0.5844499522010816,0.2266067203882758,37.11333755529641,5.892551724620246,52.68321341770032,1
DEL_5798,237,37.53245409752512,21,49,1,2,0.25819707768270816,0.348194747646651,2.0593532435655035,3.8617971214148197,63.74090721999253,1
DEL_5799,172,14.278868566484102,9,17,2,11,0.12757345408516077,0.1781640678129871,0.7847065090214551,8.477043912590036,31.11085391383711,1
DEL_5800,336,16.24342082352483,6,20,2,9,0.9095620790825197,0.14204300858936694,80.04715237448326,0.5907398628389474,85.49880481286135,1
DEL_5801,145,20.140752315974552,13,30,1,8,0.8245977692883817,0.2442410273415881,127.46571499111457,3.107560134715663,71.71451813842239,1
DEL_5802,205,31.51203698272047,25,32,2,16,0.812767628925507,0.11028020587549996,3.1933984589645896,5.324193453158984,84.34342154071686,1
DEL_5803,387,25.449004362179352,15,27,0,5,0.5166805199432003,0.3361700658102254,2.1545365268975294,23.038987249874822,46.89333236733994,1
DEL_5804,361,38.53151644225192,21,64,1,13,0.1762643515292032,0.10314458880291605,3.3054855068961446,5.661292275575814,56.34635357448434,1
DEL_5805,275,14.610528515128655,7,13,0,2,0.5012181365806196,0.1817906440194602,10.740817408054026,3.285726972650356,32.03116443575486,1
DEL_5806,265,5.480252953197535,2,5,1,17,0.9076971923503232,0.07743217147209627,5.811075849412582,18.317297922489878,51.45248145278878,1
DEL_5807,244,39.9450862303349,17,43,2,6,0.18855760731821578,0.34460948553225323,6.150375598730095,34.40999036884101,64.8301502437541,1
DEL_5808,429,41.97422002460326,18,50,2,8,0.9387967780379914,0.34359368548845,24.8770576251347,17.888344500518308,94.19600103782992,1
DEL_5809,469,7.676607339877529,3,14,2,14,0.3272524878018066,0.4960021299482344,33.1356778320654,1.6129401627031095,38.03819115839992,1
DEL_5810,382,32.49083849712784,23,35,0,18,0.8875042598005272,0.21996567964049793,52.514042081558614,4.6337801870117845,82.86875308772511,1
DEL_5811,153,22.019305274288506,12,30,1,15,0.5347570826574627,0.25191504625401473,10.846007380597111,11.082568891863069,49.03469617238575,1
DEL_5812,277,40.725304483753256,14,53,1,18,0.8980750737959553,0.20797132336183083,4.238156453568035,2.6181026199533926,75.54450154968099,1
DEL_5813,343,44.348654938841534,20,44,2,18,0.90883474200253,0.225053763783526,12.14244852080925,12.14637605306864,100.33776621668484,1
DEL_5814,440,43.29516950587621,19,53,0,16,0.8577966866253232,0.0810166846564374,30.725085249305636,3.2306863242698114,82.84548531469872,1
DEL_5815,226,39.97419113078835,18,43,1,5,0.35405723507817455,0.2682366975333499,0.47099302722940095,9.38928070797903,60.01445503907989,1
DEL_5816,466,17.10735029339733,15,23,2,0,0.37925133719832815,0.25772715098726856,36.32776771733881,14.721223479238382,53.23916253830137,1
DEL_5817,370,41.53503396057425,11,57,0,18,0.7752409441016737,0.024134841688930413,3.853363492527551,18.54700887768501,75.64133186640888,1
DEL_5818,231,29.006531415783172,16,42,2,14,0.30801362630163753,0.1927503614068907,5.576920506550868,19.346819477070024,57.289738898686096,1
DEL_5819,192,7.374047667444087,5,10,1,2,0.3507758735867018,0.7029494103484942,6.7896187001350725,17.88689980296246,57.884530489761524,1
DEL_5820,478,25.562248245421202,9,30,0,16,0.8625342872778821,0.2703078076818391,36.759555460786196,1.7694993695945307,63.21661099508244,1
DEL_5821,172,47.397106266349695,19,62,1,5,0.21907275557200748,0.32861701762274415,2.9037155222419404,54.476282438184334,75.01051892167528,1
DEL_5822,347,44.95367073809987,19,50,2,3,0.4002334079320592,0.11713924624058783,3.784943598311567,17.748957891540194,84.26210762246176,1
DEL_5823,447,9.601892644870222,4,16,2,7,0.9998152963198585,0.3783571283961687,19.70138277835858,1.3195593653644595,66.8945106190838,1
DEL_5824,372,38.48570085714666,17,51,1,21,0.37672886740079536,0.052709907814578225,40.928683594986424,14.350751186721604,69.48445030848094,1
DEL_5825,142,41.260678968120565,27,53,2,3,0.4531070118097503,0.21169684838987562,1.6595289686478776,7.618565538115522,75.63918227300557,1
DEL_5826,476,17.212468470654414,11,18,1,20,0.19912881086512804,0.13451681494003437,11.0799756088901,6.702665990101832,40.73500873421563,1
DEL_5827,140,26.222385683349152,14,38,1,1,0.47293903087801403,0.16475889474346087,36.881693014513495,13.546897008670271,57.567539259000235,1
DEL_5828,269,36.99445736586573,18,45,1,9,0.7752096866622668,0.3483594558064201,32.58514986245604,2.205571783521,79.59071806022668,1
DEL_5829,311,24.756866996951654,10,29,1,11,0.5962522689276025,0.8387224515263214,44.4803729760447,89.62128396407901,113.0704767208996,1
DEL_5830,267,10.075861348995963,6,14,2,0,0.5895384050503519,0.2438541858225016,34.85788595757963,9.43591306539221,55.04363357488022,1
DEL_5831,138,36.76471001067747,22,33,1,11,0.49929731675927524,0.417198576396467,5.668545576307196,10.835615429419276,62.557152533237684,1
DEL_5832,468,46.02374103808866,18,55,2,22,0.2713603882647594,0.22051586984398483,3.4981206552865483,6.644659812853011,65.35220462496756,1
DEL_5833,344,34.36181277827709,19,33,2,9,0.9510051404951401,0.36991725334064346,34.76162265949004,11.174452882695524,82.0877112201192,1
DEL_5834,250,39.82103368560652,22,47,0,11,0.599389502604127,0.3672822541925508,18.66955913581194,13.08816337454908,74.92059791661077,1
DEL_5835,210,21.126314104602283,9,26,0,18,0.7426658963285191,0.5750227767065635,7.134829483150191,5.086522578650265,48.78524142430276,1
DEL_5836,146,13.243921030698568,5,21,2,2,0.4072946904483069,0.04802846794837863,18.72072102081725,7.440651741233653,55.010059063408775,1
DEL_5837,162,33.92481477282317,16,37,0,21,0.10299350149185973,0.0201543941161169,5.505025534726461,3.542065720129804,38.746387164323785,1
DEL_5838,324,19.74970426285485,19,21,2,18,0.9220849991843076,0.2811766159830242,13.060593982295245,17.738393349827422,73.25702205258133,1
DEL_5839,465,43.703308354540674,26,45,2,22,0.3502989054834942,0.4413765714498051,3.9855537099651204,16.04429639744134,65.9581679396048,1
DEL_5840,168,10.518262249010295,4,13,0,6,0.4046569369619357,0.3069839815087488,12.37419937999576,19.98790544395902,33.12896164471746,1
DEL_5841,398,24.505866487990566,14,19,0,20,0.2561965012788182,0.22085350801546091,38.490684874268986,14.561517731342594,47.60635403440726,1
DEL_5842,389,22.85274202107736,14,35,1,0,0.14956491019152537,0.13851375689332743,22.13930585803779,0.24367702963888033,43.19067212398647,1
DEL_5843,395,47.212423409926835,28,54,0,12,0.49113607433518647,0.05284331081011419,16.00955154333708,2.545674291059691,67.24880662399805,1
DEL_5844,302,11.891066027198175,8,21,2,8,0.9224628462357412,0.2791232690321351,4.235710293322061,5.904299616939033,79.80769950213025,1
DEL_5845,160,5.443107125540493,2,4,1,15,0.42442419626735606,0.23037129617407068,0.9819762097648475,3.20177706839986,32.537289470314676,1
DEL_5846,417,15.713834576320291,7,18,1,17,0.9980909622518579,0.2602884501868853,18.597615221372294,9.103717579122376,73.23241119737925,1
DEL_5847,413,41.91245868958945,20,48,0,14,0.37341934153632617,0.15185423171655568,12.873783521014165,27.407469064414073,68.02388170207807,1
DEL_5848,260,14.419481722115767,9,16,2,19,0.7935415262829888,0.11039809249585968,3.585369561005384,16.075310435061255,57.13823836441353,1
DEL_5849,430,15.839512866746722,5,14,2,14,0.40804067166142766,0.5119555481444108,40.945373095132354,3.7198985194141274,49.51816017246981,1
DEL_5850,115,10.845446204156486,5,11,2,14,0.2610420046310883,0.40495891890891134,12.04507419135678,6.081395769694508,34.048201673223396,1
DEL_5851,437,37.19462914744432,18,48,0,9,0.9557439820754109,0.7038456409478383,12.724530254764689,0.6402046988205576,103.22666025035636,1
DEL_5852,193,8.112838572743772,3,13,2,17,0.9840745569786751,0.30463466465541933,5.323587244662722,0.0750998820103374,56.66079472133685,1
DEL_5853,403,19.904373604783473,8,27,2,14,0.2455742069912986,0.48930761605860695,31.727248229469794,6.643422985690307,46.08859701907307,1
DEL_5854,237,17.712442697943402,7,34,2,11,0.32015298314937823,0.23945191506560054,33.30000080109066,15.620620972459808,44.39989711428335,1
DEL_5855,437,29.982187840556968,15,41,0,0,0.4700065651014881,0.20323113416918678,18.836722346849804,23.662833719948846,61.34341746615311,1
DEL_5856,137,37.8687319258881,23,41,2,12,0.4603752885777833,0.2222350062432871,1.5683266259050581,6.776544106564378,64.94668124574657,1
DEL_5857,226,28.979439561353633,7,35,0,16,0.8397917186055892,0.1702067944769974,1.3224007931447936,2.3851316847461925,58.754616217293076,1
DEL_5858,374,46.89616968387804,26,68,1,16,0.7456719442950213,0.19135918276779806,9.50563812225305,3.635572166251873,86.46584207644953,1
DEL_5859,263,47.81491874992994,24,45,2,6,0.2171173002462983,0.4301116590931882,2.2991739927636505,7.075766737522156,59.33289501923747,1
DEL_5860,418,21.265939782433193,16,26,2,10,0.48518263874691625,0.4024467242920667,6.05020567817605,12.583756893016787,55.56584645296213,1
DEL_5861,176,39.995616932370176,23,51,2,11,0.19835494241743887,0.44765580172205927,2.8192449834860147,9.392429869865433,59.90268304434631,1
DEL_5862,273,38.24606224706854,25,57,2,8,0.9659955235244977,0.22205079037550876,5.568463202290058,22.037182181702903,101.02644607755597,1
DEL_5863,486,45.18340662671723,25,69,2,14,0.5684320503778166,0.23718971414535497,42.94765190177293,0.22433793350900913,86.27134692636051,1
DEL_5864,457,25.15746380934665,12,41,0,0,0.5958080360097091,0.18051422833245623,20.997645069958715,58.13148323437515,75.20896232208769,1
DEL_5865,420,28.87129342390065,12,35,1,21,0.5284810786769384,0.2668948215603141,2.232820038517732,31.77580767962675,66.21557223819822,1
DEL_5866,475,23.70984411117083,16,29,1,10,0.21084949472022527,0.19357817088364757,16.580723080457677,1.9450831262796306,40.48551475873946,1
DEL_5867,190,43.266961368486754,19,58,1,4,0.30825681578598696,0.2867509384167959,0.4647247045003087,0.5923909634343668,59.49754896476581,1
DEL_5868,337,15.336604191296047,3,28,1,18,0.8317633773186406,0.390134494608812,61.679938933005914,11.537217336279667,69.95213843611309,1
DEL_5869,363,15.78690852091001,10,19,2,17,0.8973258972646102,0.22016031518954116,11.379533792888392,15.335904715341155,66.97154911196893,1
DEL_5870,278,21.76722966096859,8,35,1,17,0.9573743592994656,0.21929389726913565,10.560492391687939,7.738585084970071,71.4913531415026,1
DEL_5871,308,15.365427444605803,9,23,2,17,0.9273960561694224,0.30879839747268434,4.123168288260833,3.9131750870457287,70.35131112053439,1
DEL_5872,172,30.245307638671434,16,34,2,22,0.36659356725819703,0.10468808703675751,9.182731814217378,12.231642559985119,66.0307692711736,1
DEL_5873,489,11.052054792297604,6,16,2,19,0.7786853495018323,0.07951498091030672,11.205838324306018,12.121832638862145,64.06015797928916,1
DEL_5874,206,19.40837987318249,5,29,0,6,0.3315038383971689,0.1845189867545465,16.102846600306794,1.9267047990377266,35.81269362915694,1
DEL_5875,444,46.10501143140155,21,62,2,13,0.42115335272215093,0.2794608645509367,0.7049878885397766,19.28246472376384,75.56327297436867,1
DEL_5876,394,23.415146608630817,5,25,0,0,0.3007987357055816,0.22698004939611272,6.2822460816994505,16.612076170218668,43.753009100104606,1
DEL_5877,468,38.670517242207914,19,59,1,19,0.7081119069254489,0.3099237260073687,7.34078454857375,1.063695181152229,75.43572098423724,1
DEL_5878,383,10.105798626795831,4,10,0,8,0.9348889753032326,0.13897391678613055,2.4227940299391433,7.449094002389414,50.9924931463029,1
DEL_5879,452,16.14040286638031,5,16,2,15,0.315865868390537,0.24467405874612208,4.112325823716982,5.998840425930497,25.25098267260028,0
DEL_5880,281,41.33055295401658,25,46,2,22,0.14135066023816215,0.5659712933431039,4.051023303113525,7.4492931138977605,69.86492125049375,1
DEL_5881,136,39.33468213303623,21,48,1,5,0.18176791459253153,0.7107515377966062,24.940655409363462,7.423006019458861,88.74101487170567,1
DEL_5882,236,22.37701633672195,12,31,2,6,0.4602721652289532,0.08805265836354209,17.433948014457354,8.909269126897435,52.20246317070957,1
DEL_5883,437,47.94786059150634,22,70,0,17,0.8211582178063733,0.09032408157722567,38.41036517012588,3.895541558957346,88.94562549244085,1
DEL_5884,155,45.978935712554545,27,65,1,0,0.4926924862640547,0.4829735414241564,5.5636640097222205,7.610276353067793,74.93423816564624,1
DEL_5885,286,48.30353371005079,27,58,1,15,0.474879785256623,0.10254703638625665,32.01310090591762,1.2575895018987775,72.48036079841596,1
DEL_5886,440,24.256161058450342,10,27,2,17,0.9512282513329078,0.24716780655851922,29.904657674428787,2.3330403060066915,73.1131843917253,1
DEL_5887,357,13.886311265855737,7,17,1,17,0.9475152693998823,0.6390274267428331,8.911985927443636,1.1058067601810702,88.93781431920956,1
DEL_5888,157,33.19963875911034,17,55,0,18,0.9470129944920759,0.2206844597201834,14.902768458381837,2.472113118319193,79.47729921678471,1
DEL_5889,462,35.81479212256393,16,47,1,12,0.416293949578742,0.1455702647976887,13.667801333429502,0.052083973378463606,66.60422508001223,1
DEL_5890,222,10.6448803002734,6,15,1,18,0.9396753313647321,0.15404900217774933,5.518816061135362,0.46277894330720826,54.9562781183165,1
DEL_5891,287,40.391736543315766,23,44,0,2,0.3578386040466799,0.4578426561178397,4.558623082616069,19.113003082129914,50.7044424635284,1
DEL_5892,329,5.812709889198223,1,5,0,19,0.7619368786044062,0.2385098980022221,2.776149620188571,2.6646393355764992,34.896183372375404,1
DEL_5893,267,26.722777436455253,12,26,1,16,0.8543508967814972,0.28671164195763243,27.271421224229222,8.807376567062711,71.42991334301955,1
DEL_5894,213,19.89573167727027,5,20,2,10,0.4252410307730943,0.11287466530573477,11.438397366477968,5.551465765113769,45.45102220412173,1
DEL_5895,351,38.31363769545878,12,48,1,16,0.7335664770531373,0.42204443467505115,6.1956334388730525,4.788351493768303,63.040714425168495,1
DEL_5896,206,19.074232733981717,7,23,1,11,0.3705969217431061,0.13667266445169363,10.700020141886801,23.347424425833495,50.92929626887484,1
DEL_5897,136,42.20632007514648,31,53,0,11,0.15164649687124301,0.37972704050877565,1.2603533751392866,7.991701554650742,51.09920990692238,1
DEL_5898,434,31.772906995136474,16,50,1,19,0.7940443851434299,0.10992272904585045,1.6804602242543747,8.728022420395211,71.49370388257272,1
DEL_5899,191,40.725201279293245,29,27,1,15,0.16717784624892315,0.1314975786338183,21.366320845309996,7.374392902302825,62.19648160797661,1
DEL_5900,117,49.52032870278307,15,72,0,0,0.12634887529871217,0.14772162059093555,34.72655450733314,3.759087044075506,55.14969759621136,1
DEL_5901,453,35.56212555846005,20,41,0,19,0.7920301348420241,0.36584631320577543,5.79086131612554,13.795767559668448,72.95815791563085,1
DEL_5902,162,49.32276423627398,31,56,0,12,0.42272108434803257,0.2090308074094961,7.893487799872282,0.5799457285881354,71.96792993592533,1
DEL_5903,249,6.297634711476741,2,12,2,1,0.5333986675247864,0.17275944844866828,7.0195069553995415,3.9666351591044506,50.47715397274513,1
DEL_5904,238,20.21629948177138,13,24,1,15,0.5051829336220562,0.4198807876381092,9.78131500521153,12.99935032356128,51.488551783857,1
DEL_5905,285,9.853396905303912,5,13,1,6,0.2473449253174518,0.3108762849322312,8.016071780890078,0.40785916092116004,30.516234329575724,1
DEL_5906,284,16.80372191229978,5,21,0,21,0.12299830917831886,0.13697579592069029,7.322217593789595,0.31252792478525043,19.650769207494367,0
DEL_5907,304,42.74995546065985,17,49,2,1,0.3013390879685848,0.1578582481071996,16.17980063219277,5.597210976565851,74.49790352768304,1
DEL_5908,359,6.454546939674064,4,9,1,17,0.913887980801352,0.10365736688722745,4.76413463660697,3.47105419549969,41.72086880053933,1
DEL_5909,313,28.408232107957716,14,27,0,16,0.9245895430609667,0.17937748308169474,42.87457620037624,14.486157135498422,69.30344295834497,1
DEL_5910,355,30.520791838956786,10,38,2,15,0.3795494704375526,0.13600523267325784,5.5328716147760675,16.92423894670909,59.88484539235817,1
DEL_5911,234,30.251801600238025,12,36,1,19,0.7858142789853306,0.3979618897140133,3.6230472297703233,0.4429521977206135,62.831389789632446,1
DEL_5912,160,26.388368322046507,17,19,2,17,0.9382006217179881,0.2210508314989898,53.58318818197831,6.880802606837946,89.0408804934507,1
DEL_5913,462,40.57713341463899,22,52,2,20,0.3793166547430643,0.1879878015023686,3.897216703737997,34.421766987670885,81.91956131699766,1
DEL_5914,409,11.009439027749803,3,14,2,19,0.9969705679903733,0.33863125564907354,11.539955807108061,4.50440286699124,54.23712267833937,1
DEL_5915,187,18.97596569978543,9,19,2,15,0.43361447139887177,0.5049781210858358,5.982975622779274,2.6321789552213932,52.40227556146561,1
DEL_5916,423,32.707672405032774,19,48,0,0,0.19306589595925364,0.2647738165740623,1.2096126176292754,8.840120534674394,47.48637099301944,1
DEL_5917,306,36.09281148205801,16,42,1,20,0.17691405463189472,0.19517264736621137,45.83624512516223,7.194017793158947,67.39670927238686,1
DEL_5918,228,23.186679429967533,11,21,1,4,0.25393721204089004,0.6646039890292295,7.032375752752861,2.9740013952377886,56.19125416614224,1
DEL_5919,410,44.391706849725495,29,57,0,14,0.1508646209264721,0.24523335698129978,15.526931126393038,3.08613570231426,61.90401539659179,1
DEL_5920,102,23.697202851316145,19,27,1,12,0.218130934680998,0.36499727105235336,29.7350240262949,13.927390527297504,53.63553540480887,1
DEL_5921,341,23.124926045674993,20,26,1,4,0.14345222879319156,0.2817675871283809,12.07742668078309,4.67958917080162,48.749532436402376,1
DEL_5922,220,6.629326766932323,8,7,0,17,0.8128647819000974,0.22250755264002428,18.716479433190745,51.248554114196644,46.975586550232805,1
DEL_5923,484,29.801360128763022,19,33,0,19,0.8793959819549033,0.7703798015150816,23.02931085555444,4.106499187001504,87.23939434293453,1
DEL_5924,201,36.89063773303573,23,44,2,4,0.24326904035619443,0.4170083253025347,7.207948531014055,9.525939081750778,67.99201907771727,1
DEL_5925,137,10.149717358258165,2,14,2,15,0.10186545738905653,0.5335852167002698,14.864261468504354,0.9112288375035009,33.345002713269025,1
DEL_5926,440,18.744474473954188,7,22,1,10,0.37853371771954547,0.6512005620812378,3.45929046719691,9.287719373245556,63.90568908592832,1
DEL_5927,232,40.156562920228346,23,45,0,10,0.44597077360899784,0.16103318856120724,0.8538969350832296,7.407784073678428,54.530892544810435,1
DEL_5928,301,21.466374593610894,19,26,2,21,0.2956580911847966,0.11201226411247481,64.82889232107213,5.15735169235666,60.21518028730299,1
DEL_5929,447,15.872110791801795,7,20,0,22,0.24849995066091182,0.5576660829209135,1.4576558723279378,6.737524400436579,32.84227395093005,1
DEL_5930,120,35.24902986043005,21,53,1,2,0.34531889974025176,0.13827594861576278,8.398200032539298,2.3589928635439996,58.49205239141408,1
DEL_5931,341,13.854144995224503,2,23,1,18,0.7036002927720874,0.12087207899564863,1.0467686784537678,20.59295960400056,51.37370596921077,1
DEL_5932,208,45.304381381242955,25,57,0,9,0.9007358244658499,0.5480613302821638,38.40083032490988,30.580628771300812,106.56062959768076,1
DEL_5933,402,9.751927821176343,5,15,1,1,0.46664857439248075,0.26573236829642904,1.7343817396182155,21.804662137784245,43.863010942702445,1
DEL_5934,183,36.794741102727215,14,53,2,16,0.7248945942776386,0.13571864134916894,23.16228628800472,19.609122234347385,85.96841840668792,1
DEL_5935,182,27.479691557886884,12,24,1,2,0.26433347010315633,0.5857667436427126,18.868419083274865,9.53908166909389,48.67025792427104,1
DEL_5936,390,44.14683030786471,18,59,2,2,0.5213553322226717,0.49853440351717204,0.6913181685584613,4.87124303996127,78.93136410095316,1
DEL_5937,168,10.678779096180648,4,14,0,7,0.8954562942820695,0.02121109221683632,19.162604019502428,2.2639860427245733,50.037947745186536,1
DEL_5938,228,35.50527133232396,18,39,2,15,0.24853711149691596,0.37179216354486344,52.25735415012459,20.56065450603949,73.92586770216876,1
DEL_5939,295,30.742458763162166,10,24,1,11,0.23135959364392603,0.15852038053856324,11.04103665155768,0.5332071235498563,37.459844267655484,1
DEL_5940,239,26.60405640080209,19,32,1,21,0.4520528798644602,0.47238327425730947,5.126839090241591,2.3962410170068535,58.27630195002167,1
DEL_5941,382,27.113326854470078,9,25,0,18,0.8728564981180533,0.5157480531549599,11.810968280804293,6.164601986998356,60.153276805225545,1
DEL_5942,411,37.48896328093389,17,46,2,0,0.35520871106945506,0.23738458857129643,1.934702886406874,2.59732948255664,57.75869009049833,1
DEL_5943,333,47.198374472066995,26,56,2,18,0.7394459498603636,0.2718174991967727,46.84060310931036,10.495870694451384,105.87871576641116,1
DEL_5944,122,9.106324660357163,6,13,1,3,0.17315751226783618,0.37999336431044756,6.8197841578254055,15.455565539170713,29.836824531437426,0
DEL_5945,252,5.87761914247341,2,5,1,16,0.8725453625616248,0.42179143698274374,9.159765450036854,28.774688715995705,56.541590558901085,1
DEL_5946,376,41.256715661654155,25,61,2,18,0.9536137095896817,0.473322808472557,7.6972917176590885,2.8354015096735834,98.12613286083226,1
DEL_5947,160,9.86762243978417,3,7,2,3,0.12632797100905743,0.04526232048884029,0.42372331378978495,3.9356232282698107,16.334901450174748,0
DEL_5948,418,49.40135582361907,31,86,2,14,0.126842267067892,0.3730642871655619,0.5243605968027882,15.13630840753634,80.8356202373161,1
DEL_5949,477,32.87067120314768,9,36,1,6,0.3458940865428861,0.2869193771068494,12.395775567471848,2.9361482722384946,49.62992007567651,1
DEL_5950,151,34.28898778643633,15,46,0,19,0.7542452028705313,0.2922921688235497,10.467105416707732,5.810629154599215,75.7098019428947,1
DEL_5951,443,13.950126632210782,7,17,0,16,0.8385131943429571,0.3388642573778535,64.57103049854665,16.80289624981808,77.78514603739143,1
DEL_5952,252,15.81405396335035,8,21,0,21,0.41627320200971873,0.16862803214539296,4.58229758891609,5.656204336551415,37.05899086444861,1
DEL_5953,336,34.67076363946626,18,39,1,8,0.7015018170028787,0.5365644026910273,6.89432938334046,1.898295372918887,71.37326951229007,1
DEL_5954,410,45.93770770703886,22,65,1,6,0.2119009430308317,0.2321954063591534,66.17152124830804,3.7676433152890896,75.7555096551266,1
DEL_5955,401,49.2075749532905,22,65,1,3,0.10755006103825501,0.286824729453819,0.7360051721205683,1.0118153588359158,49.19361334852629,1
DEL_5956,131,13.911392598399214,9,11,2,16,0.9778637308080551,0.5246338927868556,15.434967043594781,13.456522929823283,62.340297454275,1
DEL_5957,154,11.035383021940557,6,14,2,14,0.4001661177957454,0.20898465500799732,1.6078608058174297,0.5629372658798768,31.54701914384753,1
DEL_5958,451,7.538061099235572,3,11,1,22,0.4294201018699916,0.2900084980619086,43.89274130268266,10.241336611762625,44.774384413511875,1
DEL_5959,488,44.073365817259756,21,55,0,8,0.7972204582554815,0.6410631824540489,5.0970164032741865,35.9610421088416,114.08074794887305,1
DEL_5960,135,18.262168108541093,8,18,0,15,0.17658116005387278,0.27907906873062377,25.238005523978792,23.582518367119057,38.36443642048593,1
DEL_5961,209,5.081541524116325,2,4,2,5,0.5556071570011133,0.25577060385706185,36.33008249279597,0.90885817436803,37.997772994642716,1
DEL_5962,276,15.071813872539298,7,15,1,16,0.8509607869200361,0.04188878920759744,28.16132043217927,15.041447584155417,52.899824240383666,1
DEL_5963,461,20.31984860447383,15,21,1,6,0.48400371094435357,0.19289970718839244,12.209466064301251,14.057922057882106,50.52067366062426,1
DEL_5964,413,49.59437762735084,22,57,0,16,0.8115746472060221,0.16245206627311334,54.41201067368638,4.2524730727704085,89.7128341932912,1
DEL_5965,394,28.559371723568674,12,38,1,13,0.33528435621267094,0.12268752485376935,16.93323518958016,1.3892765691936724,53.97032118032364,1
DEL_5966,435,14.212127641779558,6,14,1,14,0.3607605886929013,0.26210806395861674,23.136935501204494,23.095821459294513,49.33984353195077,1
DEL_5967,196,20.066825512105297,5,27,1,19,0.7611026847471614,0.39565405253678076,4.198110800554647,9.697434956287223,57.96796970700822,1
DEL_5968,468,19.86384594005953,8,19,2,20,0.410759467497663,0.13398475459063558,8.12889365694049,14.384327126706282,44.349071238278995,1
DEL_5969,312,5.8876585908428964,4,9,1,17,0.9899381011987345,0.1527768267228246,13.676522350633968,7.34554233135046,56.59273286832478,1
DEL_5970,416,11.083237437714352,5,13,1,18,0.7010264814577031,0.49019497441403054,2.364060791735487,3.0178660758099145,35.25346419771943,1
DEL_5971,236,36.2838406866445,27,44,0,17,0.7511643702725471,0.07237993053014374,50.60163789015386,3.6189126094723627,80.35987862532697,1
DEL_5972,105,10.411294395683058,5,18,0,13,0.2422649966957536,0.377883600196061,1.7430798712440572,9.18413984775318,30.01628711358762,1
DEL_5973,208,15.383042447275345,6,21,1,19,0.7115020253995432,0.13413981085001891,19.799754587054743,3.2074068553585384,52.5567153645863,1
DEL_5974,134,20.783178428193896,14,24,0,22,0.250208345358785,0.2427291498363596,0.8965350558640592,6.10344934503103,40.75787671284688,1
DEL_5975,138,39.098072502603216,18,50,1,4,0.26346819981133973,0.5539372872744767,1.6244771112904888,0.9278127946478458,52.696781066532694,1
DEL_5976,249,31.20804341905729,15,42,2,6,0.1639297545188003,0.5236896643571417,14.645925861847688,64.85715473882443,72.94111536887448,1
DEL_5977,217,36.004999324485574,15,45,1,11,0.45407255119392487,0.2684597093304138,9.035419498200255,11.506727260568116,55.811896499075814,1
DEL_5978,360,30.51555464390775,21,36,0,16,0.7731715272967477,0.10092031435590251,0.05475860883203275,1.8946843927574966,66.51867206246268,1
DEL_5979,186,35.76165913498411,19,58,2,18,0.7302022023491466,0.16868386595169627,7.5048623637378284,1.6726390323774212,79.87061544208856,1
DEL_5980,175,5.12789691487876,3,8,2,15,0.5965000470149966,0.1424385494602408,4.317034164346747,7.923159192518355,40.667965894306974,1
DEL_5981,412,46.89041649671432,18,44,2,1,0.42750553658288215,0.2679583229123617,30.78725235373065,0.3009303134749941,80.64829069760655,1
DEL_5982,482,9.991410389366294,3,12,1,11,0.451592693352885,0.28437172600397476,18.469552384276998,6.373099660120239,40.03733439151943,1
DEL_5983,313,23.281209318960716,16,25,1,16,0.9475672931354606,0.5485705832475553,20.06255173586908,34.78664503955709,80.01506031023261,1
DEL_5984,384,39.69672666101847,17,44,1,20,0.37578737029310805,0.5505672567119367,45.22346947021606,20.803681282450793,78.97419710905186,1
DEL_5985,338,24.585382310424077,9,24,2,2,0.11001113328913961,0.14315621357479025,18.560856097949376,31.904117697890307,59.81513609620475,1
DEL_5986,264,47.607914825038215,25,75,0,7,0.805121786232148,0.198871677217696,2.625510185118447,1.4134243858856508,78.87037164851546,1
DEL_5987,186,26.041502682444502,15,28,1,4,0.5553703795827993,0.1223289046736828,41.5437814100844,5.559871850519127,61.693891580545476,1
DEL_5988,240,44.37227325212021,17,65,2,20,0.1611319888319446,0.00277733178889609,1.8004756406651676,9.716104349074918,64.3634483740492,1
DEL_5989,259,41.48726510130219,30,46,2,22,0.4978152394035781,0.32209126281804895,3.2091914583019143,15.287115232142039,93.78697612367174,1
DEL_5990,145,49.14438362594074,29,58,2,23,0.3671535039318008,0.11417554575927825,5.035128085971107,5.979952864721168,74.50253157141677,1
DEL_5991,471,46.69465013379389,23,67,2,16,0.7278128190715171,0.553497079745466,2.8874080760332013,4.609441502879799,88.47402714441472,1
DEL_5992,211,45.41557256207954,27,50,2,20,0.5604420338471606,0.26801107710162825,0.27736865658110144,4.367238325675057,86.27877964076819,1
DEL_5993,144,37.92219532337607,14,46,1,13,0.10868545103685032,0.08315430145023983,9.21936705267036,18.696642928575926,59.166594851256015,1
DEL_5994,346,21.514916627069933,8,24,1,22,0.23702927915899832,0.4127327622282951,17.46975773976376,5.771728663215964,33.92443562204326,1
DEL_5995,203,9.77564383542061,4,14,1,13,0.5431249152631057,0.050793467184294054,8.20268010195129,0.19736753158618128,38.96855977712284,1
DEL_5996,184,35.98902735189755,29,34,1,3,0.3405072468539344,0.29347538917708893,4.013782932601712,17.6473539345812,62.56301112754029,1
DEL_5997,233,49.039433660208424,28,67,1,14,0.3994609022471697,0.33760821648995065,32.17138975083283,2.1113278224309875,70.48932075714346,1
DEL_5998,207,37.6971996799341,23,46,0,1,0.4748839972672182,0.2777285397655991,7.372719224134932,11.873149955004324,59.26065843245141,1
DEL_5999,117,46.7928216174801,26,45,1,20,0.1739868081116693,0.08734004592742584,27.384283767603502,0.3588922069671751,66.59588223729519,1
